event_id	sample_id	patient_id	tumor_type	oncotree_code	fusion_name	partner_gene	frame_status	target_role	breakpoint_genomic	breakpoint_exon	breakpoint_protein_position	is_intronic_breakpoint	fusion_annotation_crosscheck_protein_position	fusion_annotation_crosscheck_agrees	fusion_annotation_crosscheck_detail	domain_status	domain_retained_fraction	domain_is_truncated	retained_domains	lost_domains	disrupted_domains	source_annotation_text	source_site2_effect_on_frame
EVT-P-0003757-T02-IM6-15	P-0003757-T02-IM6		Head and Neck Cancer	HNSC	ERG-RBBP8	RBBP8	out-of-frame	three_prime	39763571	9	291	True	291	True	exact match	retained	1.0	False	Ets-domain			RBBP8 (NM_002894) - ERG (NM_182918) rearrangement: t(18;21)(q11.2;q22.2)(chr18:g.20594890::chr21:g.39763571) | Protein Fusion: out of frame  {RBBP8:ERG}	NA
EVT-P-0023404-T01-IM6-18	P-0023404-T01-IM6		Prostate Cancer	PRAD	ERG-TMPRSS2	TMPRSS2	out-of-frame	three_prime	39876598	1	1	True	1	True	exact match	retained	1.0	False	Ets-domain			TMPRSS2 (NM_001135099) - ERG (NM_004449) fusion (TMPRSS2 exon 1 fused to ERG exons 4-11): c.56-3420:TMPRSS2_c.40-59054:ERGdel | Protein Fusion: out of frame  {TMPRSS2:ERG}	NA
EVT-P-0008206-T01-IM5-19	P-0008206-T01-IM5		Prostate Cancer	PRAD	ERG-TMPRSS2	TMPRSS2	out-of-frame	three_prime	39906086	1	1	True	1	True	exact match	retained	1.0	False	Ets-domain			TMPRSS2 (NM_001135099) - ERG (NM_004449) fusion (TMPRSS2 exon1 fused with ERG exons 4 to 11): c.56-385:TMPRSS2_c.39+41500:ERGdel | Protein fusion: out of frame (TMPRSS2-ERG)	NA
EVT-P-0008232-T01-IM5-20	P-0008232-T01-IM5		Prostate Cancer	PRAD	ERG-TMPRSS2	TMPRSS2	in-frame	three_prime	39876702	1	1	True	1	True	exact match	retained	1.0	False	Ets-domain			TMPRSS2 (NM_001135099) - ERG (NM_004449) fusion (TMPRSS2 exons 1-2 fused with ERG exons 3-11) : c.126+1087:TMPRSS2_c.40-59158:ERGdel | Protein fusion: in frame (TMPRSS2-ERG)	NA
EVT-P-0001876-T02-IM5-21	P-0001876-T02-IM5		Prostate Cancer	PRAD	ERG-TMPRSS2	TMPRSS2	out-of-frame	three_prime	39810725	3	79	True	79	True	exact match	retained	1.0	False	Ets-domain			TMPRSS2 (NM_001135099) - ERG (NM_182918) fusion (Exon 1 of TMPRSS2 fused to exons 5-10 of ERG): c.236+6602:ERG_c.56-497:TMPRSS2del | Protein fusion: out of frame (TMPRSS2-ERG)	NA
EVT-P-0001876-T03-IM5-22	P-0001876-T03-IM5		Prostate Cancer	PRAD	ERG-TMPRSS2	TMPRSS2	out-of-frame	three_prime	39810725	3	79	True	79	True	exact match	retained	1.0	False	Ets-domain			TMPRSS2 (NM_001135099) - ERG (NM_182918) fusion (Exon 1 of TMPRSS2 fused to exons 5-10 of ERG): c.56-497:TMPRSS2_c.236+6602:ERGdel | Protein fusion: out of frame (TMPRSS2-ERG)	NA
EVT-P-0001698-T01-IM3-24	P-0001698-T01-IM3		Prostate Cancer	PRAD	ERG-TMPRSS2	TMPRSS2	out-of-frame	three_prime	39842569	2	7	True	7	True	exact match	retained	1.0	False	Ets-domain			TMPRSS2 (NM_001135099) - ERG (NM_182918) Deletion (3032220  bp):(TMRPSS2:c.56-4673_ERG:c.19-25025del) | Protein fusion: out of frame (TMPRSS2-ERG)	NA
EVT-P-0002101-T02-IM6-25	P-0002101-T02-IM6		Prostate Cancer	PRAD	ERG-TMPRSS2	TMPRSS2	out-of-frame	three_prime	39896114	1	1	True	1	True	exact match	retained	1.0	False	Ets-domain			TMPRSS2 (NM_001135099) - ERG (NM_004449) fusion (TMPRRS2 exon 1 fused to ERG exons 4-11):c.56-793:TMPRSS2_c.39+51472:ERGdel | Protein Fusion: out of frame  {TMPRSS2:ERG}	NA
EVT-P-0002149-T02-IM3-26	P-0002149-T02-IM3		Prostate Cancer	PRAD	ERG-TMPRSS2	TMPRSS2	in-frame	three_prime	39867805	2	7	True	7	True	exact match	retained	1.0	False	Ets-domain			TMPRSS2 (NM_001135099) - ERG (NM_182918) Deletion :  c.126+1670:TMPRSS2_c.18+2482:ERGdel | Protein fusion: in frame (TMPRSS2-ERG)	NA
EVT-P-0001697-T02-IM3-27	P-0001697-T02-IM3		Prostate Cancer	PRAD	ERG-TMPRSS2	TMPRSS2	out-of-frame	three_prime	39856489	2	7	True	7	True	exact match	retained	1.0	False	Ets-domain			NA | Protein fusion: out of frame (TMPRSS2-ERG)	NA
EVT-P-0002206-T01-IM3-28	P-0002206-T01-IM3		Prostate Cancer	PRAD	ERG-TMPRSS2	TMPRSS2	in-frame	three_prime	39865870	2	7	True	7	True	exact match	retained	1.0	False	Ets-domain			NA | Protein fusion: in frame (TMPRSS2-ERG)	NA
EVT-P-0002296-T01-IM3-29	P-0002296-T01-IM3		Prostate Cancer	PRSCC	ERG-TMPRSS2	TMPRSS2	out-of-frame	three_prime	39867925	2	7	True	7	True	exact match	retained	1.0	False	Ets-domain			TMPRSS2 (NM_001135099) - ERG (NM_182918) Deletion :  c.55+2483:TMPRSS2_c.18+2362:ERGdel | Protein fusion: out of frame (TMPRSS2-ERG)	NA
EVT-P-0002364-T01-IM3-30	P-0002364-T01-IM3		Prostate Cancer	PRAD	ERG-TMPRSS2	TMPRSS2	out-of-frame	three_prime	39926743	1	1	True	1	True	exact match	retained	1.0	False	Ets-domain			NA | Protein fusion: out of frame (TMPRSS2-ERG)	NA
EVT-P-0002372-T02-IM6-31	P-0002372-T02-IM6		Prostate Cancer	PRAD	ERG-TMPRSS2	TMPRSS2	out-of-frame	three_prime	39878470	1	1	True	1	True	exact match	retained	1.0	False	Ets-domain			TMPRSS2 (NM_001135099) - ERG (NM_004449) fusion: c.56-2699:TMPRSS2_c.40-60926:ERGdel | Protein Fusion: out of frame  {TMPRSS2:ERG}	NA
EVT-P-0002375-T01-IM3-32	P-0002375-T01-IM3		Prostate Cancer	PRNE	ERG-TMPRSS2	TMPRSS2	out-of-frame	three_prime	39831667	2	7	True	7	True	exact match	retained	1.0	False	Ets-domain			NA | Protein fusion: out of frame (TMPRSS2-ERG)	NA
EVT-P-0002375-T02-IM6-33	P-0002375-T02-IM6		Prostate Cancer	PRAD	ERG-TMPRSS2	TMPRSS2	out-of-frame	three_prime	39831669	2	7	True	7	True	exact match	retained	1.0	False	Ets-domain			TMPRSS2 (NM_001135099) - ERG (NM_182918) rearrangement: c.56-470:TMPRSS2_c.19-14125:ERGdel | Protein Fusion: out of frame  {TMPRSS2:ERG}	NA
EVT-P-0002397-T01-IM3-34	P-0002397-T01-IM3		Prostate Cancer	PRAD	ERG-TMPRSS2	TMPRSS2	out-of-frame	three_prime	39800725	3	79	True	79	True	exact match	retained	1.0	False	Ets-domain			TMPRSS2 (NM_001135099) - ERG (NM_182918) Deletion :  c.55+2513:TMPRSS2_c.237-5242:ERGdel | Protein fusion: out of frame (TMPRSS2-ERG)	NA
EVT-P-0002880-T01-IM3-35	P-0002880-T01-IM3		Prostate Cancer	PRAD	ERG-TMPRSS2	TMPRSS2	in-frame	three_prime	39859355	2	7	True	7	True	exact match	retained	1.0	False	Ets-domain			NA | Protein fusion: in frame (TMPRSS2-ERG)	NA
EVT-P-0002894-T01-IM3-36	P-0002894-T01-IM3		Prostate Cancer	PRAD	ERG-TMPRSS2	TMPRSS2	in-frame	three_prime	39879331	1	1	True	1	True	exact match	retained	1.0	False	Ets-domain			NA | Protein fusion: in frame (TMPRSS2-ERG)	NA
EVT-P-0002895-T01-IM3-37	P-0002895-T01-IM3		Prostate Cancer	PRAD	ERG-TMPRSS2	TMPRSS2	out-of-frame	three_prime	39861416	2	7	True	7	True	exact match	retained	1.0	False	Ets-domain			NA | Protein fusion: out of frame (TMPRSS2-ERG)	NA
EVT-P-0002901-T01-IM3-38	P-0002901-T01-IM3		Prostate Cancer	PRAD	ERG-TMPRSS2	TMPRSS2	in-frame	three_prime	39866331	2	7	True	7	True	exact match	retained	1.0	False	Ets-domain			NA | Protein fusion: in frame (TMPRSS2-ERG)	NA
EVT-P-0002971-T02-IM5-39	P-0002971-T02-IM5		Prostate Cancer	PRAD	ERG-TMPRSS2	TMPRSS2	out-of-frame	three_prime	39919820	1	1	True	1	True	exact match	retained	1.0	False	Ets-domain			TMPRSS2 (NM_001135099) - ERG (NM_001136154) Fusion  (TMPRSS2 exon 2 fused to ERG exon 4):  c.127-1520:TMPRSS2_c.39+27766:ERGdel | Protein fusion: out of frame (TMPRSS2-ERG)	NA
EVT-P-0002990-T01-IM3-40	P-0002990-T01-IM3		Prostate Cancer	PRAD	ERG-TMPRSS2	TMPRSS2	in-frame	three_prime	39880577	1	1	True	1	True	exact match	retained	1.0	False	Ets-domain			NA | Protein fusion: in frame (TMPRSS2-ERG)	NA
EVT-P-0002990-T02-IM5-41	P-0002990-T02-IM5		Prostate Cancer	PRAD	ERG-TMPRSS2	TMPRSS2	in-frame	three_prime	39880577	1	1	True	1	True	exact match	retained	1.0	False	Ets-domain			TMPRSS2 (NM_001135099) - ERG (NM_004449) fusion (TMPRSS2 exons 1-2 with ERG exons 4-11) : :TMPRSS2_:c.40-63033:ERGdel | Protein fusion: in frame (TMPRSS2-ERG)	NA
EVT-P-0002990-T03-IM6-42	P-0002990-T03-IM6		Prostate Cancer	PRAD	ERG-TMPRSS2	TMPRSS2	in-frame	three_prime	39880577	1	1	True	1	True	exact match	retained	1.0	False	Ets-domain			TMPRSS2 (NM_001135099) -  ERG (NM_004449) Fusion (TMPRSS2 exons 1 to 2 fused to ERG exons 4 to 10) : c.126+879:TMPRSS2_c.40-63033:ERGdel | Protein fusion: in frame (TMPRSS2-ERG)	NA
EVT-P-0003023-T01-IM3-44	P-0003023-T01-IM3		Prostate Cancer	PRAD	ERG-TMPRSS2	TMPRSS2	out-of-frame	three_prime	39859274	2	7	True	7	True	exact match	retained	1.0	False	Ets-domain			NA | Protein fusion: out of frame (TMPRSS2-ERG)	NA
EVT-P-0003052-T01-IM5-45	P-0003052-T01-IM5		Prostate Cancer	PRAD	ERG-TMPRSS2	TMPRSS2	out-of-frame	three_prime	39875748	1	1	True	1	True	exact match	retained	1.0	False	Ets-domain			NA | Protein fusion: out of frame (TMPRSS2-ERG)	NA
EVT-P-0003052-T02-IM6-46	P-0003052-T02-IM6		Prostate Cancer	PRAD	ERG-TMPRSS2	TMPRSS2	out-of-frame	three_prime	39875748	1	1	True	1	True	exact match	retained	1.0	False	Ets-domain			TMPRSS2 (NM_001135099) - ERG (NM_004449) Fusion (TMPRSS2 exons 1-3 fused with ERG exons 4-11): c.56-1945:TMPRSS2_c.40-58204:ERGdel | Protein Fusion: out of frame  {TMPRSS2:ERG}	NA
EVT-P-0003139-T01-IM5-47	P-0003139-T01-IM5		Prostate Cancer	PRAD	ERG-TMPRSS2	TMPRSS2	unknown	three_prime	39876764	1	1	True	1	True	exact match	retained	1.0	False	Ets-domain			NA | Protein fusion: mid-exon (TMPRSS2-ERG)	NA
EVT-P-0003139-T02-IM5-48	P-0003139-T02-IM5		Prostate Cancer	PRAD	ERG-TMPRSS2	TMPRSS2	unknown	three_prime	39876764	1	1	True	1	True	exact match	retained	1.0	False	Ets-domain			TMPRSS2 (NM_001135099) - ERG (NM_004449) fusion (TMPRSS2 exons 1-3 with ERG exons 4-10) : c.264:TMPRSS2_c.40-59220:ERGdel | Protein fusion: mid-exon (TMPRSS2-ERG)	NA
EVT-P-0003226-T01-IM5-49	P-0003226-T01-IM5		Prostate Cancer	PRAD	ERG-TMPRSS2	TMPRSS2	out-of-frame	three_prime	39880933	1	1	True	1	True	exact match	retained	1.0	False	Ets-domain			NA | Protein fusion: out of frame (TMPRSS2-ERG)	NA
EVT-P-0003419-T02-IM5-51	P-0003419-T02-IM5		Prostate Cancer	PRAD	ERG-TMPRSS2	TMPRSS2	out-of-frame	three_prime	39875828	1	1	True	1	True	exact match	retained	1.0	False	Ets-domain			c.40-58284:ERG_c.55+1883:TMPRSS2del | Protein fusion: out of frame (TMPRSS2-ERG)	NA
EVT-P-0003511-T01-IM5-52	P-0003511-T01-IM5		Prostate Cancer	PRAD	ERG-TMPRSS2	TMPRSS2	out-of-frame	three_prime	39895178	1	1	True	1	True	exact match	retained	1.0	False	Ets-domain			NA | Protein fusion: out of frame (TMPRSS2-ERG)	NA
EVT-P-0003511-T02-IM5-53	P-0003511-T02-IM5		Prostate Cancer	PRAD	ERG-TMPRSS2	TMPRSS2	out-of-frame	three_prime	39895178	1	1	True	1	True	exact match	retained	1.0	False	Ets-domain			TMPRSS2 (NM_001135099) - ERG (NM_182918) fusion (TMPRSS2 exon1 with ERG exons 4-11): c.39+52408:ERG_c.55+1182:TMPRSS2del | Protein fusion: out of frame (TMPRSS2-ERG)	NA
EVT-P-0003511-T03-IM5-54	P-0003511-T03-IM5		Prostate Cancer	PRAD	ERG-TMPRSS2	TMPRSS2	out-of-frame	three_prime	39895178	1	1	True	1	True	exact match	retained	1.0	False	Ets-domain			TMPRSS2 (NM_001135099) - ERG (NM_182918) fusion (TMPRSS2 exon1 with ERG exons 4-11): c.39+52408:ERG_c.55+1182:TMPRSS2del | Protein fusion: out of frame (TMPRSS2-ERG)	NA
EVT-P-0003535-T01-IM5-55	P-0003535-T01-IM5		Prostate Cancer	PRAD	ERG-TMPRSS2	TMPRSS2	out-of-frame	three_prime	39886811	1	1	True	1	True	exact match	retained	1.0	False	Ets-domain			TMPRSS2 (NM_001135099) - ERG (NM_001136154) fusion : c.56-3669:TMPRSS2_c.39+60775:ERGdel | Protein fusion: out of frame (TMPRSS2-ERG)	NA
EVT-P-0003541-T01-IM5-56	P-0003541-T01-IM5		Prostate Cancer	PRAD	ERG-TMPRSS2	TMPRSS2	in-frame	three_prime	39862198	2	7	True	7	True	exact match	retained	1.0	False	Ets-domain			TMPRSS2 (NM_001135099) - ERG (NM_001136154) fusion : c.127-1068:TMPRSS2_c.40-44654:ERGdel | Protein fusion: in frame (TMPRSS2-ERG)	NA
EVT-P-0003592-T01-IM5-57	P-0003592-T01-IM5		Prostate Cancer	PRAD	ERG-TMPRSS2	TMPRSS2	in-frame	three_prime	39834423	2	7	True	7	True	exact match	retained	1.0	False	Ets-domain			TMPRSS2 (NM_001135099) - ERG (NM_001243428) fusion: c.127-55:TMPRSS2_c.40-16879:ERGdel | Protein fusion: in frame (TMPRSS2-ERG)	NA
EVT-P-0003592-T02-IM5-58	P-0003592-T02-IM5		Prostate Cancer	PRAD	ERG-TMPRSS2	TMPRSS2	in-frame	three_prime	39834423	2	7	True	7	True	exact match	retained	1.0	False	Ets-domain			TMPRSS2 (NM_001135099) - ERG (NM_182918) Fusion (TMPRSS2 exon 2 fused to ERG exon 4 ) :  c.127-55:TMPRSS2_c.19-16879:ERGdel | Protein fusion: in frame (TMPRSS2-ERG)	NA
EVT-P-0003597-T01-IM5-59	P-0003597-T01-IM5		Prostate Cancer	PRAD	ERG-TMPRSS2	TMPRSS2	out-of-frame	three_prime	39858593	2	7	True	7	True	exact match	retained	1.0	False	Ets-domain			TMPRSS2 (NM_001135099) - ERG (NM_182918) fusion: c.56-1878:TMPRSS2_c.18+11694:ERGdel | Protein fusion: out of frame (TMPRSS2-ERG)	NA
EVT-P-0003597-T02-IM5-60	P-0003597-T02-IM5		Prostate Cancer	PRAD	ERG-TMPRSS2	TMPRSS2	out-of-frame	three_prime	39858593	2	7	True	7	True	exact match	retained	1.0	False	Ets-domain			TMPRSS2 (NM_001135099) - ERG (NM_182918) fusion: c.56-1878:TMPRSS2_c.18+11694:ERGdel | Protein fusion: out of frame (TMPRSS2-ERG)	NA
EVT-P-0003602-T01-IM5-61	P-0003602-T01-IM5		Prostate Cancer	PRAD	ERG-TMPRSS2	TMPRSS2	out-of-frame	three_prime	39926326	1	1	True	1	True	exact match	retained	1.0	False	Ets-domain			c.55+3496:TMPRSS2_c.39+21260:ERGdel | Protein fusion: out of frame (TMPRSS2-ERG)	NA
EVT-P-0003619-T01-IM5-62	P-0003619-T01-IM5		Prostate Cancer	PRAD	ERG-TMPRSS2	TMPRSS2	in-frame	three_prime	39903882	1	1	True	1	True	exact match	retained	1.0	False	Ets-domain			TMPRSS2 (NM_001135099) - ERG (NM_004449) Fusion (TMPRSS2 exon2 with ERG exons 4-11)  : c.126+467:TMPRSS2_c.39+43704:ERGdel | Protein fusion: in frame (TMPRSS2-ERG)	NA
EVT-P-0003626-T01-IM5-63	P-0003626-T01-IM5		Prostate Cancer	PRAD	ERG-TMPRSS2	TMPRSS2	in-frame	three_prime	39879241	1	1	True	1	True	exact match	retained	1.0	False	Ets-domain			TMPRSS2 (NM_001135099) - ERG (NM_004449) fusion (TMPRSS2 exon 3 fuses with ERG exons 4-10): c.127-643:ERG_c.40-61697:TMPRSS2del | Protein fusion: in frame (TMPRSS2-ERG)	NA
EVT-P-0003678-T02-IM6-64	P-0003678-T02-IM6		Prostate Cancer	PRAD	ERG-TMPRSS2	TMPRSS2	in-frame	three_prime	39878784	1	1	True	1	True	exact match	retained	1.0	False	Ets-domain			(NM_004449) Fusion (TMPRSS2 exon2 fused with ERG exon4) : c.127-714:TMPRSS2_c.40-61240:ERGdel | Protein Fusion: in frame  {TMPRSS2:ERG}	NA
EVT-P-0003689-T01-IM5-65	P-0003689-T01-IM5		Prostate Cancer	PRAD	ERG-TMPRSS2	TMPRSS2	out-of-frame	three_prime	39869571	2	7	True	7	True	exact match	retained	1.0	False	Ets-domain			c.55+2193:TMPRSS2_c.18+716:ERGdel | Protein fusion: out of frame (TMPRSS2-ERG)	NA
EVT-P-0001319-T05-IM5-66	P-0001319-T05-IM5		Prostate Cancer	PRAD	ERG-TMPRSS2	TMPRSS2	out-of-frame	three_prime	39878050	1	1	True	1	True	exact match	retained	1.0	False	Ets-domain			TMPRSS2 (NM_001135099) - ERG (NM_004449)  fusion (TMPRSS2 exon 1  fused with ERG exons 4-11): c.55+746:TMPRSS2_c.40-60506:ERGdel | Protein fusion: out of frame (TMPRSS2-ERG)	NA
EVT-P-0003758-T01-IM5-67	P-0003758-T01-IM5		Prostate Cancer	PRSCC	ERG-TMPRSS2	TMPRSS2	out-of-frame	three_prime	39902170	1	1	True	1	True	exact match	retained	1.0	False	Ets-domain			c.56-3490:TMPRSS2_c.39+45416:ERGdel | Protein fusion: out of frame (TMPRSS2-ERG)	NA
EVT-P-0003908-T01-IM3-68	P-0003908-T01-IM3		Prostate Cancer	PRAD	ERG-TMPRSS2	TMPRSS2	in-frame	three_prime	39934598	1	1	True	1	True	exact match	retained	1.0	False	Ets-domain			NA | Protein fusion: in frame (TMPRSS2-ERG)	NA
EVT-P-0003971-T02-IM5-69	P-0003971-T02-IM5		Prostate Cancer	PRAD	ERG-TMPRSS2	TMPRSS2	out-of-frame	three_prime	39833695	2	7	True	7	True	exact match	retained	1.0	False	Ets-domain			TMPRSS2 (NM_001135099) - ERG (NM_182918) fusion (TMPRSS2 exon 1 fuses with ERG exons 4-10): c.55+4079:TMPRSS2_c.19-16151:ERGdel | Protein fusion: out of frame (TMPRSS2-ERG)	NA
EVT-P-0004221-T01-IM5-70	P-0004221-T01-IM5		Prostate Cancer	PRAD	ERG-TMPRSS2	TMPRSS2	out-of-frame	three_prime	39803847	3	79	True	79	True	exact match	retained	1.0	False	Ets-domain			TMPRSS2 (NM_001135099) - ERG (NM_182918) Fusion  (TMPRSS2 exon 2 fused to ERG exon 3):  c.127-1520:TMPRSS2_c.237-8364:ERGdel | Protein fusion: out of frame (TMPRSS2-ERG)	NA
EVT-P-0004283-T01-IM5-71	P-0004283-T01-IM5		Prostate Cancer	PRAD	ERG-TMPRSS2	TMPRSS2	out-of-frame	three_prime	39862341	2	7	True	7	True	exact match	retained	1.0	False	Ets-domain			TMPRSS2 (NM_001135099) - ERG (NM_182918) fusion (TMPRSS2 exon1 with ERG exons 2-10) : c.55+4621:TMPRSS2_c.18+7946:ERGdel | Protein fusion: out of frame (TMPRSS2-ERG)	NA
EVT-P-0004285-T01-IM5-72	P-0004285-T01-IM5		Prostate Cancer	PRAD	ERG-TMPRSS2	TMPRSS2	out-of-frame	three_prime	39860128	2	7	True	7	True	exact match	retained	1.0	False	Ets-domain			TMPRSS2 (NM_001135099) - ERG (NM_182918) fusion (TMPRSS2 exon1 with ERG exons 2-10) : c.56-2530:TMPRSS2_c.18+10159:ERGdel | Protein fusion: out of frame (TMPRSS2-ERG)	NA
EVT-P-0004297-T02-IM5-73	P-0004297-T02-IM5		Prostate Cancer	PRAD	ERG-TMPRSS2	TMPRSS2	in-frame	three_prime	39871171	1	1	True	1	True	exact match	retained	1.0	False	Ets-domain			TMPRSS2 (NM_001135099) - ERG (NM_182918) fusion (TMPRSS2 exons 1-2 fused in frame with ERG exons 4-10): c.126+619:TMPRSS2_c.-867:ERGdel | Protein fusion: in frame (TMPRSS2-ERG)	NA
EVT-P-0004345-T01-IM5-74	P-0004345-T01-IM5		Prostate Cancer	PRAD	ERG-TMPRSS2	TMPRSS2	out-of-frame	three_prime	39863561	2	7	True	7	True	exact match	retained	1.0	False	Ets-domain			TMPRSS2 (NM_001135099) - ERG (NM_182918) fusion (TMPRSS2 exon 1 fused with ERG exons 2-10) : c.56-651:TMPRSS2_c.18+6726:ERGdel | Protein fusion: out of frame (TMPRSS2-ERG)	NA
EVT-P-0004532-T01-IM5-75	P-0004532-T01-IM5		Prostate Cancer	PRAD	ERG-TMPRSS2	TMPRSS2	in-frame	three_prime	39884321	1	1	True	1	True	exact match	retained	1.0	False	Ets-domain			TMPRSS2-ERG Fusion (TMPRSS2 exon 2 fused to ERG exon 4) :  c.126+104:TMPRSS2_c.39+63265:ERGdel | Protein fusion: in frame (TMPRSS2-ERG)	NA
EVT-P-0004539-T01-IM5-76	P-0004539-T01-IM5		Prostate Cancer	PRAD	ERG-TMPRSS2	TMPRSS2	out-of-frame	three_prime	39867904	2	7	True	7	True	exact match	retained	1.0	False	Ets-domain			TMPRSS2 (NM_001135099) - ERG (NM_004449) fusion (TMPRSS2 exon 1 fuses with ERG exons 2-10): c.55+2908:TMPRSS2_c.40-50360:ERGdel | Protein fusion: out of frame (TMPRSS2-ERG)	NA
EVT-P-0004816-T01-IM5-77	P-0004816-T01-IM5		Prostate Cancer	PRAD	ERG-TMPRSS2	TMPRSS2	out-of-frame	three_prime	39865199	2	7	True	7	True	exact match	retained	1.0	False	Ets-domain			TMPRSS2 (NM_001135099) - ERG (NM_004449) fusion (TMPRSS2 exon 1 fuses with ERG exons 2-10): c.56-3787:TMPRSS2_c.39+54953:ERGdel. | Protein fusion: out of frame (TMPRSS2-ERG)	NA
EVT-P-0004826-T01-IM5-78	P-0004826-T01-IM5		Prostate Cancer	PRAD	ERG-TMPRSS2	TMPRSS2	unknown	three_prime	40015403	1	1	True	1	True	exact match	retained	1.0	False	Ets-domain			TMPRSS2 (NM_001135099) - ERG (NM_004449) fusion (TMPRSS2 exon 1 with ERG exons 2-10) :  c.56-936:TMPRS2_c.-150+18179:ERGdel | Transcript fusion (TMPRSS2-ERG)	NA
EVT-P-0001319-T03-IM5-79	P-0001319-T03-IM5		Prostate Cancer	PRAD	ERG-TMPRSS2	TMPRSS2	out-of-frame	three_prime	39878050	1	1	True	1	True	exact match	retained	1.0	False	Ets-domain			TMPRSS2 (NM_001135099) - ERG (NM_004449) fusion (TMPRSS2 exon 1 fused with ERG exons 4-11) : c.55+746:TMPRSS2_c.40-60506:ERG_del | Protein fusion: out of frame (TMPRSS2-ERG)	NA
EVT-P-0005064-T01-IM5-80	P-0005064-T01-IM5		Prostate Cancer	PRSCC	ERG-TMPRSS2	TMPRSS2	out-of-frame	three_prime	39858792	2	7	True	7	True	exact match	retained	1.0	False	Ets-domain			TMPRSS2(NM_001135099) -ERG (NM_182918) Fusion (TMPRSS2 exon1 ERG exon2 ) :  c.56-543:TMPRSS2_c.18+11495:ERGdel | Protein fusion: out of frame (TMPRSS2-ERG)	NA
EVT-P-0005098-T02-IM5-82	P-0005098-T02-IM5		Prostate Cancer	PRAD	ERG-TMPRSS2	TMPRSS2	in-frame	three_prime	39844578	2	7	True	7	True	exact match	retained	1.0	False	Ets-domain			TMPRSS2 (NM_001135099) - ERG (NM_182918) Fusion (TMPRSS2 exons 1-2 fused with ERG exons 2-10 ) :  c.127-1532:TMPRSS2_c.18+25709:ERGdel | Protein fusion: in frame (TMPRSS2-ERG)	NA
EVT-P-0005422-T01-IM5-83	P-0005422-T01-IM5		Prostate Cancer	PRAD	ERG-TMPRSS2	TMPRSS2	out-of-frame	three_prime	39878466	1	1	True	1	True	exact match	retained	1.0	False	Ets-domain			TMPRSS2(NM_001135099) - ERG (NM_004449) Fusion (TMPRSS2 exon1 ERG exon4 ) :  c.55+4168:TMPRSS2_c.40-60922:ERGdel | Protein fusion: out of frame (TMPRSS2-ERG)	NA
EVT-P-0005454-T01-IM5-84	P-0005454-T01-IM5		Prostate Cancer	PRAD	ERG-TMPRSS2	TMPRSS2	out-of-frame	three_prime	39856694	2	7	True	7	True	exact match	retained	1.0	False	Ets-domain			TMPRSS2 (NM_001135099) - ERG (NM_182918) Fusion(TMPRSS2 exon 1 fused to ERG exon2 ) :  c.56-1943:TMPRSS2_c.18+13593:ERGdel | Protein fusion: out of frame (TMPRSS2-ERG)	NA
EVT-P-0005454-T02-IM5-85	P-0005454-T02-IM5		Prostate Cancer	PRAD	ERG-TMPRSS2	TMPRSS2	out-of-frame	three_prime	39856694	2	7	True	7	True	exact match	retained	1.0	False	Ets-domain			TMPRSS2 (NM_001135099) - ERG (NM_182918) fusion: c.56-1943:TMPRSS2_c.18+13593:ERGdel | Protein fusion: out of frame (TMPRSS2-ERG)	NA
EVT-P-0005463-T01-IM5-86	P-0005463-T01-IM5		Prostate Cancer	PRAD	ERG-TMPRSS2	TMPRSS2	in-frame	three_prime	39876650	1	1	True	1	True	exact match	retained	1.0	False	Ets-domain			TMPRSS2 (NM_001135099) - ERG (NM_004449) Fusion (TMPRSS2 exon2 fused to ERG exon 4) : c.127-1566:TMPRSS2 _c.40-59106:ERGdel | Protein fusion: in frame (TMPRSS2-ERG)	NA
EVT-P-0005546-T01-IM5-87	P-0005546-T01-IM5		Prostate Cancer	PRAD	ERG-TMPRSS2	TMPRSS2	in-frame	three_prime	39831655	2	7	True	7	True	exact match	retained	1.0	False	Ets-domain			TMPRSS2 (NM_001135099) - ERG (NM_182918) fusion (TMPRSS2 exons 1-2 and ERG exons 2-10) : c.126+1491:TMPRSS2_c.19-14111:ERGdel | Protein fusion: in frame (TMPRSS2-ERG)	NA
EVT-P-0005557-T01-IM5-88	P-0005557-T01-IM5		Prostate Cancer	PRAD	ERG-TMPRSS2	TMPRSS2	out-of-frame	three_prime	39834483	2	7	True	7	True	exact match	retained	1.0	False	Ets-domain			TMPRSS2 (NM_001135099) - ERG (NM_182918) fusion (TMPRSS2 exon1 with ERG exons 2-10) : c.56-3810:TMPRSS2_c.19-16939:ERGdel | Protein fusion: out of frame (TMPRSS2-ERG)	NA
EVT-P-0005571-T01-IM5-89	P-0005571-T01-IM5		Prostate Cancer	PRAD	ERG-TMPRSS2	TMPRSS2	out-of-frame	three_prime	39876352	1	1	True	1	True	exact match	retained	1.0	False	Ets-domain			TMPRSS2 (NM_001135099) - ERG (NM_182918) Fusion (TMPRSS2 exon1 fused with ERG exon4) : c.55+2350:TMPRSS2_c.40-58808:ERG | Protein fusion: out of frame (TMPRSS2-ERG)	NA
EVT-P-0005636-T01-IM5-91	P-0005636-T01-IM5		Prostate Cancer	PRAD	ERG-TMPRSS2	TMPRSS2	out-of-frame	three_prime	39834655	2	7	True	7	True	exact match	retained	1.0	False	Ets-domain			TMPRSS2 (NM_001135099) - ERG (NM_182918) Fusion (TMPRSS2 exon1 fused with ERG exon2)  :  c.55+4761:TMPRSS2_c.19-17111:ERGdel | Protein fusion: out of frame (TMPRSS2-ERG)	NA
EVT-P-0005636-T02-IM6-92	P-0005636-T02-IM6		Prostate Cancer	PRAD	ERG-TMPRSS2	TMPRSS2	out-of-frame	three_prime	39834655	2	7	True	7	True	exact match	retained	1.0	False	Ets-domain			TMPRSS2 (NM_001135099) - ERG (NM_182918) fusion: c.55+4760:TMPRSS2_c.19-17111:ERGdel | Protein Fusion: out of frame  {TMPRSS2:ERG}	NA
EVT-P-0059191-T01-IM7-93	P-0059191-T01-IM7		Prostate Cancer	PRAD	ERG-TMPRSS2	TMPRSS2	out-of-frame	five_prime	39868045	1	6	True	6	True	exact match	lost	0.0	False		Ets-domain		ERG (NM_182918) - TMPRSS2 (NM_001135099) rearrangement: c.18+2242:ERG_c.350-122:TMPRSS2dup | Protein Fusion: out of frame  {ERG:TMPRSS2}	NA
EVT-P-0005698-T01-IM5-94	P-0005698-T01-IM5		Prostate Cancer	PRAD	ERG-TMPRSS2	TMPRSS2	in-frame	three_prime	39925978	1	1	True	1	True	exact match	retained	1.0	False	Ets-domain			TMPRSS2 (NM_001135099) - ERG (NM_004449) fusion (TMPRSS2 exons 1-2 with ERG exons 4-10) : c.126+396:TMPRSS2_c.39+21608:ERGdel | Protein fusion: in frame (TMPRSS2-ERG)	NA
EVT-P-0005756-T01-IM5-95	P-0005756-T01-IM5		Prostate Cancer	PRAD	ERG-TMPRSS2	TMPRSS2	in-frame	three_prime	39844130	2	7	True	7	True	exact match	retained	1.0	False	Ets-domain			TMPRSS2 (NM_001135099) - ERG (NM_182918) fusion (TMPRSS2 exons 1-2 with ERG exons 2-10) : c.127-1214:TMPRSS2_c.18+26157:ERGdel | Protein fusion: in frame (TMPRSS2-ERG)	NA
EVT-P-0001242-T05-IM6-96	P-0001242-T05-IM6		Prostate Cancer	PRAD	ERG-TMPRSS2	TMPRSS2	in-frame	three_prime	39860331	2	7	True	7	True	exact match	retained	1.0	False	Ets-domain			TMPRSS2 (NM_001135099) - ERG (NM_182918) fusion (TMPRSS2 exon 1-2 with ERG exons 2-10) : c.127-1488:TMPRSS2_c.18+9956:ERGdel | Protein Fusion: in frame  {TMPRSS2:ERG}	NA
EVT-P-0005864-T01-IM5-98	P-0005864-T01-IM5		Prostate Cancer	PRAD	ERG-TMPRSS2	TMPRSS2	out-of-frame	three_prime	39829980	2	7	True	7	True	exact match	retained	1.0	False	Ets-domain			TMPRSS2 (NM_001135099) - ERG (NM_182918) fusion (TMPRSS2 exon1 with ERG exons 4-11):  c.56-4819:TMPRSS2_c.19-12436:ERGdel | Protein fusion: out of frame (TMPRSS2-ERG)	NA
EVT-P-0005953-T01-IM5-99	P-0005953-T01-IM5		Prostate Cancer	PRAD	ERG-TMPRSS2	TMPRSS2	out-of-frame	three_prime	39804588	3	79	True	79	True	exact match	retained	1.0	False	Ets-domain			TMPRSS2 (NM_001135099) -ERG (NM_182918) Fusion (TMPRSS2 exon 1 fused to ERG exons 3 to 10) : c.55+3161:TMPRSS2_c.237-9105:ERGdel | Protein fusion: out of frame (TMPRSS2-ERG)	NA
EVT-P-0005953-T02-IM5-100	P-0005953-T02-IM5		Prostate Cancer	PRSCC	ERG-TMPRSS2	TMPRSS2	out-of-frame	three_prime	39804588	3	79	True	79	True	exact match	retained	1.0	False	Ets-domain			TMPRSS2 (NM_001135099) - ERG (NM_004449) reciprocal fusion (TMPRSS2 exon1 fused with ERG exons 5-11) : c.55+3161:TMPRSS2_c.258-9105:ERGdel | Protein fusion: out of frame (TMPRSS2-ERG)	NA
EVT-P-0005953-T03-IM6-101	P-0005953-T03-IM6		Prostate Cancer	PRAD	ERG-TMPRSS2	TMPRSS2	out-of-frame	three_prime	39804588	3	79	True	79	True	exact match	retained	1.0	False	Ets-domain			TMPRSS2 (NM_001135099) - ERG (NM_182918) fusion (TMPRSS2 exon 1 fused to ERG exons 3-10): c.55+3161:TMPRSS2_c.237-9105:ERGdel | Protein fusion: out of frame (TMPRSS2-ERG)	NA
EVT-P-0006108-T01-IM5-103	P-0006108-T01-IM5		Prostate Cancer	PRAD	ERG-TMPRSS2	TMPRSS2	in-frame	three_prime	39862002	2	7	True	7	True	exact match	retained	1.0	False	Ets-domain			TMPRSS2 (NM_001135099) - ERG (NM_182918) fusion (TMPRSS2 exons 1-2 with ERG exons 2-10) : c.126+300:TMPRSS2_c.18+8285:ERGdel | Protein fusion: in frame (TMPRSS2-ERG)	NA
EVT-P-0006108-T02-IM5-104	P-0006108-T02-IM5		Prostate Cancer	PRAD	ERG-TMPRSS2	TMPRSS2	in-frame	three_prime	39862002	2	7	True	7	True	exact match	retained	1.0	False	Ets-domain			TMPRSS2 (NM_001135099) -ERG (NM_182918) fusion (TMPRSS2 exons 1 and 2 fused with ERG exons 3 to 10) : c.126+300:TMPRSS2_c.18+8285:ERGdel | Protein fusion: in frame (TMPRSS2-ERG)	NA
EVT-P-0006602-T02-IM5-106	P-0006602-T02-IM5		Prostate Cancer	PRAD	ERG-TMPRSS2	TMPRSS2	in-frame	three_prime	39835131	2	7	True	7	True	exact match	retained	1.0	False	Ets-domain			TMPRSS2 (NM_001135099) - ERG (NM_004449) fusion (TMPRSS2 exons 1-2 with ERG exons 4-11) :c.127-567:TMPRSS2_c.40-17587:ERGdel | Protein fusion: in frame (TMPRSS2-ERG)	NA
EVT-P-0006602-T03-IM6-107	P-0006602-T03-IM6		Prostate Cancer	PRAD	ERG-TMPRSS2	TMPRSS2	in-frame	three_prime	39835131	2	7	True	7	True	exact match	retained	1.0	False	Ets-domain			TMPRSS2 (NM_001135099) - ERG (NM_182918) fusion (TMPRSS2 exons 1-2 fused with ERG exons 3-10): c.127-568:TMPRSS2_c.19-17587:ERGdel | Protein Fusion: in frame  {TMPRSS2:ERG}	NA
EVT-P-0052718-T01-IM6-108	P-0052718-T01-IM6		Prostate Cancer	PRAD	ERG-TMPRSS2	TMPRSS2	out-of-frame	five_prime	39838197	1	6	True	6	True	exact match	lost	0.0	False		Ets-domain		ERG (NM_182918) - TMPRSS2 (NM_001135099) rearrangement: c.19-20653:ERG_c.437-148:TMPRSS2dup | Protein Fusion: out of frame  {ERG:TMPRSS2}	NA
EVT-P-0006619-T01-IM5-109	P-0006619-T01-IM5		Prostate Cancer	PRAD	ERG-TMPRSS2	TMPRSS2	in-frame	three_prime	39862160	2	7	True	7	True	exact match	retained	1.0	False	Ets-domain			TMPRSS2 (NM_001135099) - ERG (NM_004449) fusion (TMPRSS2 exons 1-2 with ERG exons 4-11) : c.127-1066:TMPRSS2_c.40-44616:ERGdel | Protein fusion: in frame (TMPRSS2-ERG)	NA
EVT-P-0006815-T01-IM5-111	P-0006815-T01-IM5		Prostate Cancer	PRAD	ERG-TMPRSS2	TMPRSS2	unknown	three_prime	40025577	1	1	True	1	True	exact match	retained	1.0	False	Ets-domain			TMPRSS2 (NM_001135099) -ERG (NM_004449) Fusion (TMPRSS2 exon 1 fused with ERG exon 2) :  c.55+4833:TMPRSS2_c.-150+8005:ERGdel | Transcript fusion (TMPRSS2-ERG)	NA
EVT-P-0006837-T01-IM5-112	P-0006837-T01-IM5		Prostate Cancer	PRAD	ERG-TMPRSS2	TMPRSS2	out-of-frame	three_prime	39873621	1	1	True	1	True	exact match	retained	1.0	False	Ets-domain			TMPRSS2 (NM_001135099) - ERG (NM_004449) Fusion (TMPRSS2 exon 1 fused to ERG exons 4 to 10) : c.55+3696:TMPRSS2:c.40-56077:ERG_del | Protein fusion: out of frame (TMPRSS2-ERG)	NA
EVT-P-0006837-T02-IM5-113	P-0006837-T02-IM5		Prostate Cancer	PRAD	ERG-TMPRSS2	TMPRSS2	out-of-frame	three_prime	39873621	1	1	True	1	True	exact match	retained	1.0	False	Ets-domain			TMPRSS2 (NM_001135099) - ERG (NM_182918) fusion (TMPRSS2 exon 1 fused to ERG exons 1-10): c.55+3696:TMPRSS2_c.-3317:ERGdel | Protein fusion: out of frame (TMPRSS2-ERG)	NA
EVT-P-0006840-T01-IM5-114	P-0006840-T01-IM5		Prostate Cancer	PRAD	ERG-TMPRSS2	TMPRSS2	out-of-frame	three_prime	39885797	1	1	True	1	True	exact match	retained	1.0	False	Ets-domain			TMPRSS2 (NM_001135099) - ERG (NM_004449) Fusion (TMPRSS2 exon 1 fused to ERG exons 4 to 10) : c.55+3696:TMPRSS2:c.39+61789:ERG_del | Protein fusion: out of frame (TMPRSS2-ERG)	NA
EVT-P-0006856-T01-IM5-115	P-0006856-T01-IM5		Prostate Cancer	PRAD	ERG-TMPRSS2	TMPRSS2	out-of-frame	three_prime	39830757	2	7	True	7	True	exact match	retained	1.0	False	Ets-domain			TMPRSS2 (NM_001135099) -ERG (NM_004449) Fusion (TMPRSS2 exon 1 fused with ERG exons 4-11) :  c.56-2091:TMPRSS2_c.40-13213:ERGdel | Protein fusion: out of frame (TMPRSS2-ERG)	NA
EVT-P-0051756-T01-IM6-116	P-0051756-T01-IM6		Prostate Cancer	PRAD	ERG-TMPRSS2	TMPRSS2	out-of-frame	five_prime	39869941	1	6	True	6	True	exact match	lost	0.0	False		Ets-domain		ERG (NM_182918) - TMPRSS2 (NM_001135099) rearrangement: c.18+346:ERG_c.56-1089:TMPRSS2dup | Protein Fusion: out of frame  {ERG:TMPRSS2}	NA
EVT-P-0006905-T01-IM5-117	P-0006905-T01-IM5		Prostate Cancer	PRAD	ERG-TMPRSS2	TMPRSS2	out-of-frame	three_prime	39880373	1	1	True	1	True	exact match	retained	1.0	False	Ets-domain			TMPRSS2 (NM_001135099) - ERG (NM_004449) reciprocal fusion (TMPRSS exon1 fused with ERG exons 4-11) : c.56-1143:TMPRSS2_c.40-62829:ERGdel | Protein fusion: out of frame (TMPRSS2-ERG)	NA
EVT-P-0007025-T01-IM5-118	P-0007025-T01-IM5		Prostate Cancer	PRAD	ERG-TMPRSS2	TMPRSS2	unknown	three_prime	40029375	1	1	True	1	True	exact match	retained	1.0	False	Ets-domain			TMPRSS2 (NM_001135099) - ERG (NM_004449) fusion (TMPRSS2 exon 1 fused with ERG exons 2-11) : c.56-3598:TMPRSS2_c.-150+4207:ERGdel | Transcript fusion (TMPRSS2-ERG)	NA
EVT-P-0007043-T01-IM5-119	P-0007043-T01-IM5		Prostate Cancer	PRAD	ERG-TMPRSS2	TMPRSS2	in-frame	three_prime	39866972	2	7	True	7	True	exact match	retained	1.0	False	Ets-domain			TMPRSS2 (NM_001135099) - ERG (NM_182918) Fusion (TMPRSS2 exon 2 fused with ERG exons 2 to 10) :  c.126+1018:TMPRSS2_c.18+3315:ERGdel | Protein fusion: in frame (TMPRSS2-ERG)	NA
EVT-P-0007043-T02-IM6-120	P-0007043-T02-IM6		Prostate Cancer	PRAD	ERG-TMPRSS2	TMPRSS2	in-frame	three_prime	39866972	2	7	True	7	True	exact match	retained	1.0	False	Ets-domain			TMPRSS2 (NM_001135099) - ERG (NM_182918) fusion (TMPRSS2 exons 1-2 fused to ERG exons  2-10  ): c.126+1017:TMPRSS2_c.18+3315:ERGdel | Protein Fusion: in frame  {TMPRSS2:ERG}	NA
EVT-P-0007307-T01-IM5-122	P-0007307-T01-IM5		Prostate Cancer	PRAD	ERG-TMPRSS2	TMPRSS2	in-frame	three_prime	39844413	2	7	True	7	True	exact match	retained	1.0	False	Ets-domain			TMPRSS2 (NM_001135099) - ERG (NM_182918) fusion (TMPRSS2 exons 1 to 2 fused with ERG exons 2 to 10) :  c.126+159:TMPRSS2_c.18+25874:ERGdel | Protein fusion: in frame (TMPRSS2-ERG)	NA
EVT-P-0007307-T02-IM5-123	P-0007307-T02-IM5		Prostate Cancer	PRAD	ERG-TMPRSS2	TMPRSS2	in-frame	three_prime	39844413	2	7	True	7	True	exact match	retained	1.0	False	Ets-domain			TMPRSS2 (NM_001135099) - ERG (NM_182918) fusion (TMPRSS2 exons1-2 with ERG exon2-10) : c.126+159:TMPRSS2_c.18+25874:ERGdel | Protein fusion: in frame (TMPRSS2-ERG)	NA
EVT-P-0007307-T03-IM6-124	P-0007307-T03-IM6		Prostate Cancer	PRAD	ERG-TMPRSS2	TMPRSS2	in-frame	three_prime	39844414	2	7	True	7	True	exact match	retained	1.0	False	Ets-domain			TMPRSS2 (NM_001135099) - ERG (NM_182918) fusion (TMPRSS2 exon 2 fused to ERG exon2): c.126+145:TMPRSS2_c.18+25873:ERG | Protein Fusion: in frame  {TMPRSS2:ERG}	NA
EVT-P-0007343-T01-IM5-125	P-0007343-T01-IM5		Prostate Cancer	PRAD	ERG-TMPRSS2	TMPRSS2	in-frame	three_prime	39882799	1	1	True	1	True	exact match	retained	1.0	False	Ets-domain			TMPRSS2 (NM_001135099) -ERG (NM_004449) fusion (TMPRSS2 exons 1 and 2 fused with ERG exons 4 to 11) : c.126+663:TMPRSS2_c.39+64787:ERGdel | Protein fusion: in frame (TMPRSS2-ERG)	NA
EVT-P-0007343-T02-IM6-126	P-0007343-T02-IM6		Prostate Cancer	PRAD	ERG-TMPRSS2	TMPRSS2	in-frame	three_prime	39882799	1	1	True	1	True	exact match	retained	1.0	False	Ets-domain			TMPRSS2 (NM_001135099) - ERG (NM_182918) fusion (TMPRSS2 exons 1-2 with ERG exons 4-10): c.126+662TMPRSS2_c.39+64787ERGdel. | Protein Fusion: in frame  {TMPRSS2:ERG}	NA
EVT-P-0001242-T04-IM6-127	P-0001242-T04-IM6		Prostate Cancer	PRAD	ERG-TMPRSS2	TMPRSS2	in-frame	three_prime	39860331	2	7	True	7	True	exact match	retained	1.0	False	Ets-domain			TMPRSS2 (NM_001135099) - ERG (NM_182918) fusion (TMPRSS2 exon 1-2 with ERG exons 2-10) : c.127-1488:TMPRSS2_c.18+9956:ERGdel | Protein Fusion: in frame  {TMPRSS2:ERG}	NA
EVT-P-0007359-T01-IM5-128	P-0007359-T01-IM5		Prostate Cancer	PRAD	ERG-TMPRSS2	TMPRSS2	out-of-frame	three_prime	39873396	1	1	True	1	True	exact match	retained	1.0	False	Ets-domain			TMPRSS2 (NM_001135099) -ERG (NM_182918) fusion (TMPRSS2 exons 1 and 2 fused with ERG exons 1 to 10) : c.56-3620:TMPRSS2_c.40-55852:ERGdel | Protein fusion: out of frame (TMPRSS2-ERG)	NA
EVT-P-0007366-T01-IM5-129	P-0007366-T01-IM5		Prostate Cancer	PRAD	ERG-TMPRSS2	TMPRSS2	out-of-frame	three_prime	39836918	2	7	True	7	True	exact match	retained	1.0	False	Ets-domain			TMPRSS2 (NM_001135099) -ERG (NM_182918) fusion (TMPRSS2 exons 1 and 2 fused with ERG exons 2 to 10) : c.56-2329:TMPRSS2_c.40-19374:ERGdel | Protein fusion: out of frame (TMPRSS2-ERG)	NA
EVT-P-0007416-T01-IM5-130	P-0007416-T01-IM5		Prostate Cancer	PRAD	ERG-TMPRSS2	TMPRSS2	out-of-frame	three_prime	39870315	1	1	True	1	True	exact match	retained	1.0	False	Ets-domain			TMPRSS2 (NM_001135099) -ERG (NM_182918) fusion (TMPRSS2 exons 1 and fused with ERG exons 2 to 10) : c.55+4057:TMPRSS2_c.-11:ERGdel | Protein fusion: out of frame (TMPRSS2-ERG)	NA
EVT-P-0007416-T02-IM5-131	P-0007416-T02-IM5		Prostate Cancer	PRNE	ERG-TMPRSS2	TMPRSS2	out-of-frame	three_prime	39870315	1	1	True	1	True	exact match	retained	1.0	False	Ets-domain			TMPRSS2 (NM_001135099) - ERG (NM_182918) fusion (TMPRSS2 exon1 with ERG exons 1-10): c.55+4057:TMPRSS2_c.-11:ERGdel | Protein fusion: out of frame (TMPRSS2-ERG)	NA
EVT-P-0007538-T01-IM5-132	P-0007538-T01-IM5		Prostate Cancer	PRAD	ERG-TMPRSS2	TMPRSS2	out-of-frame	three_prime	39828183	2	7	True	7	True	exact match	retained	1.0	False	Ets-domain			TMPRSS2 (NM_001135099) - ERG (NM_182918) Fusion (TMPRSS2 exon 1 with ERG exons 2 to 10) : c.55+2904:TMPRSS2_c.19-10639:ERGdel | Protein fusion: out of frame (TMPRSS2-ERG)	NA
EVT-P-0007576-T01-IM5-133	P-0007576-T01-IM5		Prostate Cancer	PRAD	ERG-TMPRSS2	TMPRSS2	in-frame	three_prime	39831774	2	7	True	7	True	exact match	retained	1.0	False	Ets-domain			TMPRSS2 (NM_001135099) - ERG (NM_182918) fusion (TMPRSS2 exons 1-2 fused with ERG exons 2 to 10) :  c.126+462:TMPRSS2_c.19-14230:ERGdel | Protein fusion: in frame (TMPRSS2-ERG)	NA
EVT-P-0007749-T01-IM5-134	P-0007749-T01-IM5		Prostate Cancer	PRAD	ERG-TMPRSS2	TMPRSS2	out-of-frame	three_prime	39872199	1	1	True	1	True	exact match	retained	1.0	False	Ets-domain			TMPRSS2 (NM_001135099) - ERG (NM_004449) fusion (TMPRSS2 exons 1 fused with ERG exons 4 to 10): c.55+4353:TMPRSS2_c.40-54655:ERGdel | Protein fusion: out of frame (TMPRSS2-ERG)	NA
EVT-P-0007770-T01-IM5-135	P-0007770-T01-IM5		Prostate Cancer	PRAD	ERG-TMPRSS2	TMPRSS2	in-frame	three_prime	39911982	1	1	True	1	True	exact match	retained	1.0	False	Ets-domain			TMPRSS2 (NM_001135099)  - ERG (NM_004449) fusion (TMPRSS2 exon 1-2 fused with ERG exons 4-11) : c.126+457:TMPRSS2_c.39+35604:ERGdel | Protein fusion: in frame (TMPRSS2-ERG)	NA
EVT-P-0008077-T01-IM5-136	P-0008077-T01-IM5		Prostate Cancer	PRAD	ERG-TMPRSS2	TMPRSS2	in-frame	three_prime	39883192	1	1	True	1	True	exact match	retained	1.0	False	Ets-domain			TMPRSS2 (NM_001135099) - ERG (NM_004449) fusion (TMPRSS2 exon1 fused with ERG exons 4 to 11): c.127-1765:TMPRSS2_c.39+64394:ERGdel | Protein fusion: in frame (TMPRSS2-ERG)	NA
EVT-P-0008139-T01-IM5-137	P-0008139-T01-IM5		Prostate Cancer	PRAD	ERG-TMPRSS2	TMPRSS2	in-frame	three_prime	39850842	2	7	True	7	True	exact match	retained	1.0	False	Ets-domain			TMPRSS2 (NM_001135099) - ERG (NM_004449) fusion (TMPRSS2 exons 1-2 fused with ERG exons 3-11) : c.127-615:TMPRSS2_c.40-33298:ERGdel | Protein fusion: in frame (TMPRSS2-ERG)	NA
EVT-P-0008139-T02-IM5-138	P-0008139-T02-IM5		Prostate Cancer	PRAD	ERG-TMPRSS2	TMPRSS2	in-frame	three_prime	39850842	2	7	True	7	True	exact match	retained	1.0	False	Ets-domain			TMPRSS2 (NM_001135099) - ERG (NM_004449) fusion (TMPRSS2 exons 1to 2 fused with ERG exons 3 to 11): c.127-615:TMPRSS2_c.40-33298:ERGdel | Protein fusion: in frame (TMPRSS2-ERG)	NA
EVT-P-0008139-T03-IM5-139	P-0008139-T03-IM5		Prostate Cancer	PRAD	ERG-TMPRSS2	TMPRSS2	in-frame	three_prime	39850842	2	7	True	7	True	exact match	retained	1.0	False	Ets-domain			TMPRSS2 (NM_001135099) - ERG (NM_182918) fusion (TMPRSS2 exons 1-2 fused in-frame to ERG exons 2-10): c.127-615:TMPRSS2_c.18+19445:ERGdel | Protein fusion: in frame (TMPRSS2-ERG)	NA
EVT-P-0064796-T01-IM7-140	P-0064796-T01-IM7		Prostate Cancer	PRAD	ERG-TMPRSS2	TMPRSS2	unknown	five_prime	39859529	1	6	True	6	True	exact match	lost	0.0	False		Ets-domain		ERG (NM_182918) - TMPRSS2 (NM_001135099) rearrangement: c.18+10758:ERG_c.1579:TMPRSS2dup | Protein Fusion: mid-exon  {ERG:TMPRSS2}	NA
EVT-P-0001776-T01-IM3-141	P-0001776-T01-IM3		Prostate Cancer	PRAD	ERG-TMPRSS2	TMPRSS2	in-frame	five_prime	39873309	1	1	True			breakpoint lies entirely upstream of the first coding exon (zero coding bases retained on this side); no residue to compare	lost	0.0	False		Ets-domain		NA | Protein fusion: in frame (ERG-TMPRSS2)	NA
EVT-P-0001845-T01-IM3-142	P-0001845-T01-IM3		Prostate Cancer	PRAD	ERG-TMPRSS2	TMPRSS2	in-frame	three_prime	39927500	1	1	True	1	True	exact match	retained	1.0	False	Ets-domain			TMPRSS2 (NM_001135099) - ERG (NM_182918) Deletion (2939631bp):  (TMRPSS2:c.127-626_ERG:c.39+20086del) | Protein fusion: in frame (TMPRSS2-ERG)	NA
EVT-P-0008304-T01-IM5-144	P-0008304-T01-IM5		Prostate Cancer	PRAD	ERG-TMPRSS2	TMPRSS2	out-of-frame	three_prime	39866434	2	7	True	7	True	exact match	retained	1.0	False	Ets-domain			TMPRSS2 (NM_001135099) - ERG (NM_004449) fusion (TMPRSS2 exon1 fused with ERG exons 4-11) : c.56-1145:TMPRSS2_c.40-48890:ERGdel | Protein fusion: out of frame (TMPRSS2-ERG)	NA
EVT-P-0008383-T01-IM5-145	P-0008383-T01-IM5		Prostate Cancer	PRAD	ERG-TMPRSS2	TMPRSS2	out-of-frame	three_prime	39871789	1	1	True	1	True	exact match	retained	1.0	False	Ets-domain			TMPRSS2 (NM_001135099) - ERG (NM_004449) fusion (TMPRSS2 exon 1 fused with ERG exons 4-11) : c.56-4549:TMPRSS2_c.40-54245:ERGdel | Protein fusion: out of frame (TMPRSS2-ERG)	NA
EVT-P-0008441-T01-IM5-146	P-0008441-T01-IM5		Prostate Cancer	PRAD	ERG-TMPRSS2	TMPRSS2	in-frame	three_prime	39886960	1	1	True	1	True	exact match	retained	1.0	False	Ets-domain			TMPRSS2 (NM_001135099) - ERG (NM_004449) fusion (TMPRSS2 exons 1-2 fused with ERG exons 4-11) : c.127-1612:TMPRSS2_c.39+60626:ERGdel | Protein fusion: in frame (TMPRSS2-ERG)	NA
EVT-P-0001242-T03-IM5-147	P-0001242-T03-IM5		Prostate Cancer	PRAD	ERG-TMPRSS2	TMPRSS2	in-frame	three_prime	39860331	2	7	True	7	True	exact match	retained	1.0	False	Ets-domain			TMPRSS2 (NM_001135099) -ERG (NM_182918) Fusion (TMPRSS2 exons 1 to 2 fused with ERG exons 2 to 10)  :  c.127-1487:TMPRSS2_c.18+9956:ERGdel | Protein fusion: in frame (TMPRSS2-ERG)	NA
EVT-P-0008452-T01-IM5-148	P-0008452-T01-IM5		Prostate Cancer	PRAD	ERG-TMPRSS2	TMPRSS2	out-of-frame	three_prime	39902226	1	1	True	1	True	exact match	retained	1.0	False	Ets-domain			TMPRSS2 (NM_001135099) - ERG (NM_004449) fusion (TMPRSS2 exon1 fused with ERG exons 4 to 11): c.56-2582:TMPRSS2_c.39+45360:ERGdel | Protein fusion: out of frame (TMPRSS2-ERG)	NA
EVT-P-0008525-T01-IM5-149	P-0008525-T01-IM5		Prostate Cancer	PRAD	ERG-TMPRSS2	TMPRSS2	in-frame	three_prime	39862262	2	7	True	7	True	exact match	retained	1.0	False	Ets-domain			TMPRSS2 (NM_001135099) - ERG (NM_182918) Fusion (TMPRSS2 exons 1-2 fused with ERG exons 2-11) : c.126+623:TMPRSS2_c.18+8025:ERGdel | Protein fusion: in frame (TMPRSS2-ERG)	NA
EVT-P-0008525-T02-IM6-150	P-0008525-T02-IM6		Prostate Cancer	PRAD	ERG-TMPRSS2	TMPRSS2	in-frame	three_prime	39862262	2	7	True	7	True	exact match	retained	1.0	False	Ets-domain			TMPRSS2 (NM_001135099)  - ERG (NM_182918) fusion (TMPRSS2 exons 1-2 with ERG exons 2-10): c.126+622:TMPRSS2_c.40-44718:ERGdel | Protein Fusion: in frame  {TMPRSS2:ERG}	NA
EVT-P-0008542-T01-IM5-151	P-0008542-T01-IM5		Prostate Cancer	PRAD	ERG-TMPRSS2	TMPRSS2	out-of-frame	three_prime	39824638	2	7	True	7	True	exact match	retained	1.0	False	Ets-domain			TMPRSS2 (NM_001135099) - ERG (NM_182918) Fusion (TMPRSS2 exons 1 fused with ERG exons 2 -10 ) : c.55+4310:TMPRSS2_c.19-7094:ERGdel | Protein fusion: out of frame (TMPRSS2-ERG)	NA
EVT-P-0008591-T01-IM5-152	P-0008591-T01-IM5		Prostate Cancer	PRAD	ERG-TMPRSS2	TMPRSS2	in-frame	three_prime	39883119	1	1	True	1	True	exact match	retained	1.0	False	Ets-domain			TMPRSS2 (NM_001135099) -ERG (NM_004449) fusion (TMPRSS2 exons 1 and 2 fused with ERG exons 4 to 11) : c.127-1512:TMPRSS2_c.39+64467:ERGdel | Protein fusion: in frame (TMPRSS2-ERG)	NA
EVT-P-0008592-T01-IM5-153	P-0008592-T01-IM5		Prostate Cancer	PRAD	ERG-TMPRSS2	TMPRSS2	out-of-frame	three_prime	39888464	1	1	True	1	True	exact match	retained	1.0	False	Ets-domain			TMPRSS2 (NM_001135099 ) - ERG(NM_004449)  Fusion  (TMPRSS2 exon 1 fused with ERG exons 4-11) : c.55+2358:TMPRSS2_c.39+59122:ERGdel | Protein fusion: out of frame (TMPRSS2-ERG)	NA
EVT-P-0001141-T01-IM3-155	P-0001141-T01-IM3		Prostate Cancer	PRAD	ERG-TMPRSS2	TMPRSS2	out-of-frame	three_prime	39850233	2	7	True	7	True	exact match	retained	1.0	False	Ets-domain			TMPRSS2 (NM_001135099) - ERG (NM_182918) Deletion (3028438bp):  (TMRPSS2:c.55+1206_ERG:c.18+20054del) | Protein fusion: out of frame (TMPRSS2-ERG)	NA
EVT-P-0008812-T01-IM5-156	P-0008812-T01-IM5		Prostate Cancer	PRAD	ERG-TMPRSS2	TMPRSS2	in-frame	three_prime	39826686	2	7	True	7	True	exact match	retained	1.0	False	Ets-domain			TMPRSS2 (NM_001135099) - ERG (NM_182918) fusion (TMPRSS2 exon1-2 with ERG exons 2-10): c.127-23:TMPRSS2_c.19-9142:ERGdel | Protein fusion: in frame (TMPRSS2-ERG)	NA
EVT-P-0008869-T01-IM5-157	P-0008869-T01-IM5		Prostate Cancer	PRAD	ERG-TMPRSS2	TMPRSS2	out-of-frame	three_prime	39825206	2	7	True	7	True	exact match	retained	1.0	False	Ets-domain			TMPRSS2 (NM_001135099) - ERG (NM_182918) Fusion (TMPRSS2 exon 1 fused to ERG exons 2-10) : c.56-2234:TMPRSS2_c.19-7662:ERGdel | Protein fusion: out of frame (TMPRSS2-ERG)	NA
EVT-P-0008879-T01-IM5-158	P-0008879-T01-IM5		Prostate Cancer	PRAD	ERG-TMPRSS2	TMPRSS2	in-frame	three_prime	39870075	2	7	True	7	True	exact match	retained	1.0	False	Ets-domain			TMPRSS2 (NM_001135099) - ERG (NM_182918) Fusion (TMPRSS2 exons 1-2 fused with ERG exons 2-10): c.126+804:TMPRSS2_c.18+212:ERGdel | Protein fusion: in frame (TMPRSS2-ERG)	NA
EVT-P-0008960-T01-IM5-161	P-0008960-T01-IM5		Prostate Cancer	PRAD	ERG-TMPRSS2	TMPRSS2	in-frame	three_prime	39885570	1	1	True	1	True	exact match	retained	1.0	False	Ets-domain			TMPRSS2 (NM_001135099) - ERG (NM_004449) fusion (TMPRSS2 exons 1 and 2 fused with ERG exons 4 to 11): c.127-1144:TMPRSS2_c.39+62016:ERGdel | Protein fusion: in frame (TMPRSS2-ERG)	NA
EVT-P-0008960-T02-IM6-162	P-0008960-T02-IM6		Prostate Cancer	PRAD	ERG-TMPRSS2	TMPRSS2	in-frame	three_prime	39885570	1	1	True	1	True	exact match	retained	1.0	False	Ets-domain			TMPRSS2 (NM_001135099) - ERG (NM_004449) fusion (TMPRSS2 exons 1 and 2 fused with ERG exons 4 to 11): c.127-1145:TMPRSS2_c.39+62016:ERGdel | Protein Fusion: in frame  {TMPRSS2:ERG}	NA
EVT-P-0009002-T01-IM5-163	P-0009002-T01-IM5		Prostate Cancer	PRAD	ERG-TMPRSS2	TMPRSS2	unknown	three_prime	40023335	1	1	True	1	True	exact match	retained	1.0	False	Ets-domain			TMPRSS2 (NM_001135099) - ERG (NM_004449) fusion (TMPRSS2 exon1 fused with ERG exons1-11) : c.56-190:TMPRSS2_c.-150+10247:ERGdel | Transcript fusion (TMPRSS2-ERG)	NA
EVT-P-0009006-T01-IM5-164	P-0009006-T01-IM5		Prostate Cancer	PRAD	ERG-TMPRSS2	TMPRSS2	out-of-frame	three_prime	39867873	2	7	True	7	True	exact match	retained	1.0	False	Ets-domain			TMPRSS2 (NM_001135099) - ERG (NM_004449) fusion (TMPRSS2 exon1 fused with ERG exons 4-11) : c.56-4479:TMPRSS2_c.40-50329:ERGdel | Protein fusion: out of frame (TMPRSS2-ERG)	NA
EVT-P-0009006-T02-IM6-165	P-0009006-T02-IM6		Cancer of Unknown Primary	NECNOS	ERG-TMPRSS2	TMPRSS2	out-of-frame	three_prime	39867873	2	7	True	7	True	exact match	retained	1.0	False	Ets-domain			TMPRSS2 (NM_001135099) rearrangement: c.56-4480:TMPRSS2_chr21:g.39867873del | Protein Fusion: out of frame  {TMPRSS2:ERG}	NA
EVT-P-0009056-T01-IM5-166	P-0009056-T01-IM5		Prostate Cancer	PRAD	ERG-TMPRSS2	TMPRSS2	out-of-frame	three_prime	39857843	2	7	True	7	True	exact match	retained	1.0	False	Ets-domain			TMPRSS2 (NM_001135099) - ERG (NM_004449) fusion (TMPRSS2 exon1 fused with ERG exons 4-11) : c.56-863:TMPRSS2_c.40-40299:ERGdel | Protein fusion: out of frame (TMPRSS2-ERG)	NA
EVT-P-0009056-T02-IM6-167	P-0009056-T02-IM6		Prostate Cancer	PRAD	ERG-TMPRSS2	TMPRSS2	out-of-frame	three_prime	39857843	2	7	True	7	True	exact match	retained	1.0	False	Ets-domain			TMPRSS2 (NM_001135099) - ERG (NM_182918) fusion (TMPRSS2 exon 1 fused with ERG exons 2-10): c.56-864:TMPRSS2_c.18+12444:ERGdel | Protein Fusion: out of frame  {TMPRSS2:ERG}	NA
EVT-P-0009073-T01-IM5-168	P-0009073-T01-IM5		Prostate Cancer	PRAD	ERG-TMPRSS2	TMPRSS2	out-of-frame	three_prime	39826049	2	7	True	7	True	exact match	retained	1.0	False	Ets-domain			TMPRSS2 (NM_001135099) - ERG (NM_004449) fusion (TMPRSS2 exon1 fused with ERG exons 4-11) : c.56-3497:TMPRSS2_c.40-8505:ERGdel | Protein fusion: out of frame (TMPRSS2-ERG)	NA
EVT-P-0009077-T01-IM5-169	P-0009077-T01-IM5		Prostate Cancer	PRAD	ERG-TMPRSS2	TMPRSS2	out-of-frame	three_prime	39877498	1	1	True	1	True	exact match	retained	1.0	False	Ets-domain			TMPRSS2 (NM_001135099) - ERG (NM_004449) fusion (TMPRSS2 exon1 fused with ERG exons 4-11) : c.56-671:TMPRSS2_c.40-59954:ERGdel | Protein fusion: out of frame (TMPRSS2-ERG)	NA
EVT-P-0009082-T01-IM5-170	P-0009082-T01-IM5		Prostate Cancer	PRAD	ERG-TMPRSS2	TMPRSS2	out-of-frame	three_prime	39868112	2	7	True	7	True	exact match	retained	1.0	False	Ets-domain			TMPRSS2 (NM_001135099) - ERG (NM_004449) fusion (TMPRSS2 exon1 fused with ERG exons 4-11) : c.56-2840:TMPRSS2_c.40-50568:ERGdel | Protein fusion: out of frame (TMPRSS2-ERG)	NA
EVT-P-0009361-T01-IM5-172	P-0009361-T01-IM5		Prostate Cancer	PRAD	ERG-TMPRSS2	TMPRSS2	in-frame	three_prime	39880684	1	1	True	1	True	exact match	retained	1.0	False	Ets-domain			TMPRSS2 (NM_001135099) - ERG (NM_004449) fusion (TMPRSS2 exons 1-2 fused in frame with ERG exons 4-11): c.127-1387:TMPRSS2_c.40-63140:ERGdel | Protein fusion: in frame (TMPRSS2-ERG)	NA
EVT-P-0009374-T02-IM5-173	P-0009374-T02-IM5		Prostate Cancer	PRAD	ERG-TMPRSS2	TMPRSS2	in-frame	three_prime	39870205	2	7	True	7	True	exact match	retained	1.0	False	Ets-domain			TMPRSS2 (NM_001135099) - ERG (NM_182918) fusion (TMPRSS2 exons1-2 with ERG exon2-10) : c.127-1152:TMPRSS2_c.18+82:ERGdel | Protein fusion: in frame (TMPRSS2-ERG)	NA
EVT-P-0009687-T01-IM5-174	P-0009687-T01-IM5		Prostate Cancer	PRAD	ERG-TMPRSS2	TMPRSS2	out-of-frame	three_prime	39864271	2	7	True	7	True	exact match	retained	1.0	False	Ets-domain			TMPRSS2 (NM_001135099) - ERG (NM_182918) fusion (TMPRSS2 exon 1 fused with ERG exons 2-10): c.55+3180:TMPRSS2_c.18+6016:ERGdel | Protein fusion: out of frame (TMPRSS2-ERG)	NA
EVT-P-0009687-T02-IM6-175	P-0009687-T02-IM6		Prostate Cancer	PRAD	ERG-TMPRSS2	TMPRSS2	out-of-frame	three_prime	39864271	2	7	True	7	True	exact match	retained	1.0	False	Ets-domain			TMPRSS2 (NM_001135099) - ERG (NM_182918) fusion (TMPRSS2 exon 1 fused with ERG exons 2-10): c.55+3180:TMPRSS2_c.18+6016:ERGdel | Protein Fusion: out of frame  {TMPRSS2:ERG}	NA
EVT-P-0009728-T01-IM5-176	P-0009728-T01-IM5		Prostate Cancer	PRAD	ERG-TMPRSS2	TMPRSS2	in-frame	three_prime	39870493	1	1	True	1	True	exact match	retained	1.0	False	Ets-domain			TMPRSS2 (NM_001135099) - ERG (NM_004449) fusion (TMPRSS2 exons 1-2 fused with ERG exons 4-11) : c.127-1101:TMPRSS2_c.40-52949:ERGdel | Protein fusion: in frame (TMPRSS2-ERG)	NA
EVT-P-0009786-T01-IM5-177	P-0009786-T01-IM5		Prostate Cancer	PRAD	ERG-TMPRSS2	TMPRSS2	in-frame	three_prime	39878096	1	1	True	1	True	exact match	retained	1.0	False	Ets-domain			TMPRSS2(NM_001135099)  -ERG (NM_004449)Fusion (TMPRS22 exon1 fused with ERG exons  4-10) :  c.126+493:TMPRSS2_c.40-60552:ERGdel | Protein fusion: in frame (TMPRSS2-ERG)	NA
EVT-P-0009786-T02-IM5-178	P-0009786-T02-IM5		Prostate Cancer	PRAD	ERG-TMPRSS2	TMPRSS2	in-frame	three_prime	39878096	1	1	True	1	True	exact match	retained	1.0	False	Ets-domain			TMPRSS2 (NM_001135099) - ERG (NM_004449) fusion (TMPRSS2 exons 1-2 fused with ERG exons 4-11) : c.126+493:TMPRSS2_c.40-60552:ERG | Protein fusion: in frame (TMPRSS2-ERG)	NA
EVT-P-0009787-T01-IM5-179	P-0009787-T01-IM5		Prostate Cancer	PRAD	ERG-TMPRSS2	TMPRSS2	out-of-frame	three_prime	39876148	1	1	True	1	True	exact match	retained	1.0	False	Ets-domain			TMPRSS2(NM_001135099)  -ERG ()Fusion (TMPRS22 exon1 fused with ERG exons  4-10) :  c.55+4268:TMPRSS2_c.40-58604:ERGdel | Protein fusion: out of frame (TMPRSS2-ERG)	NA
EVT-P-0009787-T02-IM5-180	P-0009787-T02-IM5		Prostate Cancer	PRAD	ERG-TMPRSS2	TMPRSS2	out-of-frame	three_prime	39876148	1	1	True	1	True	exact match	retained	1.0	False	Ets-domain			TMPRSS2 (NM_001135099) - ERG (NM_004449) fusion:  c.55+4268:TMPRSS2_c.40-58604:ERGdel | Protein fusion: out of frame (TMPRSS2-ERG)	NA
EVT-P-0009819-T01-IM5-181	P-0009819-T01-IM5		Prostate Cancer	PRAD	ERG-TMPRSS2	TMPRSS2	in-frame	three_prime	39869920	2	7	True	7	True	exact match	retained	1.0	False	Ets-domain			TMPRSS2 (NM_001135099) - ERG (NM_004449) fusion (TMPRSS2 exons 1-2 fused with ERG exons 4-11) : c.127-1480:TMPRSS2_c.40-52376:ERGdel | Protein fusion: in frame (TMPRSS2-ERG)	NA
EVT-P-0009892-T01-IM5-182	P-0009892-T01-IM5		Prostate Cancer	PRAD	ERG-TMPRSS2	TMPRSS2	in-frame	three_prime	39866427	2	7	True	7	True	exact match	retained	1.0	False	Ets-domain			TMPRSS2 (NM_001135099) - ERG (NM_182918) fusion (TMPRSS2 exons 1-2 fused in frame with ERG exons 2-10): c.127-551:TMPRSS2_c.18+3860:ERGdel | Protein fusion: in frame (TMPRSS2-ERG)	NA
EVT-P-0010015-T01-IM5-183	P-0010015-T01-IM5		Prostate Cancer	PRAD	ERG-TMPRSS2	TMPRSS2	out-of-frame	three_prime	39861384	2	7	True	7	True	exact match	retained	1.0	False	Ets-domain			TMPRSS2 (NM_001135099) - ERG (NM_182918) fusion (TMPRSS2 exon1 fused with ERG exons 2-9): c.56-1374:TMPRSS2_c.18+8903:ERGdel | Protein fusion: out of frame (TMPRSS2-ERG)	NA
EVT-P-0010071-T01-IM5-184	P-0010071-T01-IM5		Prostate Cancer	PRAD	ERG-TMPRSS2	TMPRSS2	in-frame	three_prime	39835555	2	7	True	7	True	exact match	retained	1.0	False	Ets-domain			TMPRSS2 (NM_001135099) - ERG (NM_182918) fusion (TMPRSS2 exons 1 to 2 fused to ERG exons 3 to 10) : c.126+1007:TMPRSS2_c.19-18011:ERGdel | Protein fusion: in frame (TMPRSS2-ERG)	NA
EVT-P-0010659-T01-IM5-185	P-0010659-T01-IM5		Prostate Cancer	PRAD	ERG-TMPRSS2	TMPRSS2	in-frame	three_prime	39868208	2	7	True	7	True	exact match	retained	1.0	False	Ets-domain			TMPRSS2 (NM_001135099) - ERG (NM_182918) fusion (TMPRSS2 exons 1-2 fused in frame with ERG exons 2-10): c.127-1011:TMPRSS2_c.18+2079:ERGdel | Protein fusion: in frame (TMPRSS2-ERG)	NA
EVT-P-0010794-T01-IM5-187	P-0010794-T01-IM5		Prostate Cancer	PRAD	ERG-TMPRSS2	TMPRSS2	out-of-frame	three_prime	39866982	2	7	True	7	True	exact match	retained	1.0	False	Ets-domain			TMPRSS2 (NM_001135099) - ERG (NM_182918) fusion (TMPRSS2 exon1 with ERG exons 2-10) : c.56-32:TMPRSS2_c.18+3305:ERGdel | Protein fusion: out of frame (TMPRSS2-ERG)	NA
EVT-P-0010796-T01-IM5-188	P-0010796-T01-IM5		Prostate Cancer	PRAD	ERG-TMPRSS2	TMPRSS2	out-of-frame	three_prime	39838364	2	7	True	7	True	exact match	retained	1.0	False	Ets-domain			TMPRSS2 (NM_001135099) - ERG (NM_182918) fusion (TMPRSS2 exon1 with ERG exons 2-10) : c.56-1410:TMPRSS2_c.19-20820:ERGdel | Protein fusion: out of frame (TMPRSS2-ERG)	NA
EVT-P-0010796-T02-IM6-189	P-0010796-T02-IM6		Prostate Cancer	PRAD	ERG-TMPRSS2	TMPRSS2	out-of-frame	three_prime	39838364	2	7	True	7	True	exact match	retained	1.0	False	Ets-domain			TMPRSS2 (NM_001135099) - ERG (NM_182918) fusion (TMPRSS2 exon1 with ERG exons 2-10) : c.56-1410:TMPRSS2_c.19-20820:ERGdel | Protein Fusion: out of frame  {TMPRSS2:ERG}	NA
EVT-P-0010953-T01-IM5-190	P-0010953-T01-IM5		Prostate Cancer	PRAD	ERG-TMPRSS2	TMPRSS2	out-of-frame	three_prime	39855305	2	7	True	7	True	exact match	retained	1.0	False	Ets-domain			TMPRSS2 (NM_001135099) - ERG (NM_004449) Fusion (TMPRSS2 exon 1 fused with ERG exons 4-11): c.56-2147:TMPRSS2_c.40-37761:ERGdel | Protein fusion: out of frame (TMPRSS2-ERG)	NA
EVT-P-0011156-T01-IM5-191	P-0011156-T01-IM5		Prostate Cancer	PRAD	ERG-TMPRSS2	TMPRSS2	out-of-frame	three_prime	39854382	2	7	True	7	True	exact match	retained	1.0	False	Ets-domain			TMPRSS2 (NM_001135099) - ERG (NM_182918) fusion (TMPRSS2 exon 1 fused with ERG exons 2-10): c.55+4374:TMPRSS2_c.18+15905:ERGdel | Protein fusion: out of frame (TMPRSS2-ERG)	NA
EVT-P-0011364-T01-IM5-192	P-0011364-T01-IM5		Prostate Cancer	PRAD	ERG-TMPRSS2	TMPRSS2	out-of-frame	three_prime	39876280	1	1	True	1	True	exact match	retained	1.0	False	Ets-domain			TMPRSS2 (NM_001135099) - ERG (NM_004449) fusion (TMPRSS2 exon1 with ERG exons 4-11) : c.55+2676:TMPRSS2_c.40-58736:ERGdel | Protein fusion: out of frame (TMPRSS2-ERG)	NA
EVT-P-0001128-T01-IM3-193	P-0001128-T01-IM3		Prostate Cancer	PRAD	ERG-TMPRSS2	TMPRSS2	unknown	three_prime	39837782	2	7	True	7	True	exact match	retained	1.0	False	Ets-domain			TMPRSS2 (NM_001135099) - ERG (NM_182918) Deletion (3032278 bp):  c.112_c.19-20238del | Protein fusion: mid-exon (TMPRSS2-ERG)	NA
EVT-P-0011377-T01-IM5-194	P-0011377-T01-IM5		Prostate Cancer	PRAD	ERG-TMPRSS2	TMPRSS2	in-frame	three_prime	39831812	2	7	True	7	True	exact match	retained	1.0	False	Ets-domain			TMPRSS2 (NM_001135099) - ERG (NM_182918) fusion (TMPRSS2 exons 1-2 fused in frame with ERG exons 4-10): c.127-1163:TMPRSS2_c.19-14268:ERGdel | Protein fusion: in frame (TMPRSS2-ERG)	NA
EVT-P-0011429-T01-IM5-195	P-0011429-T01-IM5		Prostate Cancer	PRAD	ERG-TMPRSS2	TMPRSS2	out-of-frame	three_prime	39860560	2	7	True	7	True	exact match	retained	1.0	False	Ets-domain			TMPRSS2 (NM_001135099) - ERG (NM_004449) fusion (TMPRSS2 exon1 fused with ERG exons 4-11) : c.55+3736:TMRPSS2_c.40-43016:ERGdel | Protein fusion: out of frame (TMPRSS2-ERG)	NA
EVT-P-0036791-T01-IM6-196	P-0036791-T01-IM6		Prostate Cancer	PRAD	ERG-TMPRSS2	TMPRSS2	out-of-frame	three_prime	39869156	2	7	True	7	True	exact match	retained	1.0	False	Ets-domain			TMPRSS2 (NM_001135099) - ERG (NM_182918) fusion: c.56-3503:TMPRSS2_c.18+1131:ERGdel | Protein Fusion: out of frame  {TMPRSS2:ERG}	NA
EVT-P-0011472-T01-IM5-197	P-0011472-T01-IM5		Prostate Cancer	PRAD	ERG-TMPRSS2	TMPRSS2	out-of-frame	three_prime	39860707	2	7	True	7	True	exact match	retained	1.0	False	Ets-domain			TMPRSS2 (NM_001135099) - ERG (NM_182918) fusion (exon 1 of TMPRSS2 with exons 2-10 of ERG): c.56-2395:TMPRSS2_c.18+9580:ERGdel | Protein fusion: out of frame (TMPRSS2-ERG)	NA
EVT-P-0011534-T01-IM5-198	P-0011534-T01-IM5		Prostate Cancer	PRAD	ERG-TMPRSS2	TMPRSS2	out-of-frame	three_prime	39883253	1	1	True	1	True	exact match	retained	1.0	False	Ets-domain			TMPRSS2 (NM_001135099) - ERG (NM_004449) Fusion (TMPRSS2 exon 1 fused to ERG exon 4-11):  c.55+1941:TMPRSS2_c.39+64333:ERGdel | Protein fusion: out of frame (TMPRSS2-ERG)	NA
EVT-P-0011577-T01-IM5-199	P-0011577-T01-IM5		Prostate Cancer	PRAD	ERG-TMPRSS2	TMPRSS2	in-frame	three_prime	39864690	2	7	True	7	True	exact match	retained	1.0	False	Ets-domain			TMPRSS2 (NM_001135099) - ERG (NM_004449) fusion (TMPRSS2 exons 1-2 fused with ERG exons 4-11) : c.127-511:TMPRSS2_c.40-47146:ERGdel | Protein fusion: in frame (TMPRSS2-ERG)	NA
EVT-P-0012029-T01-IM5-200	P-0012029-T01-IM5		Prostate Cancer	PRAD	ERG-TMPRSS2	TMPRSS2	in-frame	three_prime	39831291	2	7	True	7	True	exact match	retained	1.0	False	Ets-domain			TMPRSS2 (NM_001135099) - ERG (NM_004449) fusion (TMPRSS2 exons 1-2 fused with ERG exons 4-11) : c.127-1653:TMPRSS2_c.19-13747:ERGdel | Protein fusion: in frame (TMPRSS2-ERG)	NA
EVT-P-0012046-T01-IM5-201	P-0012046-T01-IM5		Prostate Cancer	PRAD	ERG-TMPRSS2	TMPRSS2	out-of-frame	five_prime	39863339	1	6	True	6	True	exact match	lost	0.0	False		Ets-domain		ERG (NM_004449) - TMPRSS2 (NM_001135099) rearrangement : c.40-45795:ERG_c.56-2111:TMPRSS2dup | Protein fusion: out of frame (ERG-TMPRSS2)	NA
EVT-P-0012048-T01-IM5-202	P-0012048-T01-IM5		Prostate Cancer	PRAD	ERG-TMPRSS2	TMPRSS2	in-frame	three_prime	39884663	1	1	True	1	True	exact match	retained	1.0	False	Ets-domain			TMPRSS2 (NM_001135099) - ERG (NM_004449) fusion (TMPRSS2 exons 1-2 fused with ERG exons 4-11) : c.126+186:TMPRSS2_c.39+62923:ERGdel | Protein fusion: in frame (TMPRSS2-ERG)	NA
EVT-P-0036756-T01-IM6-203	P-0036756-T01-IM6		Prostate Cancer	PRAD	ERG-TMPRSS2	TMPRSS2	out-of-frame	three_prime	39821998	2	7	True	7	True	exact match	retained	1.0	False	Ets-domain			TMPRSS2 (NM_001135099) - ERG (NM_182918) fusion: c.55+2587:TMPRSS2_c.19-4454:ERGdel | Protein Fusion: out of frame  {TMPRSS2:ERG}	NA
EVT-P-0012104-T01-IM5-204	P-0012104-T01-IM5		Prostate Cancer	PRAD	ERG-TMPRSS2	TMPRSS2	unknown	three_prime	39951033	1	1	True	1	True	exact match	retained	1.0	False	Ets-domain			TMPRSS2 (NM_001135099) - ERG (NM_001243428) fusion (TMPRSS2 exons 1-2 fused with ERG exons 4-11): (c.126+879:TMRPSS2_c.40-63033:ERGdel) | Transcript fusion (TMPRSS2-ERG)	NA
EVT-P-0012109-T01-IM5-206	P-0012109-T01-IM5		Prostate Cancer	PRAD	ERG-TMPRSS2	TMPRSS2	out-of-frame	three_prime	39874244	1	1	True	1	True	exact match	retained	1.0	False	Ets-domain			TMPRSS2 (NM_001135099) - ERG (NM_004449) fusion  (TMPRSS2 exon1 fused with ERG exons 4-11) : c.55+4448:TMPRSS2_c.40-56700:ERGdel | Protein fusion: out of frame (TMPRSS2-ERG)	NA
EVT-P-0012109-T02-IM6-207	P-0012109-T02-IM6		Prostate Cancer	PRAD	ERG-TMPRSS2	TMPRSS2	out-of-frame	three_prime	39874244	1	1	True	1	True	exact match	retained	1.0	False	Ets-domain			TMPRSS2 (NM_001135099) - ERG (NM_004449) fusion (TMPRSS2 exon 1 with ERG exons 4-11) : c.55+4448:TMPRSS2_c.40-56700:ERGdel | Protein fusion: out of frame (TMPRSS2-ERG)	NA
EVT-P-0012132-T01-IM5-208	P-0012132-T01-IM5		Prostate Cancer	PRAD	ERG-TMPRSS2	TMPRSS2	in-frame	three_prime	39867415	2	7	True	7	True	exact match	retained	1.0	False	Ets-domain			TMPRSS2 (NM_001135099) - ERG (NM_182918) fusion: c.126+1526:TMPRSS2_c.18+2872:ERGdel | Protein fusion: in frame (TMPRSS2-ERG)	NA
EVT-P-0012132-T02-IM6-209	P-0012132-T02-IM6		Prostate Cancer	PRAD	ERG-TMPRSS2	TMPRSS2	in-frame	three_prime	39867415	2	7	True	7	True	exact match	retained	1.0	False	Ets-domain			TMPRSS2 (NM_001135099) - ERG (NM_182918) fusion (TMPRRS2 exons 1-2 fused to ERG exons 2-10): c.126+1525:TMPRSS2_c.18+2872:ERGdel | Protein Fusion: in frame  {TMPRSS2:ERG}	NA
EVT-P-0036699-T01-IM6-210	P-0036699-T01-IM6		Prostate Cancer	PRAD	ERG-TMPRSS2	TMPRSS2	in-frame	three_prime	39876112	1	1	True	1	True	exact match	retained	1.0	False	Ets-domain			TMPRSS2 (NM_001135099) - ERG (NM_004449) fusion: c.127-1733:TMPRSS2_c.40-58568:ERGdel | Protein Fusion: in frame  {TMPRSS2:ERG}	NA
EVT-P-0012197-T02-IM5-212	P-0012197-T02-IM5		Prostate Cancer	PRAD	ERG-TMPRSS2	TMPRSS2	out-of-frame	three_prime	39909429	1	1	True	1	True	exact match	retained	1.0	False	Ets-domain			TMPRSS2 (NM_001135099 - ERG (NM_004449) fusion (TMPRSS2 exon 1 with ERG exons 4-11 ): c.56-2534_c.39+38157del | Protein fusion: out of frame (TMPRSS2-ERG)	NA
EVT-P-0012271-T01-IM5-213	P-0012271-T01-IM5		Prostate Cancer	PRAD	ERG-TMPRSS2	TMPRSS2	out-of-frame	three_prime	39933914	1	1	True	1	True	exact match	retained	1.0	False	Ets-domain			TMPRSS2 (NM_001135099) - ERG (NM_004449) fusion (TMPRSS2 exon1 with ERG exons 4-11): c.56-2767:TMPRSS2_c.39+13672:ERGdel | Protein fusion: out of frame (TMPRSS2-ERG)	NA
EVT-P-0012321-T01-IM5-214	P-0012321-T01-IM5		Prostate Cancer	PRAD	ERG-TMPRSS2	TMPRSS2	in-frame	three_prime	39875961	1	1	True	1	True	exact match	retained	1.0	False	Ets-domain			TMPRSS2 (NM_001135099) -ERG (NM_004449) Fusion (TMPRSS2 exons 1-2 fused with ERG exons 4-11) : c.127-1622:TMPRSS2_c.40-58417:ERGdel | Protein fusion: in frame (TMPRSS2-ERG)	NA
EVT-P-0012327-T01-IM5-216	P-0012327-T01-IM5		Prostate Cancer	PRAD	ERG-TMPRSS2	TMPRSS2	unknown	three_prime	40022882	1	1	True	1	True	exact match	retained	1.0	False	Ets-domain			TMPRSS2 (NM_001135099) -ERG (NM_004449) fusion (TMPRSS2 exon 1 fused with ERG exons 2-11) : c.56-913:TMPRSS2_c.-150+10700:ERGdel | Transcript fusion (TMPRSS2-ERG)	NA
EVT-P-0012328-T01-IM5-217	P-0012328-T01-IM5		Prostate Cancer	PRAD	ERG-TMPRSS2	TMPRSS2	out-of-frame	three_prime	39823844	2	7	True	7	True	exact match	retained	1.0	False	Ets-domain			TMPRSS2 (NM_001135099) -ERG (NM_182918) Fusion (TMPRSS2 exon 1 fused with ERG exons 2-10) : c.55+2792:TMPRSS2_c.19-6300:ERGdel | Protein fusion: out of frame (TMPRSS2-ERG)	NA
EVT-P-0000373-T02-IM5-218	P-0000373-T02-IM5		Prostate Cancer	PRAD	ERG-TMPRSS2	TMPRSS2	out-of-frame	three_prime	39842043	2	7	True	7	True	exact match	retained	1.0	False	Ets-domain			TMPRSS2 (NM_001135099) - ERG (NM_182918) fusion: c.56-3994:TMPRSS2_c.19-24499:ERGdel | Protein fusion: out of frame (TMPRSS2-ERG)	NA
EVT-P-0000479-T01-IM3-219	P-0000479-T01-IM3		Prostate Cancer	PRAD	ERG-TMPRSS2	TMPRSS2	out-of-frame	three_prime	39820000	2	7	True	7	True	exact match	retained	1.0	False	Ets-domain			NA | Protein fusion: out of frame (TMPRSS2-ERG)	NA
EVT-P-0012555-T01-IM5-221	P-0012555-T01-IM5		Prostate Cancer	PRAD	ERG-TMPRSS2	TMPRSS2	out-of-frame	three_prime	39875095	1	1	True	1	True	exact match	retained	1.0	False	Ets-domain			TMPRSS2 (NM_001135099) - ERG (NM_182918) fusion: c.55+4576:TMPRSS2_c.-4791:ERGdel | Protein fusion: out of frame (TMPRSS2-ERG)	NA
EVT-P-0012555-T02-IM6-222	P-0012555-T02-IM6		Prostate Cancer	PRAD	ERG-TMPRSS2	TMPRSS2	out-of-frame	three_prime	39875095	1	1	True	1	True	exact match	retained	1.0	False	Ets-domain			TMPRSS2 (NM_001135099) - ERG (NM_004449) fusion: c.55+4576:TMPRSS2_c.40-57551:ERGdel | Protein Fusion: out of frame  {TMPRSS2:ERG}	NA
EVT-P-0012630-T01-IM5-223	P-0012630-T01-IM5		Prostate Cancer	PRAD	ERG-TMPRSS2	TMPRSS2	unknown	three_prime	39951997	1	1	True	1	True	exact match	retained	1.0	False	Ets-domain			TMPRSS2 (NM_001135099) - ERG (NM_004449) fusion (TMPRSS2 exon 1 fused with ERG exons 3-11) : c.56-1481:TMPRSS2_c.-47-4326:ERG_del | Transcript fusion (TMPRSS2-ERG)	NA
EVT-P-0012741-T01-IM5-225	P-0012741-T01-IM5		Prostate Cancer	PRAD	ERG-TMPRSS2	TMPRSS2	out-of-frame	three_prime	39872098	1	1	True	1	True	exact match	retained	1.0	False	Ets-domain			TMPRSS2 (NM_001135099) - ERG (NM_004449) fusion (TMPRSS2 exon1 with ERG exons 4-11): c.55+1605:TMPRSS2_c.40-54554:ERGdel | Protein fusion: out of frame (TMPRSS2-ERG)	NA
EVT-P-0012914-T01-IM5-226	P-0012914-T01-IM5		Prostate Cancer	PRAD	ERG-TMPRSS2	TMPRSS2	in-frame	three_prime	39863191	2	7	True	7	True	exact match	retained	1.0	False	Ets-domain			TMPRSS2 (NM_001135099) - ERG (NM_182918) fusion (TMPRSS2 exons 1-2 with ERG exons 2-10): c.126+935:TMPRSS2_c.18+7096:ERGdel | Protein fusion: in frame (TMPRSS2-ERG)	NA
EVT-P-0012930-T01-IM5-227	P-0012930-T01-IM5		Prostate Cancer	PRAD	ERG-TMPRSS2	TMPRSS2	out-of-frame	three_prime	39864783	2	7	True	7	True	exact match	retained	1.0	False	Ets-domain			TMPRSS2 (NM_001135099) - ERG (NM_182918) fusion: c.56-102:TMPRSS2_c.18+5504:ERGdel | Protein fusion: out of frame (TMPRSS2-ERG)	NA
EVT-P-0013116-T01-IM5-229	P-0013116-T01-IM5		Prostate Cancer	PRNE	ERG-TMPRSS2	TMPRSS2	out-of-frame	three_prime	39853523	2	7	True	7	True	exact match	retained	1.0	False	Ets-domain			TMPRSS2 (NM_001135099) - ERG (NM_182918) fusion: c.56-2258:TMPRSS2_c.18+16764:ERGdel | Protein fusion: out of frame (TMPRSS2-ERG)	NA
EVT-P-0013336-T01-IM5-230	P-0013336-T01-IM5		Prostate Cancer	PRAD	ERG-TMPRSS2	TMPRSS2	out-of-frame	three_prime	39831340	2	7	True	7	True	exact match	retained	1.0	False	Ets-domain			TMPRSS2 (NM_001135099) - ERG (NM_182918) fusion (TMPRSS2 exons 1-2 fused with ERG exons 2 to 10) : c.56-4272:TMPRSS2_c.19-13796:ERGdel | Protein fusion: out of frame (TMPRSS2-ERG)	NA
EVT-P-0013372-T01-IM5-231	P-0013372-T01-IM5		Prostate Cancer	PRAD	ERG-TMPRSS2	TMPRSS2	out-of-frame	three_prime	39797867	3	79	True	79	True	exact match	retained	1.0	False	Ets-domain			TMPRSS2 (NM_001135099) - ERG (NM_182918) fusion: c.126+1734:TMPRSS2_c.237-2384:ERGdel | Protein fusion: out of frame (TMPRSS2-ERG)	NA
EVT-P-0013401-T01-IM5-232	P-0013401-T01-IM5		Prostate Cancer	PRAD	ERG-TMPRSS2	TMPRSS2	out-of-frame	three_prime	39839600	2	7	True	7	True	exact match	retained	1.0	False	Ets-domain			TMPRSS2 (NM_001135099) - ERG (NM_182918) fusion: c.55+4108:TMPRSS2_c.19-22056:ERGdel | Protein fusion: out of frame (TMPRSS2-ERG)	NA
EVT-P-0013457-T01-IM5-233	P-0013457-T01-IM5		Prostate Cancer	PRAD	ERG-TMPRSS2	TMPRSS2	unknown	five_prime	39870300	1	2	False	1	True	hybrid junction codon: fusion-annotation reports the last complete 5-prime residue, exactly one less than this project's hybrid-junction-inclusive residue; expected convention difference, not a disagreement	lost	0.0	False		Ets-domain		ERG (NM_182918) - TMPRSS2 (NM_001135099) rearrangement: c.5:ERG_c.349+1625:TMPRSS2dup | Protein fusion: mid-exon (ERG-TMPRSS2)	NA
EVT-P-0013465-T01-IM5-234	P-0013465-T01-IM5		Prostate Cancer	PRAD	ERG-TMPRSS2	TMPRSS2	in-frame	three_prime	39874922	1	1	True	1	True	exact match	retained	1.0	False	Ets-domain			TMPRSS2 (NM_001135099) - ERG (NM_004449) fusion: c.126+842:TMPRSS2_c.40-57378:ERGdel | Protein fusion: in frame (TMPRSS2-ERG)	NA
EVT-P-0013503-T01-IM5-235	P-0013503-T01-IM5		Prostate Cancer	PRAD	ERG-TMPRSS2	TMPRSS2	out-of-frame	three_prime	39858543	2	7	True	7	True	exact match	retained	1.0	False	Ets-domain			TMPRSS2 (NM_001135099) - ERG (NM_182918) fusion (TMPRSS2 exon 1 fused with ERG exons 2-10): c.55+4160:TMPRSS2_c.18+11744:ERGdel | Protein fusion: out of frame (TMPRSS2-ERG)	NA
EVT-P-0036545-T01-IM6-236	P-0036545-T01-IM6		Prostate Cancer	PRAD	ERG-TMPRSS2	TMPRSS2	out-of-frame	three_prime	39877185	1	1	True	1	True	exact match	retained	1.0	False	Ets-domain			TMPRSS2 (NM_001135099) - ERG (NM_004449) fusion: c.56-464:TMPRSS2_c.40-59641:ERGdel | Protein Fusion: out of frame  {TMPRSS2:ERG}	NA
EVT-P-0013729-T01-IM5-237	P-0013729-T01-IM5		Prostate Cancer	PRAD	ERG-TMPRSS2	TMPRSS2	out-of-frame	three_prime	39868842	2	7	True	7	True	exact match	retained	1.0	False	Ets-domain			TMPRSS2 (NM_001135099) - ERG (NM_182918) fusion (TMPRSS2 exon 1 fused with ERG exons 2-10): c.55+2996:TMPRSS2_c.18+1445:ERGdel | Protein fusion: out of frame (TMPRSS2-ERG)	NA
EVT-P-0013733-T01-IM5-238	P-0013733-T01-IM5		Prostate Cancer	PRAD	ERG-TMPRSS2	TMPRSS2	in-frame	three_prime	39867506	2	7	True	7	True	exact match	retained	1.0	False	Ets-domain			TMPRSS2 (NM_001135099) - ERG (NM_182918) fusion (TMPRSS2 exons 1-2 fused in-frame with ERG exons 2-10): c.126+1667:TMPRSS2_c.18+2781:ERGdel | Protein fusion: in frame (TMPRSS2-ERG)	NA
EVT-P-0013791-T01-IM5-239	P-0013791-T01-IM5		Prostate Cancer	PRAD	ERG-TMPRSS2	TMPRSS2	in-frame	three_prime	39882496	1	1	True	1	True	exact match	retained	1.0	False	Ets-domain			TMPRSS2 (NM_001135099) - ERG (NM_004449) Fusion (TMPRSS2 exons 1-2 fused with ERG exons 4-11) : c.126+516:TMPRSS2_c.40-64952:ERGdel | Protein fusion: in frame (TMPRSS2-ERG)	NA
EVT-P-0013810-T01-IM5-240	P-0013810-T01-IM5		Prostate Cancer	PRAD	ERG-TMPRSS2	TMPRSS2	in-frame	three_prime	39882407	1	1	True	1	True	exact match	retained	1.0	False	Ets-domain			TMPRSS2 (NM_001135099) - ERG (NM_004449) fusion (TMPRSS2 exons 1-2 fused in-frame to ERG exons 4-11): c.127-1377:TMPRSS2_c.40-64863:ERGdel | Protein fusion: in frame (TMPRSS2-ERG)	NA
EVT-P-0013837-T01-IM5-241	P-0013837-T01-IM5		Prostate Cancer	PRAD	ERG-TMPRSS2	TMPRSS2	unknown	three_prime	39986556	1	1	True	1	True	exact match	retained	1.0	False	Ets-domain			TMPRSS2 (NM_001135099) - ERG (NM_004449) fusion (TMPRSS2 exon 1 fused to ERG exons 3-11): c.55+4832:TMPRSS2_c.-149-29687:ERGdel | Transcript fusion (TMPRSS2-ERG)	NA
EVT-P-0013844-T01-IM5-242	P-0013844-T01-IM5		Prostate Cancer	PRAD	ERG-TMPRSS2	TMPRSS2	in-frame	five_prime	39871879	1	1	True			breakpoint lies entirely upstream of the first coding exon (zero coding bases retained on this side); no residue to compare	lost	0.0	False		Ets-domain		ERG (NM_004449) - TMPRSS2 (NM_001135099) rearrangement: c.40-54335:ERG_c.127-1358:TMPRSS2dup | Protein fusion: in frame (ERG-TMPRSS2)	NA
EVT-P-0013844-T02-IM6-243	P-0013844-T02-IM6		Prostate Cancer	PRAD	ERG-TMPRSS2	TMPRSS2	in-frame	five_prime	39871879	1	1	True			breakpoint lies entirely upstream of the first coding exon (zero coding bases retained on this side); no residue to compare	lost	0.0	False		Ets-domain		ERG (NM_004449) - TMPRSS2 (NM_001135099) rearrangement: c.40-54335:ERG_c.127-1358:TMPRSS2dup | Protein fusion: in frame (ERG-TMPRSS2)	NA
EVT-P-0013858-T01-IM5-244	P-0013858-T01-IM5		Prostate Cancer	PRAD	ERG-TMPRSS2	TMPRSS2	out-of-frame	three_prime	39898195	1	1	True	1	True	exact match	retained	1.0	False	Ets-domain			TMPRSS2 (NM_001135099) - ERG (NM_004449) Fusion (TMPRSS2 exon 1 fused with ERG exons  4-11) c.55+4344:TMPRSS2_c.39+49391:ERGdel | Protein fusion: out of frame (TMPRSS2-ERG)	NA
EVT-P-0013957-T01-IM5-247	P-0013957-T01-IM5		Prostate Cancer	PRAD	ERG-TMPRSS2	TMPRSS2	out-of-frame	three_prime	39872154	1	1	True	1	True	exact match	retained	1.0	False	Ets-domain			TMPRSS2 (NM_001135099)  - ERG (NM_004449) fusion: c.55+4588:TMPRSS2_c.40-54610:ERGdel | Protein fusion: out of frame (TMPRSS2-ERG)	NA
EVT-P-0014004-T01-IM5-248	P-0014004-T01-IM5		Prostate Cancer	PRAD	ERG-TMPRSS2	TMPRSS2	out-of-frame	three_prime	39876954	1	1	True	1	True	exact match	retained	1.0	False	Ets-domain			TMPRSS2 (NM_001135099) - ERG (NM_004449) fusion: c.55+3828_c.40-59410del | Protein fusion: out of frame (TMPRSS2-ERG)	NA
EVT-P-0014004-T02-IM6-249	P-0014004-T02-IM6		Prostate Cancer	PRAD	ERG-TMPRSS2	TMPRSS2	out-of-frame	three_prime	39876954	1	1	True	1	True	exact match	retained	1.0	False	Ets-domain			TMPRSS2 (NM_001135099) - ERG (NM_004449) fusion: c.55+3828_c.40-59410del | Protein fusion: out of frame (TMPRSS2-ERG)	NA
EVT-P-0014004-T03-IM6-250	P-0014004-T03-IM6		Prostate Cancer	PRNE	ERG-TMPRSS2	TMPRSS2	out-of-frame	three_prime	39876954	1	1	True	1	True	exact match	retained	1.0	False	Ets-domain			TMPRSS2 (NM_001135099) - ERG (NM_004449) fusion: c.55+3827_c.40-59410del | Protein Fusion: out of frame  {TMPRSS2:ERG}	NA
EVT-P-0014076-T01-IM5-251	P-0014076-T01-IM5		Prostate Cancer	PRAD	ERG-TMPRSS2	TMPRSS2	out-of-frame	three_prime	39845881	2	7	True	7	True	exact match	retained	1.0	False	Ets-domain			TMPRSS2 (NM_001135099) - ERG (NM_182918) fusion (TMPRSS2 exon 1 fused to ERG exons 2-10): c.56-3633:TMPRSS2_c.18+24406:ERGdel | Protein fusion: out of frame (TMPRSS2-ERG)	NA
EVT-P-0014202-T01-IM6-252	P-0014202-T01-IM6		Prostate Cancer	PRAD	ERG-TMPRSS2	TMPRSS2	in-frame	three_prime	39870228	2	7	True	7	True	exact match	retained	1.0	False	Ets-domain			TMPRSS2 (NM_001135099) - ERG (NM_182918) fusion (TMPRSS2 exons 1-2 fused in-frame to ERG exons 2-10): c.126+456:TMPRSS2_c.18+59:ERGdel | Protein fusion: in frame (TMPRSS2-ERG)	NA
EVT-P-0014341-T01-IM6-253	P-0014341-T01-IM6		Prostate Cancer	PRAD	ERG-TMPRSS2	TMPRSS2	out-of-frame	three_prime	39874401	1	1	True	1	True	exact match	retained	1.0	False	Ets-domain			TMPRSS2 (NM_001135099) - ERG (NM_182918) fusion (TMPRSS2 exon 1 fused to ERG exons 4-10): c.56-2247:TMPRSS2_c.-4097:ERGdel | Protein fusion: out of frame (TMPRSS2-ERG)	NA
EVT-P-0026196-T01-IM6-254	P-0026196-T01-IM6		Prostate Cancer	PRAD	ERG-TMPRSS2	TMPRSS2	out-of-frame	three_prime	39884340	1	1	True	1	True	exact match	retained	1.0	False	Ets-domain			TMPRSS2 (NM_001135099) - ERG (NM_004449) fusion (TMPRSS2 exons 1-2 fused to ERG exons 4-11):  c.126+749:TMPRSS2_c.40-60753:ERGdel | Protein Fusion: out of frame  {TMPRSS2:ERG}	NA
EVT-P-0014414-T01-IM6-255	P-0014414-T01-IM6		Prostate Cancer	PRAD	ERG-TMPRSS2	TMPRSS2	out-of-frame	five_prime	39896126	1	1	True			breakpoint lies entirely upstream of the first coding exon (zero coding bases retained on this side); no residue to compare	lost	0.0	False		Ets-domain		ERG (NM_004449) - TMPRRS2 (NM_001135099) rearrangement: c.39+51460:ERG_c.56-2388:TMPRRS2dup | Protein fusion: out of frame (ERG-TMPRSS2)	NA
EVT-P-0014425-T01-IM6-256	P-0014425-T01-IM6		Prostate Cancer	PRAD	ERG-TMPRSS2	TMPRSS2	out-of-frame	three_prime	39821898	2	7	True	7	True	exact match	retained	1.0	False	Ets-domain			TMPRSS2 (NM_001135099) - ERG (NM_182918) fusion (TMPRSS2 exon 1 fused with ERG exons 2-10): c.56-2528:TMPRSS2_c.19-4354:ERGdel | Protein fusion: out of frame (TMPRSS2-ERG)	NA
EVT-P-0014438-T01-IM6-257	P-0014438-T01-IM6		Prostate Cancer	PRAD	ERG-TMPRSS2	TMPRSS2	out-of-frame	three_prime	39896787	1	1	True	1	True	exact match	retained	1.0	False	Ets-domain			TMPRSS2 (NM_001135099) - ERG (NM_004449) fusion (TMPRSS2 exon 1 fused to ERG exons 4-10): c.55+3942:TMPRSS2_c.39+50799:ERGdel | Protein fusion: out of frame (TMPRSS2-ERG)	NA
EVT-P-0014531-T01-IM6-258	P-0014531-T01-IM6		Prostate Cancer	PRAD	ERG-TMPRSS2	TMPRSS2	out-of-frame	three_prime	39858344	2	7	True	7	True	exact match	retained	1.0	False	Ets-domain			TMPRRS2 (NM_001135099) -ERG (NM_004449) Fusion: c.56-3954:TMPRSS2_c.18+11943:ERGdel | Protein fusion: out of frame (TMPRSS2-ERG)	NA
EVT-P-0036438-T01-IM6-259	P-0036438-T01-IM6		Prostate Cancer	PRAD	ERG-TMPRSS2	TMPRSS2	in-frame	three_prime	39867517	2	7	True	7	True	exact match	retained	1.0	False	Ets-domain			TMPRSS2 (NM_001135099) - ERG (NM_182918) fusion: c.127-1144:TMPRSS2_c.18+2770:ERGdel | Protein Fusion: in frame  {TMPRSS2:ERG}	NA
EVT-P-0000373-T01-IM3-260	P-0000373-T01-IM3		Prostate Cancer	PRAD	ERG-TMPRSS2	TMPRSS2	out-of-frame	three_prime	39842043	2	7	True	7	True	exact match	retained	1.0	False	Ets-domain			TMPRSS2 (NM_001135099) - ERG (NM_182918) c.56-3994_c.19-24499del | Protein fusion: out of frame (TMPRSS2-ERG)	NA
EVT-P-0000888-T01-IM3-261	P-0000888-T01-IM3		Prostate Cancer	PRNE	ERG-TMPRSS2	TMPRSS2	in-frame	three_prime	39835338	2	7	True	7	True	exact match	retained	1.0	False	Ets-domain			TMPRSS2 (NM_001135099) - ERG (NM_182918) Deletion:  c.126+1374_c.19-17794del | Protein fusion: in frame (TMPRSS2-ERG)	NA
EVT-P-0008147-T01-IM5-262	P-0008147-T01-IM5		Prostate Cancer	PRAD	ERG-TMPRSS2	TMPRSS2	out-of-frame	three_prime	39875566	1	1	True	1	True	exact match	retained	1.0	False	Ets-domain			TMPRSS2 (NM_001135099) - ERG (NM_004449) fusion (TMPRSS2 exon1 fused with ERG exons 4-11) c.56-4181:TMPRSS2_c.40-58022:ERGdel | Protein fusion: out of frame (TMPRSS2-ERG)	NA
EVT-P-0014992-T01-IM6-263	P-0014992-T01-IM6		Prostate Cancer	PRAD	ERG-TMPRSS2	TMPRSS2	out-of-frame	three_prime	39864986	2	7	True	7	True	exact match	retained	1.0	False	Ets-domain			TMPRSS2 (NM_001135099) -ERG (NM_182918) Fusion (TMPRSS2 exon 1 fused with ERG exons 2-10) : c.55+2429:TMPRSS2_c.18+5301:ERGdel | Protein fusion: out of frame (TMPRSS2-ERG)	NA
EVT-P-0015015-T01-IM6-264	P-0015015-T01-IM6		Prostate Cancer	PRAD	ERG-TMPRSS2	TMPRSS2	in-frame	three_prime	39861551	2	7	True	7	True	exact match	retained	1.0	False	Ets-domain			TMPRSS2 (NM_001135099)  - ERG (NM_004449) fusion (TMPRSS2 exons 1-2 fused to ERG exons 4-11) : c.127-1516:TMPRSS2_c.40-44007:ERGdel | Protein fusion: in frame (TMPRSS2-ERG)	NA
EVT-P-0036351-T01-IM6-265	P-0036351-T01-IM6		Prostate Cancer	PRAD	ERG-TMPRSS2	TMPRSS2	out-of-frame	three_prime	39885078	1	1	True	1	True	exact match	retained	1.0	False	Ets-domain			TMPRSS2 (NM_001135099) - ERG(NM_004449) Fusion (TMPRSS2 exon2 with ERG exon4) : c.56-2148:TMPRSS2_c.39+62508:ERG del | Protein Fusion: out of frame  {TMPRSS2:ERG}	NA
EVT-P-0015132-T01-IM6-267	P-0015132-T01-IM6		Prostate Cancer	PRAD	ERG-TMPRSS2	TMPRSS2	in-frame	three_prime	39874000	1	1	True	1	True	exact match	retained	1.0	False	Ets-domain			TMPRSS2 (NM_001135099) - ERG (NM_004449) Fusion (TMPRSS2 exons 1-2 fused with ERG exons 4-11):c.127-625:TMPRSS2_c.40-56456:ERGdel | Protein fusion: in frame (TMPRSS2-ERG)	NA
EVT-P-0015209-T01-IM6-268	P-0015209-T01-IM6		Prostate Cancer	PRAD	ERG-TMPRSS2	TMPRSS2	out-of-frame	three_prime	39857197	2	7	True	7	True	exact match	retained	1.0	False	Ets-domain			TMPRSS2 (NM_001135099) - ERG (NM_182918) fusion (TMPRSS2 exon1 fused to ERG exon2): c.55+2192:TMPRSS2_c.18+13090:ERGdel | Protein fusion: out of frame (TMPRSS2-ERG)	NA
EVT-P-0015250-T01-IM6-269	P-0015250-T01-IM6		Prostate Cancer	PRAD	ERG-TMPRSS2	TMPRSS2	out-of-frame	three_prime	39837892	2	7	True	7	True	exact match	retained	1.0	False	Ets-domain			TMPRSS2 (NM_001135099) - ERG (NM_182918) fusion (TMPRSS2 exon 1 fused to ERG exon 2): c.56-4310:TMPRSS2_c.19-20348:ERGdel | Protein fusion: out of frame (TMPRSS2-ERG)	NA
EVT-P-0015482-T01-IM6-271	P-0015482-T01-IM6		Prostate Cancer	PRAD	ERG-TMPRSS2	TMPRSS2	out-of-frame	three_prime	39858572	2	7	True	7	True	exact match	retained	1.0	False	Ets-domain			TMPRSS2 (NM_001135099) - ERG (NM_182918) fusion (TMPRRS2 exon1 fused to ERG exon 2): c.56-1115:TMPRSS2_c.18+11715:ERGdel | Protein fusion: out of frame (TMPRSS2-ERG)	NA
EVT-P-0015628-T01-IM6-272	P-0015628-T01-IM6		Prostate Cancer	PRAD	ERG-TMPRSS2	TMPRSS2	out-of-frame	three_prime	39863466	2	7	True	7	True	exact match	retained	1.0	False	Ets-domain			TMPRSS2 (NM_001135099) - ERG (NM_182918) fusion (TMPRSS2 exon 1 fused to ERG exons 2-10): c.56-27:TMPSS2_c.18+6821:ERGdel | Protein fusion: out of frame (TMPRSS2-ERG)	NA
EVT-P-0036346-T01-IM6-273	P-0036346-T01-IM6		Prostate Cancer	PRAD	ERG-TMPRSS2	TMPRSS2	out-of-frame	three_prime	39931590	1	1	True	1	True	exact match	retained	1.0	False	Ets-domain			TMPRSS2 (NM_001135099) - ERG (NM_004449) Fusion (TMPRSS2 exon1 fused with ERG exon4): c.56-484:TMPRSS2_c.39+15996:ERGdel | Protein Fusion: out of frame  {TMPRSS2:ERG}	NA
EVT-P-0015744-T01-IM6-274	P-0015744-T01-IM6		Prostate Cancer	PRAD	ERG-TMPRSS2	TMPRSS2	out-of-frame	three_prime	39940431	1	1	True	1	True	exact match	retained	1.0	False	Ets-domain			TMPRSS2 (NM_001135099) - ERG (NM_004449) fusion (TMPRSS2  exon 1 fused to ERG exons 4-11): c.56-917:TMPRSS2_c.39+7155:ERGdel | Protein fusion: out of frame (TMPRSS2-ERG)	NA
EVT-P-0015744-T02-IM6-275	P-0015744-T02-IM6		Prostate Cancer	PRAD	ERG-TMPRSS2	TMPRSS2	out-of-frame	three_prime	39940431	1	1	True	1	True	exact match	retained	1.0	False	Ets-domain			TMPRSS2 (NM_001135099) - ERG (NM_004449) fusion (TMPRSS2  exon 1 fused to ERG exons 4-11): c.56-918:TMPRSS2_c.39+7155:ERGdel | Protein Fusion: out of frame  {TMPRSS2:ERG}	NA
EVT-P-0015837-T01-IM6-276	P-0015837-T01-IM6		Prostate Cancer	PRAD	ERG-TMPRSS2	TMPRSS2	out-of-frame	three_prime	39859543	2	7	True	7	True	exact match	retained	1.0	False	Ets-domain			TMPRSS2 (NM_001135099) - ERG (NM_182918) fusion (TMPRSS2 exon 1 fused to ERG exons 2-10): c.56-1324:TMPSS2_c.18+10744:ERGdel | Protein Fusion: out of frame  {TMPRSS2:ERG}	NA
EVT-P-0015850-T01-IM6-277	P-0015850-T01-IM6		Prostate Cancer	PRAD	ERG-TMPRSS2	TMPRSS2	out-of-frame	three_prime	39938394	1	1	True	1	True	exact match	retained	1.0	False	Ets-domain			TMPRSS2 (NM_001135099) - ERG (NM_004449) fusion (TMPRSS2 exon 1 to ERG exon 4): c.55+1034:TMPRSS2_c.39+9192:ERG | Protein Fusion: out of frame  {TMPRSS2:ERG}	NA
EVT-P-0015960-T01-IM6-278	P-0015960-T01-IM6		Prostate Cancer	PRAD	ERG-TMPRSS2	TMPRSS2	out-of-frame	three_prime	39882321	1	1	True	1	True	exact match	retained	1.0	False	Ets-domain			TMPRSS2 (NM_001135099) - ERG (NM_004449) fusion (TMPRSS2 exon 1 fused to ERG exon 4): c.56-116:TMPRSS2_c.40-64777:ERG | Protein Fusion: out of frame  {TMPRSS2:ERG}	NA
EVT-P-0015960-T02-IM6-279	P-0015960-T02-IM6		Prostate Cancer	PRAD	ERG-TMPRSS2	TMPRSS2	out-of-frame	three_prime	39882321	1	1	True	1	True	exact match	retained	1.0	False	Ets-domain			TMPRSS2 (NM_001135099) - ERG (NM_004449) fusion (TMPRRS2 exon 1 fused to ERG exons 4-11):c.56-116:TMPRSS2_c.40-64777:ERGdel | Protein Fusion: out of frame  {TMPRSS2:ERG}	NA
EVT-P-0016015-T01-IM6-280	P-0016015-T01-IM6		Prostate Cancer	PRSCC	ERG-TMPRSS2	TMPRSS2	out-of-frame	three_prime	39876278	1	1	True	1	True	exact match	retained	1.0	False	Ets-domain			TMPRSS2 (NM_001135099) - ERG (NM_004449) fusion (TMPRSS2 exon 1 fused to ERG exon 4) : c.56-548:TMPRSS2_c.40-58734:ERGdel | Protein Fusion: out of frame  {TMPRSS2:ERG}	NA
EVT-P-0016063-T01-IM6-281	P-0016063-T01-IM6		Cancer of Unknown Primary	SCUP	ERG-TMPRSS2	TMPRSS2	in-frame	three_prime	39875458	1	1	True	1	True	exact match	retained	1.0	False	Ets-domain			TMPRSS2 (NM_001135099) -ERG (NM_004449) Fusion (TMPRSS2 exon 1-2 with ERG exon 4-11) : c.127-513:TMPRSS2_c.40-57914:ERGdel | Protein Fusion: in frame  {TMPRSS2:ERG}	NA
EVT-P-0016087-T01-IM6-282	P-0016087-T01-IM6		Prostate Cancer	PRAD	ERG-TMPRSS2	TMPRSS2	out-of-frame	three_prime	39885739	1	1	True	1	True	exact match	retained	1.0	False	Ets-domain			TMPRSS2 (NM_001135099) -ERG (NM_004449) fusion (TMPRSS2 exon 1 with ERG exons 4-11) : c.56-3952:TMPRSS2_c.39+61847:ERGdel | Protein Fusion: out of frame  {TMPRSS2:ERG}	NA
EVT-P-0016134-T01-IM6-283	P-0016134-T01-IM6		Prostate Cancer	PRAD	ERG-TMPRSS2	TMPRSS2	out-of-frame	three_prime	39844066	2	7	True	7	True	exact match	retained	1.0	False	Ets-domain			TMPRSS2 (NM_001135099) -ERG (NM_182918) fusion (TMPRSS2 exon 1 with ERG exons 2-10) : c.56-393:TMPRSS2_c.18+26221:ERGdel | Protein Fusion: out of frame  {TMPRSS2:ERG}	NA
EVT-P-0016236-T01-IM6-285	P-0016236-T01-IM6		Prostate Cancer	PRAD	ERG-TMPRSS2	TMPRSS2	out-of-frame	three_prime	39933922	1	1	True	1	True	exact match	retained	1.0	False	Ets-domain			TMPRSS2 (NM_001135099) - ERG (NM_004449) fusion (TMPRSS2 exon 1 fused to ERG exon 4): c.56-2874:TMPRSS2_c.39+13664:ERGdel | Protein Fusion: out of frame  {TMPRSS2:ERG}	NA
EVT-P-0016296-T01-IM6-286	P-0016296-T01-IM6		Prostate Cancer	PRAD	ERG-TMPRSS2	TMPRSS2	in-frame	three_prime	39864325	2	7	True	7	True	exact match	retained	1.0	False	Ets-domain			TMPRSS2 (NM_001135099) -ERG (NM_182918) fusion (TMPRSS2 exon 1 with ERG exons 2-10) : c.40-46781:TMPRSS2_c.18+5962:ERGdel | Protein Fusion: in frame  {TMPRSS2:ERG}	NA
EVT-P-0016325-T01-IM6-288	P-0016325-T01-IM6		Prostate Cancer	PRAD	ERG-TMPRSS2	TMPRSS2	unknown	three_prime	39872831	1	1	True	1	True	exact match	retained	1.0	False	Ets-domain			TMPRSS2 (NM_001135099) - ERG (NM_004449) fusion (TMPRSS2 exons 1-2 fused to ERG exons 4-11): c.126+1067:TMPRSS2_c.40-55287:ERGdel | Transcript Fusion {TMPRSS2:ERG}	NA
EVT-P-0016396-T01-IM6-289	P-0016396-T01-IM6		Prostate Cancer	PRAD	ERG-TMPRSS2	TMPRSS2	in-frame	three_prime	39869161	2	7	True	7	True	exact match	retained	1.0	False	Ets-domain			TMPRSS2 (NM_001135099) - ERG (NM_182918) fusion (TMPRSS2 exon 1-2 with ERG exons 2-10) : c.126+797:TMPRSS2_c.18+1126:ERGdel | Protein Fusion: in frame  {TMPRSS2:ERG}	NA
EVT-P-0016698-T01-IM6-291	P-0016698-T01-IM6		Prostate Cancer	PRAD	ERG-TMPRSS2	TMPRSS2	out-of-frame	three_prime	39860318	2	7	True	7	True	exact match	retained	1.0	False	Ets-domain			TMPRSS2 (NM_001135099) - ERG (NM_182918) fusion (TMPRSS2 exon 1 fused to ERG exons 2-10): c.56-2599:TMPRSS2_c.18+9969:ERGdel | Protein Fusion: out of frame  {TMPRSS2:ERG}	NA
EVT-P-0016733-T01-IM6-292	P-0016733-T01-IM6		Prostate Cancer	PRAD	ERG-TMPRSS2	TMPRSS2	out-of-frame	three_prime	39823695	2	7	True	7	True	exact match	retained	1.0	False	Ets-domain			TMPRSS2 (NM_001135099) - ERG fusion (NM_182918) fusion (TMPRSS2 exon 1 fused to ERG exons 2-10): c.56-3794:TMRPSS2_c.19-6151:ERGdel | Protein Fusion: out of frame  {TMPRSS2:ERG}	NA
EVT-P-0036294-T01-IM6-293	P-0036294-T01-IM6		Prostate Cancer	PRAD	ERG-TMPRSS2	TMPRSS2	in-frame	three_prime	39866085	2	7	True	7	True	exact match	retained	1.0	False	Ets-domain			TMPRSS2 (NM_001135099) -  ERG (NM_182918) fusion: c.127-1016:TMPRSS2_c.18+4202:ERGdel | Protein Fusion: in frame  {TMPRSS2:ERG}	NA
EVT-P-0036176-T01-IM6-294	P-0036176-T01-IM6		Prostate Cancer	PRAD	ERG-TMPRSS2	TMPRSS2	out-of-frame	three_prime	39856076	2	7	True	7	True	exact match	retained	1.0	False	Ets-domain			TMPRSS2 (NM_001135099) - ERG (NM_182918) fusion: c.56-3823:TMPRSS2_c.18+14211:ERGdel | Protein Fusion: out of frame  {TMPRSS2:ERG}	NA
EVT-P-0016895-T01-IM6-296	P-0016895-T01-IM6		Prostate Cancer	PRAD	ERG-TMPRSS2	TMPRSS2	out-of-frame	three_prime	39831327	2	7	True	7	True	exact match	retained	1.0	False	Ets-domain			TMPRSS2 (NM_001135099) -ERG (NM_182918) Fusion (TMPRSS2 exons 1-2 fused with ERG exons 2-10) : c.56-3557:TMPRSS2_c.19-13783:ERGdel | Protein Fusion: out of frame  {TMPRSS2:ERG}	NA
EVT-P-0016933-T01-IM6-297	P-0016933-T01-IM6		Prostate Cancer	PRAD	ERG-TMPRSS2	TMPRSS2	out-of-frame	three_prime	39876438	1	1	True	1	True	exact match	retained	1.0	False	Ets-domain			TMPRSS2 (NM_001135099) -ERG (NM_004449) Fusion (TMPRSS2 exon1 fused with ERG exons 4-11) : c.55+4812:TMPRSS2_c.40-58894:ERGdel | Protein Fusion: out of frame  {TMPRSS2:ERG}	NA
EVT-P-0016983-T01-IM6-298	P-0016983-T01-IM6		Prostate Cancer	PRAD	ERG-TMPRSS2	TMPRSS2	in-frame	three_prime	39832975	2	7	True	7	True	exact match	retained	1.0	False	Ets-domain			TMPRSS2 (NM_001135099) - ERG fusion (NM_182918) fusion (TMPRSS2 exon 1-2 fused to ERG exons 2-10): c.127-1367:TMRPSS2_c.19-15431:ERGdel | Protein Fusion: in frame  {TMPRSS2:ERG}	NA
EVT-P-0017065-T01-IM6-300	P-0017065-T01-IM6		Prostate Cancer	PRAD	ERG-TMPRSS2	TMPRSS2	out-of-frame	three_prime	39859899	2	7	True	7	True	exact match	retained	1.0	False	Ets-domain			TMPRSS2 (NM_001135099) - ERG Fusion (TMPRSS2 exon1 fused with ERG exons 4-11) : c.56-967:TMPRSS2_c.40-42355:ERGdel | Protein Fusion: out of frame  {TMPRSS2:ERG}	NA
EVT-P-0017168-T01-IM6-301	P-0017168-T01-IM6		Prostate Cancer	PRAD	ERG-TMPRSS2	TMPRSS2	in-frame	three_prime	39834926	2	7	True	7	True	exact match	retained	1.0	False	Ets-domain			TMPRSS2 (NM_001135099) -ERG (NM_182918) fusion (TMPRSS2 exon 1-2 with ERG exons 2-10) : c.126+1703:TMPRSS2_c.19-17382:ERGdel | Protein Fusion: in frame  {TMPRSS2:ERG}	NA
EVT-P-0017235-T01-IM6-302	P-0017235-T01-IM6		Prostate Cancer	PRAD	ERG-TMPRSS2	TMPRSS2	out-of-frame	three_prime	39885215	1	1	True	1	True	exact match	retained	1.0	False	Ets-domain			TMPRSS2 (NM_001135099) -ERG (NM_004449) Fusion (TMPRSS2 exon 1-2 with ERG exon 4-11) : c.56-4295:TMPRSS2_c.39+62371:ERGdel | Protein Fusion: out of frame  {TMPRSS2:ERG}	NA
EVT-P-0017245-T01-IM6-303	P-0017245-T01-IM6		Prostate Cancer	PRAD	ERG-TMPRSS2	TMPRSS2	out-of-frame	three_prime	39805081	3	79	True	79	True	exact match	retained	1.0	False	Ets-domain			TMPRSS2 (NM_001135099) - ERG (NM_182918) Fusion (TMPRSS2 exon1 fused with ERG exon3) : c.55+3273:TMPRSS2_c.237-9598:ERGdel | Protein Fusion: out of frame  {TMPRSS2:ERG}	NA
EVT-P-0017262-T01-IM6-304	P-0017262-T01-IM6		Prostate Cancer	PRAD	ERG-TMPRSS2	TMPRSS2	in-frame	three_prime	39866100	2	7	True	7	True	exact match	retained	1.0	False	Ets-domain			TMPRSS2 (NM_001135099) - ERG (NM_182918) fusion (TMPRSS2 exons 1-2 fused in-frame with ERG exons 2-10): c.126+1749:TMPRSS2_c.18+4187:ERGdel | Protein Fusion: in frame  {TMPRSS2:ERG}	NA
EVT-P-0017312-T01-IM6-305	P-0017312-T01-IM6		Prostate Cancer	PRAD	ERG-TMPRSS2	TMPRSS2	in-frame	three_prime	39862482	2	7	True	7	True	exact match	retained	1.0	False	Ets-domain			TMPRSS2 (NM_001135099) - ERG (NM_182918) Fusion (TMPRSS2 exon2 with ERG exon 2) : c.126+1523:TMPRSS2_c.18+7805:ERGdel | Protein Fusion: in frame  {TMPRSS2:ERG}	NA
EVT-P-0017376-T01-IM6-306	P-0017376-T01-IM6		Prostate Cancer	PRAD	ERG-TMPRSS2	TMPRSS2	out-of-frame	three_prime	39879103	1	1	True	1	True	exact match	retained	1.0	False	Ets-domain			TMPRSS2 (NM_001135099) - ERG (NM_004449) fusion (TMPRSS2 exon 1 fused to ERG exons 4-11): c.56-2204:TMPRSS2_c.40-61559:ERGdel | Protein Fusion: out of frame  {TMPRSS2:ERG}	NA
EVT-P-0017548-T01-IM5-308	P-0017548-T01-IM5		Prostate Cancer	PRAD	ERG-TMPRSS2	TMPRSS2	out-of-frame	three_prime	39876142	1	1	True	1	True	exact match	retained	1.0	False	Ets-domain			TMPRSS2 (NM_001135099) - ERG (NM_004449) fusion (TMPRRS2 exon 1 fused to ERG exons 4-11):c.56-2838:TMPRSS2_c.40-58598:ERGdel | Protein Fusion: out of frame  {TMPRSS2:ERG}	NA
EVT-P-0017548-T02-IM6-309	P-0017548-T02-IM6		Prostate Cancer	PRAD	ERG-TMPRSS2	TMPRSS2	out-of-frame	three_prime	39876142	1	1	True	1	True	exact match	retained	1.0	False	Ets-domain			TMPRSS2 (NM_001135099) - ERG (NM_004449) fusion (TMPRRS2 exon 1 fused to ERG exons 4-11):c.56-2838:TMPRSS2_c.40-58598:ERGdel | Protein Fusion: out of frame  {TMPRSS2:ERG}	NA
EVT-P-0017708-T01-IM6-310	P-0017708-T01-IM6		Prostate Cancer	PRAD	ERG-TMPRSS2	TMPRSS2	out-of-frame	three_prime	39873844	1	1	True	1	True	exact match	retained	1.0	False	Ets-domain			TMPRSS2 (NM_001135099) - ERG (NM_004449) fusion (TMPRSS2 exon 1 fused with ERG exons 4-11): c.56-4676:TMPRSS2_c.40-56300:ERGdel | Protein Fusion: out of frame  {TMPRSS2:ERG}	NA
EVT-P-0017730-T01-IM6-311	P-0017730-T01-IM6		Prostate Cancer	PRAD	ERG-TMPRSS2	TMPRSS2	out-of-frame	three_prime	39825791	2	7	True	7	True	exact match	retained	1.0	False	Ets-domain			TMPRSS2 (NM_001135099) - ERG (NM_182918) fusion (TMPRRS2 exon 1 fused to ERG exons 2-10): c.56-4466:TMPRSS2_c.19-8247:ERGdel | Protein Fusion: out of frame  {TMPRSS2:ERG}	NA
EVT-P-0018038-T01-IM6-312	P-0018038-T01-IM6		Prostate Cancer	PRAD	ERG-TMPRSS2	TMPRSS2	out-of-frame	three_prime	39859266	2	7	True	7	True	exact match	retained	1.0	False	Ets-domain			TMPRSS2 (NM_001135099) - ERG (NM_182918) Fusion : c.56-3057:TMPRSS2_c.18+11021:ERGdel | Protein Fusion: out of frame  {TMPRSS2:ERG}	NA
EVT-P-0012507-T01-IM5-313	P-0012507-T01-IM5		Prostate Cancer	PRAD	ERG-TMPRSS2	TMPRSS2	out-of-frame	three_prime	39868024	2	7	True	7	True	exact match	retained	1.0	False	Ets-domain			TMPRSS2 (NM_001135099) - ERG (NM_182918) fusion: c.56-2176:TMPRSS2_c.18+2263:ERGdel | Protein fusion: out of frame (TMPRSS2-ERG)	NA
EVT-P-0018090-T01-IM6-314	P-0018090-T01-IM6		Prostate Cancer	PRAD	ERG-TMPRSS2	TMPRSS2	in-frame	three_prime	39819785	2	7	True	7	True	exact match	retained	1.0	False	Ets-domain			TMPRSS2 (NM_001135099) - ERG (NM_182918) fusion (TMPRRS2 exons 1-2 fused to ERG exons 2-10):c.127-620:TMPRSS2_c.19-2241:ERGdel | Protein Fusion: in frame  {TMPRSS2:ERG}	NA
EVT-P-0018149-T01-IM6-316	P-0018149-T01-IM6		Prostate Cancer	PRAD	ERG-TMPRSS2	TMPRSS2	out-of-frame	three_prime	39874384	1	1	True	1	True	exact match	retained	1.0	False	Ets-domain			TMPRSS2 (NM_001135099) -ERG (NM_004449) Fusion (TMPRSS2 exon 1 with ERG exon 4) : c.55+3556:TMPRSS2_c.40-56840:ERGdel | Protein Fusion: out of frame  {TMPRSS2:ERG}	NA
EVT-P-0018315-T01-IM6-318	P-0018315-T01-IM6		Prostate Cancer	PRAD	ERG-TMPRSS2	TMPRSS2	in-frame	three_prime	39851526	2	7	True	7	True	exact match	retained	1.0	False	Ets-domain			TMPRSS2 (NM_001135099) - ERG (NM_182918) fusion (TMPRSS2 exons 1-2 fused in-frame with ERG exons 2-10): c.126+1575:TMPRSS2_c.18+18761:ERGdel | Protein Fusion: in frame  {TMPRSS2:ERG}	NA
EVT-P-0018395-T01-IM6-319	P-0018395-T01-IM6		Prostate Cancer	PRAD	ERG-TMPRSS2	TMPRSS2	unknown	three_prime	39871911	1	1	True	1	True	exact match	retained	1.0	False	Ets-domain			TMPRSS2 (NM_001135099) - ERG (NM_004449) fusion: c.55+2464:TMPRSS2_c.40-54367:ERGdel | Transcript Fusion {TMPRSS2:ERG}	NA
EVT-P-0018489-T01-IM6-320	P-0018489-T01-IM6		Prostate Cancer	PRAD	ERG-TMPRSS2	TMPRSS2	out-of-frame	three_prime	39823645	2	7	True	7	True	exact match	retained	1.0	False	Ets-domain			TMPRSS2 (NM_001135099) -ERG (NM_004449) fusion (TMPRSS2 exon 1 fused with ERG exons 2-11): c.56-3860:TMPRSS2_c.40-6101:ERGdel | Protein Fusion: out of frame  {TMPRSS2:ERG}	NA
EVT-P-0018581-T01-IM6-321	P-0018581-T01-IM6		Prostate Cancer	PRAD	ERG-TMPRSS2	TMPRSS2	in-frame	three_prime	39861458	2	7	True	7	True	exact match	retained	1.0	False	Ets-domain			TMPRSS2 (NM_001135099) - ERG (NM_182918) fusion (TMPRRS2 exons 1-2 fused to ERG exons 2-10): c.127-1554:TMPRSS2_c.18+8829:ERGdel | Protein Fusion: in frame  {TMPRSS2:ERG}	NA
EVT-P-0018704-T01-IM6-322	P-0018704-T01-IM6		Prostate Cancer	PRAD	ERG-TMPRSS2	TMPRSS2	out-of-frame	three_prime	39883908	1	1	True	1	True	exact match	retained	1.0	False	Ets-domain			TMPRSS2 (NM_001135099) - ERG (NM_004449) fusion (TMRPSS2 exon 1 fused with ERG exons 4-11): c.56-2342:TMPRSS2_c.39+63678:ERGdel | Protein Fusion: out of frame  {TMPRSS2:ERG}	NA
EVT-P-0018713-T01-IM6-323	P-0018713-T01-IM6		Prostate Cancer	PRAD	ERG-TMPRSS2	TMPRSS2	in-frame	three_prime	39878175	1	1	True	1	True	exact match	retained	1.0	False	Ets-domain			TMPRSS2 (NM_001135099) - ERG (NM_004449) fusion (TMRPSS2 exon 1 fused with ERG exons 4-11): c.127-1426:TMPRSS2_c.40-60631:ERGdel | Protein Fusion: in frame  {TMPRSS2:ERG}	NA
EVT-P-0018798-T01-IM6-325	P-0018798-T01-IM6		Prostate Cancer	PRAD	ERG-TMPRSS2	TMPRSS2	out-of-frame	three_prime	39837165	2	7	True	7	True	exact match	retained	1.0	False	Ets-domain			TMPRSS2 (NM_001135099) - ERG (NM_182918) fusion (TMPRRS2 exon 1 fused to ERG exons 2-10): c.56-2155:TMPRSS2_c.19-19621:ERGdel | Protein Fusion: out of frame  {TMPRSS2:ERG}	NA
EVT-P-0018886-T01-IM6-327	P-0018886-T01-IM6		Prostate Cancer	PRAD	ERG-TMPRSS2	TMPRSS2	out-of-frame	three_prime	39861554	2	7	True	7	True	exact match	retained	1.0	False	Ets-domain			TMPRSS2 (NM_001135099) - ERG (NM_182918) fusion (TMRPSS2 exon 1 fused  with ERG exons 2-10): c.56-2764:TMPRSS2_c.18+8733:ERGdel | Protein Fusion: out of frame  {TMPRSS2:ERG}	NA
EVT-P-0036120-T01-IM6-328	P-0036120-T01-IM6		Prostate Cancer	PRAD	ERG-TMPRSS2	TMPRSS2	in-frame	three_prime	39830796	2	7	True	7	True	exact match	retained	1.0	False	Ets-domain			TMPRSS2 (NM_001135099) - ERG (NM_182918)  fusion (TMPRSS2 exons 1-2 fused with ERG exons 2-10): c.126+1353:TMPRSS2_c.19-13252:ERGdel | Protein Fusion: in frame  {TMPRSS2:ERG}	NA
EVT-P-0019212-T01-IM6-329	P-0019212-T01-IM6		Cancer of Unknown Primary	PDC	ERG-TMPRSS2	TMPRSS2	out-of-frame	three_prime	39822160	2	7	True	7	True	exact match	retained	1.0	False	Ets-domain			TMPRSS2 (NM_001135099) - ERG (NM_182918) fusion (TMPRSS2 exon 1 fused to ERG exon 2): c.55+3745:TMPRSS2_c.19-4616:ERGdel | Protein Fusion: out of frame  {TMPRSS2:ERG}	NA
EVT-P-0019212-T02-IM6-330	P-0019212-T02-IM6		Cancer of Unknown Primary	PDC	ERG-TMPRSS2	TMPRSS2	out-of-frame	three_prime	39822160	2	7	True	7	True	exact match	retained	1.0	False	Ets-domain			TMPRSS2 (NM_001135099) - ERG (NM_182918) fusion (TMPRSS2 exon 1 fused to ERG exon 2): c.55+3745:TMPRSS2_c.19-4616:ERGdel | Protein Fusion: out of frame  {TMPRSS2:ERG}	NA
EVT-P-0019212-T03-IM6-331	P-0019212-T03-IM6		Prostate Cancer	PRAD	ERG-TMPRSS2	TMPRSS2	out-of-frame	three_prime	39822160	2	7	True	7	True	exact match	retained	1.0	False	Ets-domain			TMPRSS2 (NM_001135099) - ERG (NM_182918) fusion (TMPRSS2 exon 1 fused to ERG exon 2): c.55+3745:TMPRSS2_c.19-4616:ERGdel | Protein Fusion: out of frame  {TMPRSS2:ERG}	NA
EVT-P-0019347-T01-IM6-332	P-0019347-T01-IM6		Prostate Cancer	PRAD	ERG-TMPRSS2	TMPRSS2	out-of-frame	three_prime	39825311	2	7	True	7	True	exact match	retained	1.0	False	Ets-domain			TMPRSS2 (NM_001135099) - ERG (NM_182918) fusion (TMPRRS2 exon 1 fused to ERG exons 2-10): c.56-2419:TMPRSS2_c.19-7767:ERGdel | Protein Fusion: out of frame  {TMPRSS2:ERG}	NA
EVT-P-0019692-T01-IM6-334	P-0019692-T01-IM6		Prostate Cancer	PRAD	ERG-TMPRSS2	TMPRSS2	out-of-frame	three_prime	39877975	1	1	True	1	True	exact match	retained	1.0	False	Ets-domain			TMPRSS2 (NM_001135099) - ERG (NM_004449) fusion (TMPRRS2 exon 1 fused to ERG exons 4-11):c.55+1604:TMPRSS2_c.40-60431:ERGdel | Protein Fusion: out of frame  {TMPRSS2:ERG}	NA
EVT-P-0019695-T01-IM6-335	P-0019695-T01-IM6		Prostate Cancer	PRAD	ERG-TMPRSS2	TMPRSS2	out-of-frame	three_prime	39878574	1	1	True	1	True	exact match	retained	1.0	False	Ets-domain			TMPRSS2 (NM_001135099) - ERG (NM_004449) fusion (TMPRRS2 exon 1 fused to ERG exons 4-11):c.56-941:TMPRSS2_c.40-61030:ERGdel | Protein Fusion: out of frame  {TMPRSS2:ERG}	NA
EVT-P-0019797-T01-IM6-336	P-0019797-T01-IM6		Cancer of Unknown Primary	NECNOS	ERG-TMPRSS2	TMPRSS2	out-of-frame	three_prime	39842251	2	7	True	7	True	exact match	retained	1.0	False	Ets-domain			TMPRSS2 (NM_001135099) - ERG (NM_182918) (TMPRSS2 exon 1 fused with ERG exons 2-10): c.56-2099:TMPRSS2_c.19-24707:ERGdel | Protein Fusion: out of frame  {TMPRSS2:ERG}	NA
EVT-P-0019840-T01-IM6-337	P-0019840-T01-IM6		Prostate Cancer	PRAD	ERG-TMPRSS2	TMPRSS2	out-of-frame	three_prime	39858985	2	7	True	7	True	exact match	retained	1.0	False	Ets-domain			TMPRSS2 (NM_001135099) - ERG (NM_182918) Fusion (TMPRSS2 exon1 with ERG exons 2-10) : c.56-4117:TMPRSS2_c.18+11302:ERGdel | Protein Fusion: out of frame  {TMPRSS2:ERG}	NA
EVT-P-0019930-T01-IM6-338	P-0019930-T01-IM6		Prostate Cancer	PRAD	ERG-TMPRSS2	TMPRSS2	out-of-frame	three_prime	39876869	1	1	True	1	True	exact match	retained	1.0	False	Ets-domain			TMPRSS2 (NM_001135099) - ERG (NM_004449) fusion (TMPRSS2 exon 1 fused with ERG exons 4-11): c.56-826:TMPRSS2_c.40-59325:ERGdel | Protein Fusion: out of frame  {TMPRSS2:ERG}	NA
EVT-P-0019933-T01-IM6-339	P-0019933-T01-IM6		Prostate Cancer	PRAD	ERG-TMPRSS2	TMPRSS2	out-of-frame	three_prime	39887565	1	1	True	1	True	exact match	retained	1.0	False	Ets-domain			TMPRSS2 (NM_001135099) - ERG (NM_004449) fusion ( TMPRSS2 exon 1 fused with ERG exons 4-11): c.56-4692:TMPRSS2_c.39+60021:ERGdel | Protein Fusion: out of frame  {TMPRSS2:ERG}	NA
EVT-P-0020078-T01-IM6-340	P-0020078-T01-IM6		Prostate Cancer	PRAD	ERG-TMPRSS2	TMPRSS2	out-of-frame	three_prime	39814317	3	79	True	79	True	exact match	retained	1.0	False	Ets-domain			TMPRSS2 (NM_001135099) - ERG (NM_182918) (TMPRSS2 exon 1 fused with ERG exons 2-10): c.56-2608:TMPRSS2_c.236+3010:ERGdel | Protein Fusion: out of frame  {TMPRSS2:ERG}	NA
EVT-P-0020083-T01-IM6-341	P-0020083-T01-IM6		Prostate Cancer	PRAD	ERG-TMPRSS2	TMPRSS2	out-of-frame	three_prime	39862196	2	7	True	7	True	exact match	retained	1.0	False	Ets-domain			TMPRSS2 (NM_001135099) - ERG (NM_182918) (TMPRSS2 exon 1 fused with ERG exons 2-10): c.56-3084:TMPRSS2_c.18+8091:ERGdel | Protein Fusion: out of frame  {TMPRSS2:ERG}	NA
EVT-P-0020132-T01-IM6-343	P-0020132-T01-IM6		Prostate Cancer	PRAD	ERG-TMPRSS2	TMPRSS2	in-frame	three_prime	39890646	1	1	True	1	True	exact match	retained	1.0	False	Ets-domain			TMPRSS2 (NM_001135099) - ERG (NM_004449) fusion (TMPRSS2 exons 1-2 fused to ERG exons 4-11):c.127-1118:TMPRSS2_c.39+56940:ERGdel | Protein Fusion: in frame  {TMPRSS2:ERG}	NA
EVT-P-0036007-T01-IM6-344	P-0036007-T01-IM6		Prostate Cancer	PRAD	ERG-TMPRSS2	TMPRSS2	out-of-frame	three_prime	39859465	2	7	True	7	True	exact match	retained	1.0	False	Ets-domain			TMPRSS2 (NM_001135099) - ERG (NM_182918) Fusion (TMPRSS2 exon 1 with ERG exon 2) : c.56-4127:TMPRSS2_c.18+10822:ERGdel | Protein Fusion: out of frame  {TMPRSS2:ERG}	NA
EVT-P-0020424-T01-IM6-345	P-0020424-T01-IM6		Prostate Cancer	PRAD	ERG-TMPRSS2	TMPRSS2	out-of-frame	three_prime	39877794	1	1	True	1	True	exact match	retained	1.0	False	Ets-domain			TMPRSS2 (NM_001135099) - ERG (NM_004449) fusion (TMPRRS2 exon 1 fused to ERG exons 4-11):c.55+590:TMPRSS2_c.40-60250:ERGdel | Protein Fusion: out of frame  {TMPRSS2:ERG}	NA
EVT-P-0020750-T01-IM6-346	P-0020750-T01-IM6		Prostate Cancer	PRAD	ERG-TMPRSS2	TMPRSS2	in-frame	five_prime	39945578	1	1	True			breakpoint lies entirely upstream of the first coding exon (zero coding bases retained on this side); no residue to compare	lost	0.0	False		Ets-domain		ERG (NM_004449) - TMPRSS2 (NM_001135099) rearrangement: c.39+2008:ERG_c.127-585:TMPRSS2dup | Protein Fusion: in frame  {ERG:TMPRSS2}	NA
EVT-P-0020812-T01-IM6-348	P-0020812-T01-IM6		Prostate Cancer	PRAD	ERG-TMPRSS2	TMPRSS2	out-of-frame	three_prime	39884157	1	1	True	1	True	exact match	retained	1.0	False	Ets-domain			TMPRSS2 (NM_001135099) - ERG (NM_004449) (TMPRSS2 exon 1 fused with ERG exons 4-11): c.55+3638:TMPRSS2_c.39+63429:ERGdel | Protein Fusion: out of frame  {TMPRSS2:ERG}	NA
EVT-P-0020812-T02-IM6-349	P-0020812-T02-IM6		Prostate Cancer	PRAD	ERG-TMPRSS2	TMPRSS2	out-of-frame	three_prime	39884157	1	1	True	1	True	exact match	retained	1.0	False	Ets-domain			TMPRSS2 (NM_001135099) - ERG (NM_004449) fusion (TMPRSS2 exon 1 fused with ERG exons 4-11): c.55+3638:TMPRSS2_c.39+63429:ERGdel | Protein Fusion: out of frame  {TMPRSS2:ERG}	NA
EVT-P-0035854-T01-IM6-350	P-0035854-T01-IM6		Prostate Cancer	PRAD	ERG-TMPRSS2	TMPRSS2	in-frame	three_prime	39936233	1	1	True	1	True	exact match	retained	1.0	False	Ets-domain			TMPRSS2 (NM_001135099) - ERG (NM_004449) fusion: c.126+533:TMPRSS2_c.39+11353:ERGdel | Protein Fusion: in frame  {TMPRSS2:ERG}	NA
EVT-P-0020844-T01-IM6-351	P-0020844-T01-IM6		Prostate Cancer	PRAD	ERG-TMPRSS2	TMPRSS2	in-frame	three_prime	39878848	1	1	True	1	True	exact match	retained	1.0	False	Ets-domain			TMPRSS2 (NM_001135099) - ERG (NM_004449) fusion (TMPRRS2 exons 1-2 fused to ERG exons 4-11):c.127-1626:TMPRSS2_c.40-61304:ERGdel | Protein Fusion: in frame  {TMPRSS2:ERG}	NA
EVT-P-0020847-T02-IM6-352	P-0020847-T02-IM6		Prostate Cancer	PRAD	ERG-TMPRSS2	TMPRSS2	in-frame	three_prime	39834901	2	7	True	7	True	exact match	retained	1.0	False	Ets-domain			TMPRSS2 (NM_001135099) - ERG (NM_182918) fusion (TMPRSS2 exons 1-2 fused with ERG exons 2-10): c.127-601:TMPRSS2_c.19-17357:ERGdel | Protein Fusion: in frame  {TMPRSS2:ERG}	NA
EVT-P-0035818-T01-IM6-353	P-0035818-T01-IM6		Prostate Cancer	PRSCC	ERG-TMPRSS2	TMPRSS2	in-frame	three_prime	39833350	2	7	True	7	True	exact match	retained	1.0	False	Ets-domain			TMPRSS2 (NM_001135099) - ERG (NM_182918) Fusion (TMPRSS2 exon2 fused with ERG exon2) : c.127-1222:TMPRSS2_c.19-15806:ERGdel | Protein Fusion: in frame  {TMPRSS2:ERG}	NA
EVT-P-0021104-T01-IM6-354	P-0021104-T01-IM6		Prostate Cancer	PRAD	ERG-TMPRSS2	TMPRSS2	unknown	three_prime	39872989	1	1	True	1	True	exact match	retained	1.0	False	Ets-domain			TMPRSS2 (NM_001135099) - ERG (NM_004449) fusion (TMPRRS2 exons 1-2 fused to ERG exons 4-11):c.127-55:TMPRSS2_c.40-55445:ERGdel | Transcript Fusion {TMPRSS2:ERG}	NA
EVT-P-0035561-T01-IM6-355	P-0035561-T01-IM6		Prostate Cancer	PRAD	ERG-TMPRSS2	TMPRSS2	out-of-frame	three_prime	39864747	2	7	True	7	True	exact match	retained	1.0	False	Ets-domain			TMPRSS2 (NM_001135099) - ERG (NM_182918) Fusion (TMPRSS2 exon2 fused with ERG exon2) : c.56-1709:TMPRSS2_c.18+5540:ERGdel | Protein Fusion: out of frame  {TMPRSS2:ERG}	NA
EVT-P-0021183-T01-IM6-356	P-0021183-T01-IM6		Prostate Cancer	PRAD	ERG-TMPRSS2	TMPRSS2	in-frame	three_prime	39844672	2	7	True	7	True	exact match	retained	1.0	False	Ets-domain			TMPRSS2 (NM_001135099) - ERG (NM_182918) fusion (TMPRSS2 exons 1-2 fused with ERG exons 2-10): c.126+659:TMPRSS2_c.18+25615:ERGdel | Protein Fusion: in frame  {TMPRSS2:ERG}	NA
EVT-P-0021239-T01-IM6-357	P-0021239-T01-IM6		Prostate Cancer	PRAD	ERG-TMPRSS2	TMPRSS2	out-of-frame	three_prime	39880684	1	1	True	1	True	exact match	retained	1.0	False	Ets-domain			TMPRSS2 (NM_001135099) - ERG (NM_004449) fusion (TMPRRS2 exon 1 fused to ERG exons 4-11):c.56-3436:TMPRSS2_c.40-63140:ERGdel | Protein Fusion: out of frame  {TMPRSS2:ERG}	NA
EVT-P-0035506-T01-IM6-358	P-0035506-T01-IM6		Prostate Cancer	PRAD	ERG-TMPRSS2	TMPRSS2	out-of-frame	five_prime	39834375	1	6	True	6	True	exact match	lost	0.0	False		Ets-domain		ERG (NM_182918) - TMPRSS2 (NM_001135099) rearrangement: c.19-16831:ERG_c.55+1176:TMPRSS2dup | Protein Fusion: out of frame  {ERG:TMPRSS2}	NA
EVT-P-0021310-T01-IM6-359	P-0021310-T01-IM6		Prostate Cancer	PRAD	ERG-TMPRSS2	TMPRSS2	in-frame	five_prime	39893675	1	1	True			breakpoint lies entirely upstream of the first coding exon (zero coding bases retained on this side); no residue to compare	lost	0.0	False		Ets-domain		ERG (NM_004449) - TMPRSS2 (NM_001135099) rearrangement: c.39+53911:ERG_c.126+1319:TMPRSS2dup | Protein Fusion: in frame  {ERG:TMPRSS2}	NA
EVT-P-0021342-T01-IM6-360	P-0021342-T01-IM6		Prostate Cancer	PRAD	ERG-TMPRSS2	TMPRSS2	in-frame	three_prime	39895890	1	1	True	1	True	exact match	retained	1.0	False	Ets-domain			TMPRSS2 (NM_001135099) - ERG (NM_004449) fusion (TMPRSS2 exons 1-2 fused to ERG exons 4-11): c.127-1752:TMPRSS2_c.39+51696:ERGdel | Protein Fusion: in frame  {TMPRSS2:ERG}	NA
EVT-P-0021388-T01-IM6-361	P-0021388-T01-IM6		Prostate Cancer	PRAD	ERG-TMPRSS2	TMPRSS2	in-frame	three_prime	39929648	1	1	True	1	True	exact match	retained	1.0	False	Ets-domain			TMPRSS2 (NM_001135099) - ERG (NM_004449) fusion (TMPRSS2 exons 1-2 fused to ERG exons 4-11): c.127-29:TMPRSS2_c.39+17938:ERGdel | Protein Fusion: in frame  {TMPRSS2:ERG}	NA
EVT-P-0035445-T01-IM6-362	P-0035445-T01-IM6		Prostate Cancer	PRAD	ERG-TMPRSS2	TMPRSS2	out-of-frame	three_prime	39854421	2	7	True	7	True	exact match	retained	1.0	False	Ets-domain			TMPRSS2 (NM_001135099) - ERG (NM_182918) fusion: c.56-4329:TMPRSS2_c.18+15866:ERGdel | Protein Fusion: out of frame  {TMPRSS2:ERG}	NA
EVT-P-0021577-T01-IM6-363	P-0021577-T01-IM6		Prostate Cancer	PRAD	ERG-TMPRSS2	TMPRSS2	in-frame	three_prime	39831231	2	7	True	7	True	exact match	retained	1.0	False	Ets-domain			TMPRSS2 (NM_001135099) - ERG (NM_182918) fusion (TMPRRS2 exons 1-2 fused to ERG exons 2-10): c.126+569:TMPRSS2_c.19-13687:ERGdel | Protein Fusion: in frame  {TMPRSS2:ERG}	NA
EVT-P-0021673-T01-IM6-364	P-0021673-T01-IM6		Prostate Cancer	PRAD	ERG-TMPRSS2	TMPRSS2	out-of-frame	three_prime	39867362	2	7	True	7	True	exact match	retained	1.0	False	Ets-domain			TMPRSS2 (NM_001135099) - ERG (NM_182918) fusion (TMPRSS2 exon 1 fused to ERG exons 2-10): c.56-3939:TMPRSS2_c.18+2925:ERGdel | Protein Fusion: out of frame  {TMPRSS2:ERG}	NA
EVT-P-0021698-T01-IM6-365	P-0021698-T01-IM6		Prostate Cancer	PRAD	ERG-TMPRSS2	TMPRSS2	out-of-frame	three_prime	39819660	2	7	True	7	True	exact match	retained	1.0	False	Ets-domain			TMPRSS2 (NM_001135099) - ERG (NM_182918) fusion (TMPRRS2 exons 1-2 fused to ERG exons 2-10): c.56-2467:TMPRSS2_c.19-2116:ERGdel | Protein Fusion: out of frame  {TMPRSS2:ERG}	NA
EVT-P-0035284-T01-IM6-366	P-0035284-T01-IM6		Prostate Cancer	PRAD	ERG-TMPRSS2	TMPRSS2	in-frame	three_prime	39881109	1	1	True	1	True	exact match	retained	1.0	False	Ets-domain			TMPRSS2 (NM_001135099) - ERG (NM_004449) fusion: c.126+991:TMPRSS2_c.40-63565:ERGdel | Protein Fusion: in frame  {TMPRSS2:ERG}	NA
EVT-P-0021853-T01-IM6-367	P-0021853-T01-IM6		Prostate Cancer	PRAD	ERG-TMPRSS2	TMPRSS2	out-of-frame	three_prime	39876965	1	1	True	1	True	exact match	retained	1.0	False	Ets-domain			TMPRSS2 (NM_001135099) -ERG (NM_004449) fusion (TMPRSS2 exon 1 fused with ERG exon4) : c.56-3032:TMPRSS2_c.40-59421:ERGdel | Protein Fusion: out of frame  {TMPRSS2:ERG}	NA
EVT-P-0022060-T01-IM6-369	P-0022060-T01-IM6		Prostate Cancer	PRAD	ERG-TMPRSS2	TMPRSS2	out-of-frame	five_prime	39817249	2	79	True	78	True	hybrid junction codon: fusion-annotation reports the last complete 5-prime residue, exactly one less than this project's hybrid-junction-inclusive residue; expected convention difference, not a disagreement	lost	0.0	False		Ets-domain		ERG (NM_182918) - TMPRSS2 (NM_001135099) rearrangement: c.236+78:ERG_c.350-337:TMPRSS2dup | Protein Fusion: out of frame  {ERG:TMPRSS2}	NA
EVT-P-0022117-T01-IM6-370	P-0022117-T01-IM6		Prostate Cancer	PRAD	ERG-TMPRSS2	TMPRSS2	unknown	three_prime	39862243	2	7	True	7	True	exact match	retained	1.0	False	Ets-domain			TMPRSS2 (NM_001135099) - ERG (NM_182918) fusion (TMPRRS2 exons 1-3 fused to ERG exons 2-10): c.304:TMPRSS2_c.18+8044:ERGdel | Protein Fusion: mid-exon  {TMPRSS2:ERG}	NA
EVT-P-0035221-T01-IM6-371	P-0035221-T01-IM6		Prostate Cancer	PRAD	ERG-TMPRSS2	TMPRSS2	out-of-frame	three_prime	39897486	1	1	True	1	True	exact match	retained	1.0	False	Ets-domain			TMPRSS2 (NM_001135099) - ERG (NM_004449) fusion: c.56-4689:TMPRSS2_c.39+50100:ERGdel | Protein Fusion: out of frame  {TMPRSS2:ERG}	NA
EVT-P-0035065-T01-IM6-372	P-0035065-T01-IM6		Prostate Cancer	PRAD	ERG-TMPRSS2	TMPRSS2	out-of-frame	three_prime	39909442	1	1	True	1	True	exact match	retained	1.0	False	Ets-domain			TMPRSS2 (NM_001135099) - ERG (NM_004449) fusion: c.55+4830:TMPRSS2_c.39+38144:ERGdel | Protein Fusion: out of frame  {TMPRSS2:ERG}	NA
EVT-P-0012375-T01-IM5-373	P-0012375-T01-IM5		Prostate Cancer	PRAD	ERG-TMPRSS2	TMPRSS2	out-of-frame	three_prime	39875968	1	1	True	1	True	exact match	retained	1.0	False	Ets-domain			TMPRSS2 (NM_001135099) - ERG (NM_004449) fusion (TMPRSS2 exon1 with ERG exons 4-11): c.56-59:TMPRSS2_c.40-58424:ERGdel | Protein fusion: out of frame (TMPRSS2-ERG)	NA
EVT-P-0022446-T01-IM6-375	P-0022446-T01-IM6		Prostate Cancer	PRAD	ERG-TMPRSS2	TMPRSS2	in-frame	three_prime	39888600	1	1	True	1	True	exact match	retained	1.0	False	Ets-domain			TMPRSS2 (NM_001135099) - ERG (NM_004449) fusion (TMPRSS2 exons 1-2 fused to ERG exons 4-11): c.126+1508:TMPRSS2_c.39+58986:ERGdel | Protein Fusion: in frame  {TMPRSS2:ERG}	NA
EVT-P-0022470-T01-IM6-376	P-0022470-T01-IM6		Prostate Cancer	PRAD	ERG-TMPRSS2	TMPRSS2	out-of-frame	three_prime	39880592	1	1	True	1	True	exact match	retained	1.0	False	Ets-domain			TMPRSS2 (NM_001135099) - ERG (NM_004449) fusion (TMPRRS2 exon 1 fused to ERG exons 4-11):c.56-2657:TMPRSS2_c.40-63048:ERGdel | Protein Fusion: out of frame  {TMPRSS2:ERG}	NA
EVT-P-0022611-T01-IM6-377	P-0022611-T01-IM6		Prostate Cancer	PRAD	ERG-TMPRSS2	TMPRSS2	out-of-frame	three_prime	39859154	2	7	True	7	True	exact match	retained	1.0	False	Ets-domain			TMPRSS2 (NM_001135099) - ERG (NM_182918) fusion (TMPRSS2 exon 1 fused to ERG exons 2-10): c.56-3513:TMPRSS2_c.18+11133:ERGdel | Protein Fusion: out of frame  {TMPRSS2:ERG}	NA
EVT-P-0022700-T01-IM6-378	P-0022700-T01-IM6		Prostate Cancer	PRAD	ERG-TMPRSS2	TMPRSS2	in-frame	three_prime	39878361	1	1	True	1	True	exact match	retained	1.0	False	Ets-domain			TMPRSS2 (NM_001135099) - ERG (NM_004449) fusion (TMPRRS2 exons 1-2 fused to ERG exons 4-11):c.126+631:TMPRSS2_c.40-60817:ERGdel | Protein Fusion: in frame  {TMPRSS2:ERG}	NA
EVT-P-0022782-T01-IM6-379	P-0022782-T01-IM6		Prostate Cancer	PRAD	ERG-TMPRSS2	TMPRSS2	out-of-frame	three_prime	39861233	2	7	True	7	True	exact match	retained	1.0	False	Ets-domain			TMPRSS2 (NM_001135099) - ERG (NM_182918) fusion (TMPRSS2 exon 1 fused in-frame with ERG exons 2-10): c.56-4767:TMRPSS2_c.18+9054:ERGdel | Protein Fusion: out of frame  {TMPRSS2:ERG}	NA
EVT-P-0022865-T01-IM6-380	P-0022865-T01-IM6		Prostate Cancer	PRAD	ERG-TMPRSS2	TMPRSS2	unknown	three_prime	39817473	2	30	False	30	True	exact match	retained	1.0	False	Ets-domain			TMPRSS2 (NM_001135099) ERG (NM_182918) Fusion (TMPRSS2 exons 1-2 fused with ERG exons 2-10): c.56-2979:TMPRSS2_c.90:ERGdel | Protein Fusion: mid-exon  {TMPRSS2:ERG}	NA
EVT-P-0023067-T01-IM6-381	P-0023067-T01-IM6		Prostate Cancer	PRAD	ERG-TMPRSS2	TMPRSS2	out-of-frame	three_prime	39866272	2	7	True	7	True	exact match	retained	1.0	False	Ets-domain			TMPRSS2 (NM_001135099) - ERG (NM_182918) fusion (TMPRSS2 exon 1 fused to ERG exons 2-10): c.55+2229:TMPRSS2_c.18+4015:ERGdel | Protein Fusion: out of frame  {TMPRSS2:ERG}	NA
EVT-P-0033300-T01-IM6-382	P-0033300-T01-IM6		Prostate Cancer	PRAD	ERG-TMPRSS2	TMPRSS2	out-of-frame	three_prime	39830404	2	7	True	7	True	exact match	retained	1.0	False	Ets-domain			TMPRSS2 (NM_001135099) - ERG (NM_182918) fusion: c.55+1125:TMPRSS2_c.19-12860:ERGdel | Protein Fusion: out of frame  {TMPRSS2:ERG}	NA
EVT-P-0026212-T01-IM6-384	P-0026212-T01-IM6		Prostate Cancer	PRAD	ERG-TMPRSS2	TMPRSS2	out-of-frame	three_prime	39890829	1	1	True	1	True	exact match	retained	1.0	False	Ets-domain			TMPRSS2 (NM_001135099) - ERG (NM_004449) fusion (TMPRSS2 exons 1-2 fused to ERG exons 4-11):  c.126+749:TMPRSS2_c.40-60753:ERGdel | Protein Fusion: out of frame  {TMPRSS2:ERG}	NA
EVT-P-0023605-T01-IM6-385	P-0023605-T01-IM6		Prostate Cancer	PRAD	ERG-TMPRSS2	TMPRSS2	in-frame	three_prime	39874146	1	1	True	1	True	exact match	retained	1.0	False	Ets-domain			TMPRSS2 (NM_001135099) - ERG (NM_182918) Fusion (TMPRSS2 exons 1-2 fused with ERG exons 4-10): c.127-1583:TMPRSS2_c.-3842:ERGdel | Protein Fusion: in frame  {TMPRSS2:ERG}	NA
EVT-P-0023621-T01-IM6-386	P-0023621-T01-IM6		Prostate Cancer	PRAD	ERG-TMPRSS2	TMPRSS2	in-frame	three_prime	39838718	2	7	True	7	True	exact match	retained	1.0	False	Ets-domain			TMPRSS2 (NM_001135099) - ERG (NM_182918) fusion (TMPRSS2 exons 1-2 fused to ERG exons 2-10): c.126+482:TMPRSS2_c.19-21174:ERGdel | Protein Fusion: in frame  {TMPRSS2:ERG}	NA
EVT-P-0023625-T01-IM6-387	P-0023625-T01-IM6		Prostate Cancer	PRAD	ERG-TMPRSS2	TMPRSS2	out-of-frame	three_prime	39863632	2	7	True	7	True	exact match	retained	1.0	False	Ets-domain			TMPRSS2 (NM_001135099) rearrangement: c.-56-420:TMPRSS2_chr21:g.39863632del | Protein Fusion: out of frame  {TMPRSS2:ERG}	NA
EVT-P-0023663-T01-IM6-388	P-0023663-T01-IM6		Prostate Cancer	PRAD	ERG-TMPRSS2	TMPRSS2	in-frame	three_prime	39834156	2	7	True	7	True	exact match	retained	1.0	False	Ets-domain			TMPRSS2 (NM_001135099) - ERG (NM_182918) fusion (TMPRSS2 exons 1-2 fused with ERG exons 3-10): c.126+455:TMPRSS2_c.19-16612:ERGdel | Protein Fusion: in frame  {TMPRSS2:ERG}	NA
EVT-P-0023707-T01-IM6-389	P-0023707-T01-IM6		Prostate Cancer	PRAD	ERG-TMPRSS2	TMPRSS2	in-frame	three_prime	39878426	1	1	True	1	True	exact match	retained	1.0	False	Ets-domain			TMPRSS2 (NM_001135099) - ERG (NM_004449) Fusion (TMPRSS2 exon2 with ERG exon 4):c.127-1486:TMPRSS2_c.40-60882:ERGdel | Protein Fusion: in frame  {TMPRSS2:ERG}	NA
EVT-P-0023753-T01-IM6-390	P-0023753-T01-IM6		Prostate Cancer	PRAD	ERG-TMPRSS2	TMPRSS2	out-of-frame	three_prime	39848732	2	7	True	7	True	exact match	retained	1.0	False	Ets-domain			TMPRSS2 (NM_001135099) - ERG (NM_182918) fusion (TMPRSS2 exon 1 fused to ERG exons 2-10): c.56-2085:TMPRSS2_:c.18+21555:ERGdel | Protein Fusion: out of frame  {TMPRSS2:ERG}	NA
EVT-P-0034865-T01-IM6-391	P-0034865-T01-IM6		Prostate Cancer	PRAD	ERG-TMPRSS2	TMPRSS2	out-of-frame	three_prime	39881222	1	1	True	1	True	exact match	retained	1.0	False	Ets-domain			TMPRSS2 (NM_001135099) - ERG (NM_004449) fusion: c.56-4544:TMPRSS2_c.40-63678:ERGdel | Protein Fusion: out of frame  {TMPRSS2:ERG}	NA
EVT-P-0023838-T01-IM6-392	P-0023838-T01-IM6		Prostate Cancer	PRAD	ERG-TMPRSS2	TMPRSS2	in-frame	three_prime	39876787	1	1	True	1	True	exact match	retained	1.0	False	Ets-domain			TMPRSS2 (NM_001135099) - ERG (NM_004449) fusion (TMPRRS2 exons 1-2 fused to ERG exons 4-11):c.127-1424:TMPRSS2_c.40-59243:ERGdel | Protein Fusion: in frame  {TMPRSS2:ERG}	NA
EVT-P-0023839-T02-IM6-393	P-0023839-T02-IM6		Prostate Cancer	PRAD	ERG-TMPRSS2	TMPRSS2	out-of-frame	three_prime	39826084	2	7	True	7	True	exact match	retained	1.0	False	Ets-domain			TMPRSS2 (NM_001135099) - ERG (NM_182918) fusion (TMPRSS2 exons 1 fused with ERG exons 2-10): c.56-2993:TMPRSS2_c.19-8540:ERGdel | Protein Fusion: out of frame  {TMPRSS2:ERG}	NA
EVT-P-0023958-T02-IM6-394	P-0023958-T02-IM6		Prostate Cancer	PRAD	ERG-TMPRSS2	TMPRSS2	in-frame	five_prime	39819697	1	6	True	6	True	exact match	lost	0.0	False		Ets-domain		ERG (NM_182918) - TMPRSS2 (NM_001135099) rearrangement: c.19-2153:ERG_c.126+1716:TMPRSS2dup | Protein Fusion: in frame  {ERG:TMPRSS2}	NA
EVT-P-0034815-T01-IM6-396	P-0034815-T01-IM6		Prostate Cancer	PRAD	ERG-TMPRSS2	TMPRSS2	out-of-frame	three_prime	39866567	2	7	True	7	True	exact match	retained	1.0	False	Ets-domain			TMPRSS2 (NM_001135099) - ERG (NM_182918) fusion: c.56-3040:TMPRSS2_c.18+3720:ERGdel | Protein Fusion: out of frame  {TMPRSS2:ERG}	NA
EVT-P-0024217-T01-IM6-399	P-0024217-T01-IM6		Prostate Cancer	PRAD	ERG-TMPRSS2	TMPRSS2	out-of-frame	three_prime	39928235	1	1	True	1	True	exact match	retained	1.0	False	Ets-domain			TMPRSS2 (NM_001135099) - ERG (NM_004449) fusion (TMPRRS2 exon 1 fused to ERG exons 4-11):c.56-4473:TMPRSS2_c.39+19351:ERGdel | Protein Fusion: out of frame  {TMPRSS2:ERG}	NA
EVT-P-0024217-T02-IM6-400	P-0024217-T02-IM6		Prostate Cancer	PRAD	ERG-TMPRSS2	TMPRSS2	out-of-frame	three_prime	39928235	1	1	True	1	True	exact match	retained	1.0	False	Ets-domain			TMPRSS2 (NM_001135099) - ERG (NM_00444) fusion (TMPRSS2 exons 1-2 fused with ERG exons 4-10): c.56-4473:TMPRSS2_c.39+19351:ERG | Protein Fusion: out of frame  {TMPRSS2:ERG}	NA
EVT-P-0024249-T01-IM6-401	P-0024249-T01-IM6		Prostate Cancer	PRAD	ERG-TMPRSS2	TMPRSS2	out-of-frame	three_prime	39890681	1	1	True	1	True	exact match	retained	1.0	False	Ets-domain			TMPRSS2 (NM_001135099) - ERG (NM_004449) fusion ( TMPRSS2 exon 1 fused to ERG exons 4 -11): c.56-608:TMPRSS2_c.39+56905:ERGdel | Protein Fusion: out of frame  {TMPRSS2:ERG}	NA
EVT-P-0034674-T01-IM6-402	P-0034674-T01-IM6		Cancer of Unknown Primary	NECNOS	ERG-TMPRSS2	TMPRSS2	out-of-frame	three_prime	39842053	2	7	True	7	True	exact match	retained	1.0	False	Ets-domain			TMPRSS2 (NM_001135099) - ERG (NM_182918) fusion: c.55+4139:TMPRSS2_c.19-24509:ERGdel | Protein Fusion: out of frame  {TMPRSS2:ERG}	NA
EVT-P-0024461-T01-IM6-403	P-0024461-T01-IM6		Prostate Cancer	PRAD	ERG-TMPRSS2	TMPRSS2	out-of-frame	three_prime	39877494	1	1	True	1	True	exact match	retained	1.0	False	Ets-domain			TMPRSS2 (NM_001135099) - ERG (NM_004449): c.56-2094:TMPRSS2_:c.40-59950:ERGdel | Protein Fusion: out of frame  {TMPRSS2:ERG}	NA
EVT-P-0024488-T01-IM6-404	P-0024488-T01-IM6		Prostate Cancer	PRAD	ERG-TMPRSS2	TMPRSS2	out-of-frame	three_prime	39931478	1	1	True	1	True	exact match	retained	1.0	False	Ets-domain			TMPRSS2 (NM_001135099) -ERG (NM_004449) Fusion (TMPRSS2 exon1 fused with ERG exons 4-11) : c.55+2968:TMPRSS2_c.39+16108:ERGdel | Protein Fusion: out of frame  {TMPRSS2:ERG}	NA
EVT-P-0024679-T01-IM6-407	P-0024679-T01-IM6		Prostate Cancer	PRAD	ERG-TMPRSS2	TMPRSS2	unknown	three_prime	39872360	1	1	True	1	True	exact match	retained	1.0	False	Ets-domain			TMPRSS2 (NM_001135099) -  ERG (NM_004449) Fusion (TMPRSS2 exon 1 fused to ERG exon 4-11 ) : c.56-4747:TMPRSS2_c.40-54816:ERGdel | Transcript Fusion {TMPRSS2:ERG}	NA
EVT-P-0024903-T01-IM6-408	P-0024903-T01-IM6		Prostate Cancer	PRAD	ERG-TMPRSS2	TMPRSS2	out-of-frame	three_prime	39858334	2	7	True	7	True	exact match	retained	1.0	False	Ets-domain			TMPRSS2 (NM_001135099) -  ERG (NM_004449) Fusion : c.56-3842:TMPRSS2_c.40-40790:ERGdel | Protein Fusion: out of frame  {TMPRSS2:ERG}	NA
EVT-P-0025030-T01-IM6-409	P-0025030-T01-IM6		Prostate Cancer	PRAD	ERG-TMPRSS2	TMPRSS2	out-of-frame	three_prime	39819988	2	7	True	7	True	exact match	retained	1.0	False	Ets-domain			TMPRSS2 (NM_001135099) - ERG (NM_182918) fusion (TMPRRS2 exon 1 with ERG exons 2-10): c.55+2244:TMPRSS2_c.19-2444:ERGdel | Protein Fusion: out of frame  {TMPRSS2:ERG}	NA
EVT-P-0025044-T01-IM6-410	P-0025044-T01-IM6		Prostate Cancer	PRAD	ERG-TMPRSS2	TMPRSS2	out-of-frame	three_prime	39853034	2	7	True	7	True	exact match	retained	1.0	False	Ets-domain			TMPRSS2 (NM_001135099) - ERG (NM_182918)  Fusion (TMPRSS2 exon1 fused with ERG exon 2) :  c.56-2252:TMPRSS2_c.18+17253:ERGdel | Protein Fusion: out of frame  {TMPRSS2:ERG}	NA
EVT-P-0025097-T01-IM6-411	P-0025097-T01-IM6		Prostate Cancer	PRAD	ERG-TMPRSS2	TMPRSS2	out-of-frame	three_prime	39874654	1	1	True	1	True	exact match	retained	1.0	False	Ets-domain			TMPRSS2 (NM_001135099) - ERG (NM_004449) rearrangement (TMPRSS2 exon 1 fused to ERG exons 4-11): c.55+4281:TMPRSS2_c.40-57110:ERGdel | Protein Fusion: out of frame  {TMPRSS2:ERG}	NA
EVT-P-0034620-T01-IM6-412	P-0034620-T01-IM6		Prostate Cancer	PRAD	ERG-TMPRSS2	TMPRSS2	out-of-frame	three_prime	39860511	2	7	True	7	True	exact match	retained	1.0	False	Ets-domain			TMPRSS2 (NM_001135099) - ERG (NM_182918) fusion: c.55+3990:TMPRSS2_c.18+9776:ERGdel | Protein Fusion: out of frame  {TMPRSS2:ERG}	NA
EVT-P-0025137-T01-IM6-413	P-0025137-T01-IM6		Prostate Cancer	PRAD	ERG-TMPRSS2	TMPRSS2	out-of-frame	three_prime	39796417	3	79	True	79	True	exact match	retained	1.0	False	Ets-domain			TMPRSS2 (NM_001135099) -  ERG (NM_182918) Fusion (TMPRSS2 exon 2 fused with ERG exon 3): c.126+367:TMPRSS2_c.237-934:ERGdel | Protein Fusion: out of frame  {TMPRSS2:ERG}	NA
EVT-P-0025139-T01-IM6-414	P-0025139-T01-IM6		Prostate Cancer	PRAD	ERG-TMPRSS2	TMPRSS2	out-of-frame	three_prime	39910579	1	1	True	1	True	exact match	retained	1.0	False	Ets-domain			TMPRSS2 (NM_001135099) - ERG (NM_004449) fusion: c.-56-2374:TMPRSS2_c.39+3700:ERGdel | Protein Fusion: out of frame  {TMPRSS2:ERG}	NA
EVT-P-0034480-T01-IM6-415	P-0034480-T01-IM6		Prostate Cancer	PRAD	ERG-TMPRSS2	TMPRSS2	out-of-frame	three_prime	39894045	1	1	True	1	True	exact match	retained	1.0	False	Ets-domain			TMPRSS2 (NM_001135099) - ERG (NM_004449) fusion (TMPRSS2 exon 1 fused to ERG exons 4-11 ): c.56-1833:TMPRSS2_c.39+53541:ERGdel | Protein Fusion: out of frame  {TMPRSS2:ERG}	NA
EVT-P-0025150-T01-IM6-416	P-0025150-T01-IM6		Prostate Cancer	PRAD	ERG-TMPRSS2	TMPRSS2	in-frame	three_prime	39859757	2	7	True	7	True	exact match	retained	1.0	False	Ets-domain			TMPRSS2 (NM_001135099) - ERG (NM_182918) fusion (TMPRRS2 exon 1 fused to ERG exons 3-10): c.127-1226:TMPRSS2_c.18+10530:ERGdel | Protein Fusion: in frame  {TMPRSS2:ERG}	NA
EVT-P-0025319-T01-IM6-417	P-0025319-T01-IM6		Prostate Cancer	PRAD	ERG-TMPRSS2	TMPRSS2	unknown	three_prime	39872780	1	1	True	1	True	exact match	retained	1.0	False	Ets-domain			TMPRSS2 (NM_001135099) - ERG (NM_004449) fusion (TMPRRS2 exon 1 fused to ERG exons 4-11):c.56-607:TMPRSS2_c.40-55236:ERGdel | Transcript Fusion {TMPRSS2:ERG}	NA
EVT-P-0025332-T01-IM6-418	P-0025332-T01-IM6		Prostate Cancer	PRAD	ERG-TMPRSS2	TMPRSS2	unknown	three_prime	39872706	1	1	True	1	True	exact match	retained	1.0	False	Ets-domain			TMPRSS2 (NM_001135099) - ERG (NM_004449) fusion (TMPRSS2 exon 1 fused to ERG exons 4-11): c.55+4096:TMPRSS2_c.40-55162:ERGdel | Transcript Fusion {TMPRSS2:ERG}	NA
EVT-P-0025455-T01-IM6-419	P-0025455-T01-IM6		Prostate Cancer	PRAD	ERG-TMPRSS2	TMPRSS2	out-of-frame	three_prime	39868589	2	7	True	7	True	exact match	retained	1.0	False	Ets-domain			TMPRSS2 (NM_001135099) - ERG (NM_182918) fusion (TMPRSS2 exons 1-2 fused with ERG exons 2-10): c.56-2167:TMPRSS2_c.18+1698:ERGdel | Protein Fusion: out of frame  {TMPRSS2:ERG}	NA
EVT-P-0025571-T01-IM6-420	P-0025571-T01-IM6		Prostate Cancer	PRAD	ERG-TMPRSS2	TMPRSS2	out-of-frame	three_prime	39867317	2	7	True	7	True	exact match	retained	1.0	False	Ets-domain			TMPRSS2 (NM_001135099) - ERG (NM_182918) fusion (TMPRSS2 exon 1 fused to ERG exons 2-10 ):  c.56-2748:TMPRSS2_c.18+2970:ERGdel | Protein Fusion: out of frame  {TMPRSS2:ERG}	NA
EVT-P-0025650-T01-IM6-421	P-0025650-T01-IM6		Prostate Cancer	PRAD	ERG-TMPRSS2	TMPRSS2	out-of-frame	three_prime	39902555	1	1	True	1	True	exact match	retained	1.0	False	Ets-domain			TMPRSS2 (NM_001135099) - ERG (NM_004449) Fusion (TMPRSS2 exon 1 with ERG exon 3) : c.56-2498:TMPRSS2_c.39+45031:ERGdel | Protein Fusion: out of frame  {TMPRSS2:ERG}	NA
EVT-P-0025650-T02-IM6-422	P-0025650-T02-IM6		Prostate Cancer	PRNE	ERG-TMPRSS2	TMPRSS2	out-of-frame	three_prime	39902555	1	1	True	1	True	exact match	retained	1.0	False	Ets-domain			TMPRSS2 (NM_001135099) - ERG (NM_004449) fusion (TMPRRS2 exon 1 fused to ERG exons 4-11):c.56-2498:TMPRSS2_c.39+45031:ERGdel | Protein Fusion: out of frame  {TMPRSS2:ERG}	NA
EVT-P-0025676-T01-IM6-423	P-0025676-T01-IM6		Prostate Cancer	PRAD	ERG-TMPRSS2	TMPRSS2	out-of-frame	three_prime	39927008	1	1	True	1	True	exact match	retained	1.0	False	Ets-domain			TMPRSS2 (NM_001135099) - ERG (NM_004449) fusion (TMPRRS2 exon 1 fused to ERG exons 4-11):c.55+2967:TMPRSS2_c.39+20578:ERGdel | Protein Fusion: out of frame  {TMPRSS2:ERG}	NA
EVT-P-0025823-T01-IM6-425	P-0025823-T01-IM6		Prostate Cancer	PRAD	ERG-TMPRSS2	TMPRSS2	out-of-frame	three_prime	39867922	2	7	True	7	True	exact match	retained	1.0	False	Ets-domain			TMPRSS2 (NM_001135099) - ERG (NM_182918) fusion (TMPRRS2 exons 1-2 fused to ERG exons 2-10): c.56-246:TMPRSS2_c.18+2365:ERGdel | Protein Fusion: out of frame  {TMPRSS2:ERG}	NA
EVT-P-0025851-T01-IM6-426	P-0025851-T01-IM6		Prostate Cancer	PRAD	ERG-TMPRSS2	TMPRSS2	in-frame	three_prime	39878297	1	1	True	1	True	exact match	retained	1.0	False	Ets-domain			TMPRSS2 (NM_001135099) - ERG (NM_004449) fusion (TMPRRS2 exon 2 fused to ERG exons 4-11):c.c.126+750:TMPRSS2_c.40-60753:ERGdel | Protein Fusion: in frame  {TMPRSS2:ERG}	NA
EVT-P-0025851-T02-IM6-427	P-0025851-T02-IM6		Prostate Cancer	PRAD	ERG-TMPRSS2	TMPRSS2	in-frame	three_prime	39878297	1	1	True	1	True	exact match	retained	1.0	False	Ets-domain			TMPRSS2 (NM_001135099) - ERG (NM_004449) fusion (TMPRSS2 exons 1-2 fused to ERG exons 4-11):  c.126+749:TMPRSS2_c.40-60753:ERGdel | Protein Fusion: in frame  {TMPRSS2:ERG}	NA
EVT-P-0026153-T01-IM6-429	P-0026153-T01-IM6		Prostate Cancer	PRAD	ERG-TMPRSS2	TMPRSS2	in-frame	three_prime	39893467	1	1	True	1	True	exact match	retained	1.0	False	Ets-domain			TMPRSS2 (NM_001135099) - ERG (NM_004449) Fusion (TMPRSS2 exon2 fused to ERG exon4) : c.126+1611:TMPRSS2_c.39+54119:ERGdel | Protein Fusion: in frame  {TMPRSS2:ERG}	NA
EVT-P-0026159-T01-IM6-430	P-0026159-T01-IM6		Prostate Cancer	PRAD	ERG-TMPRSS2	TMPRSS2	out-of-frame	three_prime	39826074	2	7	True	7	True	exact match	retained	1.0	False	Ets-domain			TMPRSS2 (NM_001135099) - ERG (NM_182918) Fusion (TMPRSS2 exon1 fused to ERG exon2) : c.55+2059:TMPRSS2_c.19-16879:ERGdel | Protein Fusion: out of frame  {TMPRSS2:ERG}	NA
EVT-P-0026162-T01-IM6-431	P-0026162-T01-IM6		Prostate Cancer	PRAD	ERG-TMPRSS2	TMPRSS2	out-of-frame	three_prime	39876407	1	1	True	1	True	exact match	retained	1.0	False	Ets-domain			TMPRSS2 (NM_001135099) - ERG (NM_004449) Fusion (fTMPRSS2 exon 1 with ERG exons 4-10): c.56-2434:TMPRSS2_c.40-58863:ERGdel | Protein Fusion: out of frame  {TMPRSS2:ERG}	NA
EVT-P-0033226-T01-IM6-432	P-0033226-T01-IM6		Prostate Cancer	PRAD	ERG-TMPRSS2	TMPRSS2	out-of-frame	three_prime	39865084	2	7	True	7	True	exact match	retained	1.0	False	Ets-domain			TMPRSS2 (NM_001135099) - ERG (NM_004449) Fusion (TMPRSS2 exon1 fused with ERG exon2) : c.56-1088:TMPRSS2_c.40-47540:ERGdel | Protein Fusion: out of frame  {TMPRSS2:ERG}	NA
EVT-P-0012368-T01-IM5-433	P-0012368-T01-IM5		Prostate Cancer	PRAD	ERG-TMPRSS2	TMPRSS2	in-frame	three_prime	39851683	2	7	True	7	True	exact match	retained	1.0	False	Ets-domain			TMPRSS2 (NM_001135099) - ERG (NM_182918)  fusion (TMPRSS2 exons 1-2  with ERG exons 2-10): c.126+409:TMPRSS2_c.18+18604:ERGdel | Protein fusion: in frame (TMPRSS2-ERG)	NA
EVT-P-0026228-T01-IM6-434	P-0026228-T01-IM6		Prostate Cancer	PRAD	ERG-TMPRSS2	TMPRSS2	in-frame	three_prime	39870278	2	7	True	7	True	exact match	retained	1.0	False	Ets-domain			TMPRSS2 (NM_001135099) - ERG (NM_182918) fusion (TMPRSS2 exons 1-2 fused in-frame to ERG exons 2-10): c.126+1056:TMPRSS2_c.18+9:ERGdel | Protein Fusion: in frame  {TMPRSS2:ERG}	NA
EVT-P-0026238-T01-IM6-435	P-0026238-T01-IM6		Prostate Cancer	PRAD	ERG-TMPRSS2	TMPRSS2	out-of-frame	three_prime	39856605	2	7	True	7	True	exact match	retained	1.0	False	Ets-domain			TMPRSS2 (NM_001135099) - ERG (NM_182918) fusion (TMPRSS2 exon 1 fused to ERG exons 2-10): c.55+4255:TMPRSS2_c.18+13682:ERGdel | Protein Fusion: out of frame  {TMPRSS2:ERG}	NA
EVT-P-0026409-T01-IM6-436	P-0026409-T01-IM6		Prostate Cancer	PRAD	ERG-TMPRSS2	TMPRSS2	out-of-frame	three_prime	39848311	2	7	True	7	True	exact match	retained	1.0	False	Ets-domain			TMPRSS2 (NM_001135099) - ERG (NM_182918) fusion (TMPRRS2 exon 1 fused to ERG exons 2-10): c.55+1383:TMPRSS2_c.18+21976:ERGdel | Protein Fusion: out of frame  {TMPRSS2:ERG}	NA
EVT-P-0026428-T01-IM6-437	P-0026428-T01-IM6		Cancer of Unknown Primary	NETNOS	ERG-TMPRSS2	TMPRSS2	out-of-frame	three_prime	39836705	2	7	True	7	True	exact match	retained	1.0	False	Ets-domain			TMPRSS2 (NM_001135099) - ERG (NM_182918) fusion (TMPRSS2 exon 1 fused with ERG exons 2-10): c.56-4320:TMPRSS2_c.19-19161:ERGdel | Protein Fusion: out of frame  {TMPRSS2:ERG}	NA
EVT-P-0026768-T01-IM6-438	P-0026768-T01-IM6		Prostate Cancer	PRAD	ERG-TMPRSS2	TMPRSS2	out-of-frame	three_prime	39893444	1	1	True	1	True	exact match	retained	1.0	False	Ets-domain			TMPRSS2 (NM_001135099) - ERG (NM_004449) fusion (TMPRRS2 exon 1 fused to ERG exons 4-11):c.56-1013:TMPRSS2_c.39+54142:ERGdel | Protein Fusion: out of frame  {TMPRSS2:ERG}	NA
EVT-P-0026808-T01-IM6-439	P-0026808-T01-IM6		Prostate Cancer	PRAD	ERG-TMPRSS2	TMPRSS2	out-of-frame	three_prime	39833349	2	7	True	7	True	exact match	retained	1.0	False	Ets-domain			TMPRSS2 (NM_001135099) - ERG (NM_182918) fusion (TMPRSS2 exon 1 fused to ERG exons 2-10): c.56-3722:TMPRSS2_c.19-15805:ERGdel | Protein Fusion: out of frame  {TMPRSS2:ERG}	NA
EVT-P-0027210-T01-IM6-441	P-0027210-T01-IM6		Prostate Cancer	PRAD	ERG-TMPRSS2	TMPRSS2	out-of-frame	three_prime	39896378	1	1	True	1	True	exact match	retained	1.0	False	Ets-domain			TMPRSS2 (NM_001135099) - ERG (NM_004449) fusion (TMPRSS2 exon 1 fused with ERG exons 4-11): c.56-687:TMPRSS2_c.39+51208:ERGdel | Protein Fusion: out of frame  {TMPRSS2:ERG}	NA
EVT-P-0027272-T01-IM6-444	P-0027272-T01-IM6		Prostate Cancer	PRAD	ERG-TMPRSS2	TMPRSS2	out-of-frame	three_prime	39843558	2	7	True	7	True	exact match	retained	1.0	False	Ets-domain			TMPRSS2 (NM_001135099) - ERG (NM_182918) fusion: c.56-2470_c.19-26014del | Protein Fusion: out of frame  {TMPRSS2:ERG}	NA
EVT-P-0034431-T01-IM6-446	P-0034431-T01-IM6		Prostate Cancer	PRAD	ERG-TMPRSS2	TMPRSS2	out-of-frame	three_prime	39854689	2	7	True	7	True	exact match	retained	1.0	False	Ets-domain			TMPRSS2 (NM_001135099) - ERG (NM_182918) fusion (TMPRRS2 exon 1 fused to ERG exons 2-10): c.56-2658:TMPRSS2_c.18+15598:ERGdel | Protein Fusion: out of frame  {TMPRSS2:ERG}	NA
EVT-P-0027453-T01-IM6-447	P-0027453-T01-IM6		Prostate Cancer	PRAD	ERG-TMPRSS2	TMPRSS2	out-of-frame	three_prime	39890597	1	1	True	1	True	exact match	retained	1.0	False	Ets-domain			TMPRSS2 (NM_001135099) - ERG (NM_004449) fusion (TMPRRS2 exon 1 fused to ERG exons 4-11):c.56-2167:TMPRSS2_c.39+56989:ERGdel | Protein Fusion: out of frame  {TMPRSS2:ERG}	NA
EVT-P-0027454-T01-IM6-448	P-0027454-T01-IM6		Prostate Cancer	PRAD	ERG-TMPRSS2	TMPRSS2	in-frame	three_prime	39861313	2	7	True	7	True	exact match	retained	1.0	False	Ets-domain			TMPRSS2 (NM_001135099) - ERG (NM_182918) fusion (TMPRRS2 exons 1-2 fused to ERG exons 2-10): c.126+708:TMPRSS2_c.18+8974:ERGdel | Protein Fusion: in frame  {TMPRSS2:ERG}	NA
EVT-P-0027526-T01-IM6-449	P-0027526-T01-IM6		Prostate Cancer	PRAD	ERG-TMPRSS2	TMPRSS2	in-frame	three_prime	39878354	1	1	True	1	True	exact match	retained	1.0	False	Ets-domain			TMPRSS2 (NM_001135099) - ERG (NM_004449.4) fusion (TMPRSS2 exon 1-2 with ERG exons 4-10) : c.126+294:TMPRSS2_c.40-60810:ERGdel | Protein Fusion: in frame  {TMPRSS2:ERG}	NA
EVT-P-0034384-T01-IM6-451	P-0034384-T01-IM6		Prostate Cancer	PRAD	ERG-TMPRSS2	TMPRSS2	out-of-frame	three_prime	39863686	2	7	True	7	True	exact match	retained	1.0	False	Ets-domain			TMPRSS2 (NM_001135099) - ERG (NM_182918) fusion: c.56-2506:TMPRSS2_c.18+6601:ERGdel | Protein Fusion: out of frame  {TMPRSS2:ERG}	NA
EVT-P-0028430-T01-IM6-453	P-0028430-T01-IM6		Prostate Cancer	PRAD	ERG-TMPRSS2	TMPRSS2	out-of-frame	three_prime	39876653	1	1	True	1	True	exact match	retained	1.0	False	Ets-domain			TMPRSS2 (NM_001135099) - ERG (NM_004449) Fusion (fTMPRSS2 exon 1 with ERG exons 4-10). | Protein Fusion: out of frame  {TMPRSS2:ERG}	NA
EVT-P-0028551-T01-IM6-454	P-0028551-T01-IM6		Prostate Cancer	PRAD	ERG-TMPRSS2	TMPRSS2	unknown	three_prime	39871850	1	1	True	1	True	exact match	retained	1.0	False	Ets-domain			TMPRSS2 (NM_001135099) - ERG (NM_004449) Fusion (TMPRSS2 exon 1 fused to ERG exons 4-11): c.56-2137:TMPRSS_c.40-54306:ERGdel | Transcript Fusion {TMPRSS2:ERG}	NA
EVT-P-0028569-T01-IM6-455	P-0028569-T01-IM6		Prostate Cancer	PRAD	ERG-TMPRSS2	TMPRSS2	out-of-frame	three_prime	39906787	1	1	True	1	True	exact match	retained	1.0	False	Ets-domain			TMPRSS2 (NM_001135099) - ERG (NM_004449) fusion (TMPRSS2 exon 2 fused with ERG exons 4-10): c.56-1028:TMPRSS2_c.39+40799:ERGdel | Protein Fusion: out of frame  {TMPRSS2:ERG}	NA
EVT-P-0028587-T01-IM6-456	P-0028587-T01-IM6		Prostate Cancer	PRAD	ERG-TMPRSS2	TMPRSS2	out-of-frame	three_prime	39863736	2	7	True	7	True	exact match	retained	1.0	False	Ets-domain			TMPRSS2 (NM_001135099) - ERG (NM_182918) fusion (TMPRSS2 exon 1 fused with ERG exons 2-10): c.-56-1085:TMPRSS2_c.18+6551:ERGdel | Protein Fusion: out of frame  {TMPRSS2:ERG}	NA
EVT-P-0029105-T01-IM6-457	P-0029105-T01-IM6		Prostate Cancer	PRAD	ERG-TMPRSS2	TMPRSS2	out-of-frame	three_prime	39853626	2	7	True	7	True	exact match	retained	1.0	False	Ets-domain			TMPRSS2 (NM_001135099)  - ERG (NM_182918) fusion (TMPRSS2 exon 1 fused to ERG exons 2-10): c.56-3000:TMPRSS2_c.18+16661:ERGdel | Protein Fusion: out of frame  {TMPRSS2:ERG}	NA
EVT-P-0029105-T02-IM6-458	P-0029105-T02-IM6		Prostate Cancer	PRSCC	ERG-TMPRSS2	TMPRSS2	out-of-frame	three_prime	39853626	2	7	True	7	True	exact match	retained	1.0	False	Ets-domain			TMPRSS2 (NM_001135099)  - ERG (NM_182918) fusion (TMPRSS2 exon 1 fused to ERG exons 2-10): c.56-3000:TMPRSS2_c.18+16661:ERGdel | Protein Fusion: out of frame  {TMPRSS2:ERG}	NA
EVT-P-0029163-T01-IM6-459	P-0029163-T01-IM6		Prostate Cancer	PRAD	ERG-TMPRSS2	TMPRSS2	out-of-frame	three_prime	39914571	1	1	True	1	True	exact match	retained	1.0	False	Ets-domain			TMPRSS2 (NM_001135099) - ERG (NM_004449) Fusion (TMPRSS2 exons 1-2 fused to ERG exons 4-11): c.56-23:TMPRSS2_c.39+33015:ERGdel | Protein Fusion: out of frame  {TMPRSS2:ERG}	NA
EVT-P-0029333-T01-IM6-460	P-0029333-T01-IM6		Prostate Cancer	PRAD	ERG-TMPRSS2	TMPRSS2	out-of-frame	three_prime	39874753	1	1	True	1	True	exact match	retained	1.0	False	Ets-domain			TMPRSS2 (NM_001135099) - ERG (NM_004449) fusion (TMPRSS2 exons 1 - ERG exons 4-11):  c.56-3881:TMPRSS2_c.40-57209:ERG | Protein Fusion: out of frame  {TMPRSS2:ERG}	NA
EVT-P-0029405-T01-IM6-461	P-0029405-T01-IM6		Prostate Cancer	PRAD	ERG-TMPRSS2	TMPRSS2	in-frame	three_prime	39849525	2	7	True	7	True	exact match	retained	1.0	False	Ets-domain			TMPRSS2 (NM_001135099) - ERG (NM_182918) fusion (TMPRRS2 exons 1-2 fused to ERG exons 2-10):c.127-1427:TMPRSS2_c.18+20762:ERGdel | Protein Fusion: in frame  {TMPRSS2:ERG}	NA
EVT-P-0029796-T01-IM6-462	P-0029796-T01-IM6		Prostate Cancer	PRAD	ERG-TMPRSS2	TMPRSS2	out-of-frame	three_prime	39875919	1	1	True	1	True	exact match	retained	1.0	False	Ets-domain			TMPRSS2 (NM_001135099) - ERG (NM_004449) fusion: c.55+3489:TMPRSS2_c.40-58375:ERGdel | Protein Fusion: out of frame  {TMPRSS2:ERG}	NA
EVT-P-0029809-T01-IM6-463	P-0029809-T01-IM6		Prostate Cancer	PRAD	ERG-TMPRSS2	TMPRSS2	in-frame	three_prime	39907646	1	1	True	1	True	exact match	retained	1.0	False	Ets-domain			TMPRSS2 (NM_001135099) - ERG (NM_004449) fusion (TMPRSS2 exon 1-2 with ERG exons 4-10) : c.126+1597:TMPRSS2_c.39+39940:ERGdel | Protein Fusion: in frame  {TMPRSS2:ERG}	NA
EVT-P-0029811-T01-IM6-464	P-0029811-T01-IM6		Prostate Cancer	PRAD	ERG-TMPRSS2	TMPRSS2	out-of-frame	three_prime	39852454	2	7	True	7	True	exact match	retained	1.0	False	Ets-domain			TMPRSS2 (NM_001135099) - ERG (NM_182918) fusion (TMPRSS2 exon 2 fused to ERG exons 2-10): c.56-1741:TMPRSS2_c.18+17833:ERGdel | Protein Fusion: out of frame  {TMPRSS2:ERG}	NA
EVT-P-0029939-T01-IM6-465	P-0029939-T01-IM6		Prostate Cancer	PRAD	ERG-TMPRSS2	TMPRSS2	out-of-frame	three_prime	39874496	1	1	True	1	True	exact match	retained	1.0	False	Ets-domain			TMPRSS2 (NM_001135099) - ERG (NM_004449) fusion: c.55+4852:TMPRSS2_c.40-56952:ERG | Protein Fusion: out of frame  {TMPRSS2:ERG}	NA
EVT-P-0030086-T01-IM6-466	P-0030086-T01-IM6		Prostate Cancer	PRSCC	ERG-TMPRSS2	TMPRSS2	in-frame	five_prime	39823458	1	6	True	6	True	exact match	lost	0.0	False		Ets-domain		ERG (NM_182918) - TMPRSS2 (NM_001135099) rearrangement: c.19-5914:ERG_c.127-260:TMPRSS2dup | Protein Fusion: in frame  {ERG:TMPRSS2}	NA
EVT-P-0030109-T01-IM6-467	P-0030109-T01-IM6		Prostate Cancer	PRAD	ERG-TMPRSS2	TMPRSS2	in-frame	three_prime	39875207	1	1	True	1	True	exact match	retained	1.0	False	Ets-domain			TMPRSS2 (NM_001135099) - ERG (NM_004449) fusion: c.56-2838:TMPRSS2_c.40-58598:ERGdel | Protein Fusion: in frame  {TMPRSS2:ERG}	NA
EVT-P-0030187-T01-IM6-468	P-0030187-T01-IM6		Prostate Cancer	PRAD	ERG-TMPRSS2	TMPRSS2	out-of-frame	three_prime	39864991	2	7	True	7	True	exact match	retained	1.0	False	Ets-domain			TMPRSS2 (NM_001135099) - ERG (NM_182918) fusion: c.56-4546:TMPRSS2_c.18+5296:ERGdel | Protein Fusion: out of frame  {TMPRSS2:ERG}	NA
EVT-P-0030261-T01-IM6-469	P-0030261-T01-IM6		Prostate Cancer	PRAD	ERG-TMPRSS2	TMPRSS2	out-of-frame	three_prime	39889507	1	1	True	1	True	exact match	retained	1.0	False	Ets-domain			TMPRSS2 (NM_001135099) - ERG (NM_004449) fusion: c.55+4365:TMPRSS2_c.39+58079:ERGdel | Protein Fusion: out of frame  {TMPRSS2:ERG}	NA
EVT-P-0030381-T01-IM6-470	P-0030381-T01-IM6		Prostate Cancer	PRAD	ERG-TMPRSS2	TMPRSS2	out-of-frame	three_prime	39860560	2	7	True	7	True	exact match	retained	1.0	False	Ets-domain			TMPRSS2 (NM_001135099) - ERG (NM_182918) Fusion : c.55+3863:TMPRSS2_c.18+9727:ERGdel | Protein Fusion: out of frame  {TMPRSS2:ERG}	NA
EVT-P-0030465-T01-IM6-472	P-0030465-T01-IM6		Prostate Cancer	PRAD	ERG-TMPRSS2	TMPRSS2	out-of-frame	three_prime	39823191	2	7	True	7	True	exact match	retained	1.0	False	Ets-domain			TMPRSS2 (NM_001135099) - ERG (NM_182918) fusion (TMPRSS2 exon 1 fused to ERG exons 2-10): c.56-2766:TMPRSS2_c.19-5647:ERGdel | Protein Fusion: out of frame  {TMPRSS2:ERG}	NA
EVT-P-0030580-T01-IM6-473	P-0030580-T01-IM6		Prostate Cancer	PRAD	ERG-TMPRSS2	TMPRSS2	out-of-frame	three_prime	39868474	2	7	True	7	True	exact match	retained	1.0	False	Ets-domain			TMPRSS2 (NM_001135099) - ERG (NM_182918) fusion: c.56-2996:TMPRSS2_c.18+1813:ERGdel | Protein Fusion: out of frame  {TMPRSS2:ERG}	NA
EVT-P-0034296-T01-IM6-474	P-0034296-T01-IM6		Prostate Cancer	PRAD	ERG-TMPRSS2	TMPRSS2	out-of-frame	three_prime	39876482	1	1	True	1	True	exact match	retained	1.0	False	Ets-domain			TMPRSS2 (NM_001135099) - ERG (NM_004449) fusion: c.56-1303:TMPRSS2_c.40-58938:ERGdel | Protein Fusion: out of frame  {TMPRSS2:ERG}	NA
EVT-P-0030675-T01-IM6-475	P-0030675-T01-IM6		Prostate Cancer	PRAD	ERG-TMPRSS2	TMPRSS2	out-of-frame	three_prime	39877449	1	1	True	1	True	exact match	retained	1.0	False	Ets-domain			TMPRSS2 (NM_001135099) - ERG (NM_004449) fusion (TMPRSS2 exon 1 fused to ERG exons 5-11): c.55+1904:TMPRSS2_c.40-59905:ERGdel | Protein Fusion: out of frame  {TMPRSS2:ERG}	NA
EVT-P-0030812-T01-IM6-476	P-0030812-T01-IM6		Prostate Cancer	PRAD	ERG-TMPRSS2	TMPRSS2	in-frame	three_prime	39874424	1	1	True	1	True	exact match	retained	1.0	False	Ets-domain			TMPRSS2 (NM_001135099) - ERG (NM_004449) fusion: c.127-1054:TMPRSS2_c.40-56880:ERGdel | Protein Fusion: in frame  {TMPRSS2:ERG}	NA
EVT-P-0030845-T01-IM6-477	P-0030845-T01-IM6		Prostate Cancer	PRAD	ERG-TMPRSS2	TMPRSS2	out-of-frame	three_prime	39876623	1	1	True	1	True	exact match	retained	1.0	False	Ets-domain			TMPRSS2 (NM_001135099) - ERG (NM_004449) Fusion (fTMPRSS2 exon 1 with ERG exons 4-10): c.56-579:TMPRSS2_c.40-59079:ERGdel | Protein Fusion: out of frame  {TMPRSS2:ERG}	NA
EVT-P-0030872-T01-IM6-478	P-0030872-T01-IM6		Prostate Cancer	PRAD	ERG-TMPRSS2	TMPRSS2	out-of-frame	three_prime	39858126	2	7	True	7	True	exact match	retained	1.0	False	Ets-domain			TMPRSS2 (NM_001135099) - ERG (NM_182918) fusion: c.56-2562:TMPRSS2_c.18+12161:ERGdel | Protein Fusion: out of frame  {TMPRSS2:ERG}	NA
EVT-P-0030984-T01-IM6-479	P-0030984-T01-IM6		Prostate Cancer	PRAD	ERG-TMPRSS2	TMPRSS2	out-of-frame	three_prime	39875009	1	1	True	1	True	exact match	retained	1.0	False	Ets-domain			TMPRSS2 (NM_001135099) - ERG (NM_004449) fusion: c.56-4741:TMPRSS2_c.40-57465:ERGdel | Protein Fusion: out of frame  {TMPRSS2:ERG}	NA
EVT-P-0033934-T01-IM6-480	P-0033934-T01-IM6		Prostate Cancer	PRAD	ERG-TMPRSS2	TMPRSS2	out-of-frame	three_prime	39876366	1	1	True	1	True	exact match	retained	1.0	False	Ets-domain			TMPRSS2 (NM_001135099) - ERG (NM_004449) fusion: c.55+665:TMPRSS2_c.40-58822:ERGdel | Protein Fusion: out of frame  {TMPRSS2:ERG}	NA
EVT-P-0033832-T01-IM6-481	P-0033832-T01-IM6		Prostate Cancer	PRAD	ERG-TMPRSS2	TMPRSS2	in-frame	three_prime	39884677	1	1	True	1	True	exact match	retained	1.0	False	Ets-domain			TMPRSS2 (NM_001135099) - ERG (NM_004449) fusion: c.126+1767:TMPRSS2_c.39+62909:ERGdel | Protein Fusion: in frame  {TMPRSS2:ERG}	NA
EVT-P-0031178-T01-IM6-483	P-0031178-T01-IM6		Prostate Cancer	PRAD	ERG-TMPRSS2	TMPRSS2	out-of-frame	three_prime	39859211	2	7	True	7	True	exact match	retained	1.0	False	Ets-domain			TMPRSS2 (NM_001135099) - ERG (NM_182918) fusion: c.56-4350:TMPRSS2_c.18+11076:ERGdel | Protein Fusion: out of frame  {TMPRSS2:ERG}	NA
EVT-P-0031178-T02-IM6-484	P-0031178-T02-IM6		Prostate Cancer	PRAD	ERG-TMPRSS2	TMPRSS2	out-of-frame	three_prime	39859211	2	7	True	7	True	exact match	retained	1.0	False	Ets-domain			TMPRSS2 (NM_001135099) - ERG (NM_182918) fusion (TMPRSS2 exon 1 fused with ERG exons 2-10): c.56-4350:TMPRSS2_c.18+11076:ERGdel | Protein Fusion: out of frame  {TMPRSS2:ERG}	NA
EVT-P-0031269-T01-IM6-485	P-0031269-T01-IM6		Prostate Cancer	PRAD	ERG-TMPRSS2	TMPRSS2	out-of-frame	three_prime	39831034	2	7	True	7	True	exact match	retained	1.0	False	Ets-domain			TMPRSS2 (NM_001135099) -ERG (NM_182918) Fusion (TMPRSS2 exon2 fused with ERG exon2) : c.56-737:TMPRSS2_ c.19-13490:ERGdel | Protein Fusion: out of frame  {TMPRSS2:ERG}	NA
EVT-P-0031374-T01-IM6-487	P-0031374-T01-IM6		Prostate Cancer	PRAD	ERG-TMPRSS2	TMPRSS2	out-of-frame	three_prime	39876684	1	1	True	1	True	exact match	retained	1.0	False	Ets-domain			TMPRSS2 (NM_001135099) - ERG (NM_004449) fusion: c.56-2946:TMPRSS2_c.40-59140:ERGdel | Protein Fusion: out of frame  {TMPRSS2:ERG}	NA
EVT-P-0031412-T01-IM6-488	P-0031412-T01-IM6		Prostate Cancer	PRAD	ERG-TMPRSS2	TMPRSS2	out-of-frame	three_prime	39839898	2	7	True	7	True	exact match	retained	1.0	False	Ets-domain			TMPRSS2 (NM_001135099) - ERG (NM_182918) Fusion (TMPRSS2 exon2 fused with ERG exon2) : c.55+3832:TMPRSS2_c.19-22354:ERGdel | Protein Fusion: out of frame  {TMPRSS2:ERG}	NA
EVT-P-0031429-T01-IM6-489	P-0031429-T01-IM6		Prostate Cancer	PRAD	ERG-TMPRSS2	TMPRSS2	out-of-frame	three_prime	39863784	2	7	True	7	True	exact match	retained	1.0	False	Ets-domain			TMPRSS2 (NM_001135099) - ERG (NM_182918) Fusion (TMPRSS2 exon 1 fused to ERG exon 2-10) :c.56-2568:TMPRSS2_c.40-46240:ERGdel | Protein Fusion: out of frame  {TMPRSS2:ERG}	NA
EVT-P-0033701-T02-IM6-490	P-0033701-T02-IM6		Prostate Cancer	PRAD	ERG-TMPRSS2	TMPRSS2	out-of-frame	three_prime	39819998	2	7	True	7	True	exact match	retained	1.0	False	Ets-domain			TMPRSS2 (NM_001135099) - ERG (NM_182918) fusion: c.56-3851:TMPRSS2_c.19-2454:ERGdel | Protein Fusion: out of frame  {TMPRSS2:ERG}	NA
EVT-P-0031536-T01-IM6-491	P-0031536-T01-IM6		Prostate Cancer	PRAD	ERG-TMPRSS2	TMPRSS2	in-frame	three_prime	39857273	2	7	True	7	True	exact match	retained	1.0	False	Ets-domain			TMPRSS2 (NM_001135099) - ERG (NM_182918) fusion: c.126+1017:TMPRSS2_c.18+13014:ERGdel | Protein Fusion: in frame  {TMPRSS2:ERG}	NA
EVT-P-0031599-T01-IM6-492	P-0031599-T01-IM6		Prostate Cancer	PRAD	ERG-TMPRSS2	TMPRSS2	out-of-frame	three_prime	39843704	2	7	True	7	True	exact match	retained	1.0	False	Ets-domain			TMPRSS2 (NM_001135099) - ERG (NM_182918) fusion: c.55+4162:TMPRSS2_c.19-26160:ERGdel | Protein Fusion: out of frame  {TMPRSS2:ERG}	NA
EVT-P-0031719-T01-IM6-493	P-0031719-T01-IM6		Prostate Cancer	PRAD	ERG-TMPRSS2	TMPRSS2	unknown	three_prime	39871205	1	1	True	1	True	exact match	retained	1.0	False	Ets-domain			TMPRSS2 (NM_001135099) - ERG(NM_182918) Fusion (TMPRSS2 exon2 fused with ERG exon1 )  : c.56-1239.3:TMPRSS2_c.-901:ERGdel | Transcript Fusion {TMPRSS2:ERG}	NA
EVT-P-0032027-T01-IM6-494	P-0032027-T01-IM6		Prostate Cancer	PRAD	ERG-TMPRSS2	TMPRSS2	unknown	three_prime	39819092	2	7	True	7	True	exact match	retained	1.0	False	Ets-domain			TMPRSS2 (NM_001135099) - ERG (NM_182918) Fusion (TMPRSS2 exon3 with ERG exon2) : c.303:TMPRSS2_c.19-1548:ERGdel | Protein Fusion: mid-exon  {TMPRSS2:ERG}	NA
EVT-P-0032046-T01-IM6-495	P-0032046-T01-IM6		Prostate Cancer	PRAD	ERG-TMPRSS2	TMPRSS2	out-of-frame	three_prime	39876503	1	1	True	1	True	exact match	retained	1.0	False	Ets-domain			TMPRSS2 (NM_001135099) - ERG (NM_004449) fusion: c.55+4862:TMPRSS2_c.40-58959:ERGdel | Protein Fusion: out of frame  {TMPRSS2:ERG}	NA
EVT-P-0033575-T01-IM6-496	P-0033575-T01-IM6		Prostate Cancer	PRAD	ERG-TMPRSS2	TMPRSS2	out-of-frame	three_prime	39861873	2	7	True	7	True	exact match	retained	1.0	False	Ets-domain			TMPRSS2 (NM_001135099) - ERG (NM_182918) Fusion (TMPRSS2 exon2 fused with ERG exon2) : c.56-238:TMPRSS2_c.18+8414:ERGdel | Protein Fusion: out of frame  {TMPRSS2:ERG}	NA
EVT-P-0032573-T01-IM6-498	P-0032573-T01-IM6		Prostate Cancer	PRAD	ERG-TMPRSS2	TMPRSS2	in-frame	three_prime	39878368	1	1	True	1	True	exact match	retained	1.0	False	Ets-domain			TMPRSS2 (NM_001135099) -ERG (NM_004449) Fusion (TMPRSS2 exon2 fused with ERG exon4: c.126+133:TMPRSS2_c.40-60824:ERGdel | Protein Fusion: in frame  {TMPRSS2:ERG}	NA
EVT-P-0032646-T01-IM6-499	P-0032646-T01-IM6		Prostate Cancer	PRAD	ERG-TMPRSS2	TMPRSS2	out-of-frame	three_prime	39858526	2	7	True	7	True	exact match	retained	1.0	False	Ets-domain			TMPRSS2 (NM_001135099) - ERG (NM_182918) fusion (TMPRSS2 exons 1 fused to ERG exons 2-10): c.56-2331:TMPRSS2_c.18+11761:ERGdel | Protein Fusion: out of frame  {TMPRSS2:ERG}	NA
EVT-P-0032663-T01-IM6-500	P-0032663-T01-IM6		Prostate Cancer	PRAD	ERG-TMPRSS2	TMPRSS2	out-of-frame	three_prime	39857561	2	7	True	7	True	exact match	retained	1.0	False	Ets-domain			TMPRSS2 (NM_001135099) - ERG (NM_182918) fusion (TMPRRS2 exon 1 fused to ERG exons 2-10): c.55+2322:TMPRSS2_c.18+12726:ERGdel | Protein Fusion: out of frame  {TMPRSS2:ERG}	NA
EVT-P-0032799-T01-IM6-501	P-0032799-T01-IM6		Prostate Cancer	PRAD	ERG-TMPRSS2	TMPRSS2	out-of-frame	three_prime	39886155	1	1	True	1	True	exact match	retained	1.0	False	Ets-domain			TMPRSS2 (NM_001135099) - ERG (NM_004449) fusion (TMPRRS2 exon 1 fused to ERG exons 4-11): c.55+815:TMPRSS2_c.39+61431:ERGdel | Protein Fusion: out of frame  {TMPRSS2:ERG}	NA
EVT-P-0032801-T01-IM6-502	P-0032801-T01-IM6		Prostate Cancer	PRAD	ERG-TMPRSS2	TMPRSS2	out-of-frame	three_prime	39829912	2	7	True	7	True	exact match	retained	1.0	False	Ets-domain			TMPRSS2 (NM_001135099) - ERG (NM_182918) fusion (TMPRSS2 exon 1 fused with ERG exons 2-10): c.56-595:TMPRSS2_c.19-12368:ERGdel | Protein Fusion: out of frame  {TMPRSS2:ERG}	NA
EVT-P-0023270-T01-IM6-503	P-0023270-T01-IM6		Prostate Cancer	PRAD	ERG-TMPRSS2	TMPRSS2	out-of-frame	three_prime	39880406	1	1	True	1	True	exact match	retained	1.0	False	Ets-domain			TMPRSS2 (NM_001135099) - ERG (NM_004449) Fusion (TMPRSS2 exon1 fused with exon4) : c.56-3945:TMPRSS2_c.40-62862:ERGdel | Protein Fusion: out of frame  {TMPRSS2:ERG}	NA
EVT-P-0014841-T01-IM6-505	P-0014841-T01-IM6		Prostate Cancer	PRAD	ERG-TMPRSS2	TMPRSS2	out-of-frame	three_prime	39886460	1	1	True	1	True	exact match	retained	1.0	False	Ets-domain			TMPRSS2 (NM_001135099)  - ERG (NM_004449) fusion (TMPRSS2 exon2 fused to ERG exon 4) : c.56-3050:TMPRSS2_c.39+61126:ERGdel | Protein fusion: out of frame (TMPRSS2-ERG)	NA
EVT-P-0021981-T01-IM6-506	P-0021981-T01-IM6		Bone Cancer	ES	EWSR1-ERG	EWSR1	in-frame	three_prime	39759195	10	307	True	307	True	exact match	retained	1.0	False	Ets-domain			EWSR1 (NM_013986) - ERG (NM_182918) fusion (EWSR1 exons 1-8 fused to ERG exon 10): t(21;22)(q22.2;q12.2)(chr21:g.39759195::chr22:g.29683558) | Protein Fusion: in frame  {EWSR1:ERG}	NA
EVT-P-0066725-T02-IM7-507	P-0066725-T02-IM7		Bone Cancer	ES	EWSR1-ERG	EWSR1	in-frame	three_prime	39766183	7	249	True	249	True	exact match	retained	1.0	False	Ets-domain			EWSR1 (NM_013986) - ERG (NM_182918) fusion: t(21;22)(q22.2;q12.2)(chr21:g.39766183::chr22:g.29683778) | Protein Fusion: in frame  {EWSR1:ERG}	NA
EVT-P-0065643-T01-IM7-508	P-0065643-T01-IM7		Bone Cancer	ES	EWSR1-ERG	EWSR1	in-frame	three_prime	39766776	7	249	True	249	True	exact match	retained	1.0	False	Ets-domain			EWSR1 (NM_013986) - ERG (NM_182918) fusion: t(21;22)(q22.2;q12.2)(chr21:g.39766776::chr22:g.29683679) | Protein Fusion: in frame  {EWSR1:ERG}	NA
EVT-P-0001725-T01-IM3-509	P-0001725-T01-IM3		Bone Cancer	ES	EWSR1-ERG	EWSR1	in-frame	three_prime	39759762	10	307	True	307	True	exact match	retained	1.0	False	Ets-domain			EWSR1 (NM_005243) - ERG (NM_182918) Translocation:  t(22;21)(q12.2;q22.2)(chr22:c.794-94::chr21:c.919+3155) | Protein fusion: in frame (EWSR1-ERG)	NA
EVT-P-0002170-T01-IM3-510	P-0002170-T01-IM3		Bone Cancer	ES	EWSR1-ERG	EWSR1	in-frame	three_prime	39775034	5	198	True	198	True	exact match	retained	1.0	False	Ets-domain			NA | Protein fusion: in frame (EWSR1-ERG)	NA
EVT-P-0062355-T03-IM7-511	P-0062355-T03-IM7		Bone Cancer	ES	EWSR1-ERG	EWSR1	in-frame	three_prime	39760652	10	307	True	307	True	exact match	retained	1.0	False	Ets-domain			EWSR1 (NM_013986) - ERG (NM_182918) fusion: t(21;22)(q22.2;q12.2)(chr21:g.39760652::chr22:g.29683517) | Protein Fusion: in frame  {EWSR1:ERG}	NA
EVT-P-0005841-T01-IM5-512	P-0005841-T01-IM5		Bone Cancer	ES	EWSR1-ERG	EWSR1	out-of-frame	three_prime	39766934	7	249	True	249	True	exact match	retained	1.0	False	Ets-domain			EWSR1  (NM_013986) - ERG (NM_182918) Fusion (EWSR1 exons 1 to 9 fused to ERG exons 7 to 10)  :  t(22;21)(chr22q12.2;chr21q22.2)(chr22:g.29684854::chr21:g.39766934) | Protein fusion: out of frame (EWSR1-ERG)	NA
EVT-P-0006208-T01-IM5-513	P-0006208-T01-IM5		Bone Cancer	ES	EWSR1-ERG	EWSR1	in-frame	three_prime	39756899	10	307	True	307	True	exact match	retained	1.0	False	Ets-domain			EWSR1 (NM_001163287) - ERG (NM_004449) fusion (EWSR1 exons 1-7 fused with ERG exon11) : t(21;22)(21q22.2;22q12.2)(chr21:g.39756899::chr22:g.29683591) | Protein fusion: in frame (EWSR1-ERG)	NA
EVT-P-0052809-T02-IM6-514	P-0052809-T02-IM6		Soft Tissue Sarcoma	ESST	EWSR1-ERG	EWSR1	in-frame	three_prime	39756407	10	307	True	307	True	exact match	retained	1.0	False	Ets-domain			EWSR1 (NM_013986) - ERG (NM_182918) fusion: t(21;22)(q22.2;q12.2)(chr21:g.39756407::chr22:g.29683281) | Protein Fusion: in frame  {EWSR1:ERG}	NA
EVT-P-0048734-T02-IM6-515	P-0048734-T02-IM6		Bone Cancer	ES	EWSR1-ERG	EWSR1	in-frame	three_prime	39763676	8	272	True	272	True	exact match	retained	1.0	False	Ets-domain			EWSR1 (NM_013986) - ERG (NM_182918) fusion: t(21;22)(q22.2;q12.2)(chr21:g.39763676::chr22:g.29683643) | Protein Fusion: in frame  {EWSR1:ERG}	NA
EVT-P-0045323-T02-IM6-516	P-0045323-T02-IM6		Bone Cancer	ES	EWSR1-ERG	EWSR1	out-of-frame	three_prime	39767063	7	249	True	249	True	exact match	retained	1.0	False	Ets-domain			EWSR1 (NM_013986) - ERG (NM_182918) fusion: t(21;22)(q22.2;q12.2)(chr21:g.39767063::chr22:g.29684977) | Protein Fusion: out of frame  {EWSR1:ERG}	NA
EVT-P-0044523-T02-IM6-517	P-0044523-T02-IM6		Bone Cancer	ES	EWSR1-ERG	EWSR1	unknown	three_prime	39762554	10	307	True	307	True	exact match	retained	1.0	False	Ets-domain			EWSR1 (NM_013986) - ERG (NM_182918) fusion: t(21;22)(q22.2;q12.2)(chr21:g.39762554::chr22:g.29684618) | Protein Fusion: mid-exon  {EWSR1:ERG}	NA
EVT-P-0044233-T02-IM6-518	P-0044233-T02-IM6		Bone Cancer	ES	EWSR1-ERG	EWSR1	in-frame	three_prime	39756441	10	307	True	307	True	exact match	retained	1.0	False	Ets-domain			EWSR1 (NM_013986) - ERG (NM_182918) fusion: t(21;22)(q22.2;q12.2)(chr21:g.39756441::chr22:g.29684053) | Protein Fusion: in frame  {EWSR1:ERG}	NA
EVT-P-0024101-T02-IM6-519	P-0024101-T02-IM6		Bone Cancer	ES	EWSR1-ERG	EWSR1	unknown	three_prime	39775485	4	179	False	179	True	exact match	retained	1.0	False	Ets-domain			EWSR1 (NM_013986) - ERG (NM_182918) fusion (EWSR1 exons 1-8 fused with ERG exons 4-10) : t(21;22)(q22.2;q12.2)(chr21:g.39775485::chr22:g.29684215) | Protein Fusion: mid-exon  {EWSR1:ERG}	NA
EVT-P-0038131-T01-IM6-520	P-0038131-T01-IM6		Bone Cancer	ES	EWSR1-ERG	EWSR1	in-frame	three_prime	39768812	7	249	True	249	True	exact match	retained	1.0	False	Ets-domain			EWSR1 (NM_013986) - ERG (NM_182918) fusion (EWSR1 exons 1-8 fused to ERG exons 7-10): t(21;22)(q22.2;q12.2)(chr21:g.39768812::chr22:g.29684367) | Protein Fusion: in frame  {EWSR1:ERG}	NA
EVT-P-0022234-T01-IM6-521	P-0022234-T01-IM6		Bone Cancer	ES	EWSR1-ERG	EWSR1	in-frame	three_prime	39765529	7	249	True	249	True	exact match	retained	1.0	False	Ets-domain			EWSR1 (NM_013986) - ERG (NM_182918) fusion (EWSR1 exons 1-8 fused with ERG exons 7-10) : t(21;22)(q22.2;q12.2)(chr21:g.39765529::chr22:g.29684131) | Protein Fusion: in frame  {EWSR1:ERG}	NA
EVT-P-0036601-T02-IM6-522	P-0036601-T02-IM6		Bone Cancer	ES	EWSR1-ERG	EWSR1	in-frame	three_prime	39763136	9	291	True	291	True	exact match	retained	1.0	False	Ets-domain			EWSR1 (NM_013986) - ERG (NM_182918) fusion: t(21;22)(q22.2;q12.2)(chr21:g.39763136::chr22:g.29684137) | Protein Fusion: in frame  {EWSR1:ERG}	NA
EVT-P-0053737-T01-IM6-523	P-0053737-T01-IM6		Esophagogastric Cancer	EGC	FLI1-ERG	FLI1	unknown	three_prime	39755655	10	370	False	370	True	exact match	disrupted	0.27710843373493976	True			Ets-domain	FLI1 (NM_002017) - ERG (NM_182918) rearrangement: t(11;21)(q24.3;q22.2)(chr11:g.128680564::chr21:g.39755655) | Protein Fusion: mid-exon  {FLI1:ERG}	NA
EVT-P-0023818-T01-IM6-524	P-0023818-T01-IM6		Soft Tissue Sarcoma	PECOMA	GABPA-ERG	GABPA	unknown	three_prime	39755807	10	320	False	320	True	exact match	disrupted	0.8795180722891566	True			Ets-domain	GABPA (NM_002040) - ERG (NM_182918) Rearrangement :  c.1137-1426:GABPA_c.958:ERGinv | Protein Fusion: mid-exon  {GABPA:ERG}	NA
EVT-P-0055799-T03-IM7-525	P-0055799-T03-IM7		Non-Small Cell Lung Cancer	LUAD	NETO1-ERG	NETO1	unknown	three_prime	39775482	4	180	False	180	True	exact match	retained	1.0	False	Ets-domain			NETO1 (NM_001201465) - ERG (NM_182918) rearrangement: t(18;21)(q22.3;q22.2)(chr18:g.70470364::chr21:g.39775482) | Protein Fusion: mid-exon  {NETO1:ERG}	NA
EVT-P-0051550-T01-IM6-526	P-0051550-T01-IM6		Prostate Cancer	PRAD	TMPRSS2-ERG	TMPRSS2	out-of-frame	three_prime	39862623	2	7	True	7	True	exact match	retained	1.0	False	Ets-domain			TMPRSS2 (NM_001135099) - ERG (NM_182918) rearrangement: c.56-1650:TMPRSS2_c.18+7664:ERGdel | Protein Fusion: out of frame  {TMPRSS2:ERG}	NA
EVT-P-0045546-T01-IM6-527	P-0045546-T01-IM6		Prostate Cancer	PRAD	TMPRSS2-ERG	TMPRSS2	out-of-frame	three_prime	39875013	1	1	True	1	True	exact match	retained	1.0	False	Ets-domain			TMPRSS2 (NM_001135099) - ERG (NM_004449) rearrangement: c.56-401:TMPRSS2_c.40-57469:ERGdel | Protein Fusion: out of frame  {TMPRSS2:ERG}	NA
EVT-P-0021782-T01-IM6-528	P-0021782-T01-IM6		Prostate Cancer	PRAD	TMPRSS2-ERG	TMPRSS2	out-of-frame	three_prime	39917211	1	1	True	1	True	exact match	retained	1.0	False	Ets-domain			TMPRSS2 (NM_001135099) -ERG (NM_004449) Fusion (TMPRSS2 exon 1 with ERG exon4) : c.56-2752:TMPRSS2_c.39+30375:ERGdel | Protein Fusion: out of frame  {TMPRSS2:ERG}	NA
EVT-P-0021561-T01-IM6-529	P-0021561-T01-IM6		Prostate Cancer	PRAD	TMPRSS2-ERG	TMPRSS2	in-frame	three_prime	39874362	1	1	True	1	True	exact match	retained	1.0	False	Ets-domain			TMPRSS2 (NM_001135099) -ERG (NM_004449) Fusion (TMPRSS2 exon2 with ERG exon4) :  c.127-1071:TMPRSS2_c.40-56818:ERGdel | Protein Fusion: in frame  {TMPRSS2:ERG}	NA
EVT-P-0021297-T01-IM6-530	P-0021297-T01-IM6		Prostate Cancer	PRAD	TMPRSS2-ERG	TMPRSS2	out-of-frame	three_prime	39803320	3	79	True	79	True	exact match	retained	1.0	False	Ets-domain			TMPRSS2 (NM_001135099) - ERG (NM_182918) (TMPRSS2 exons 1-2 fused with ERG exons 3-10):c.126+871:TMPRSS2_c.237-7837:ERGdel | Protein Fusion: out of frame  {TMPRSS2:ERG}	NA
EVT-P-0021104-T02-IM6-531	P-0021104-T02-IM6		Prostate Cancer	PRAD	TMPRSS2-ERG	TMPRSS2	unknown	three_prime	39872989	1	1	True	1	True	exact match	retained	1.0	False	Ets-domain			TMPRSS2 (NM_001135099) - ERG (NM_004449 rearrangement: c.127-55:TMPRSS2_c.40-55445:ERGdel | Transcript Fusion {TMPRSS2:ERG}	NA
EVT-P-0020984-T01-IM6-532	P-0020984-T01-IM6		Prostate Cancer	PRAD	TMPRSS2-ERG	TMPRSS2	out-of-frame	three_prime	39861827	2	7	True	7	True	exact match	retained	1.0	False	Ets-domain			TMPRSS2 (NM_001135099) - ERG (NM_182918) fusion (TMPRRS2 exon 1 fused to ERG exons 2-10): c.56-1454:TMPRSS2_c.18+8460:ERGdel | Protein Fusion: out of frame  {TMPRSS2:ERG}	NA
EVT-P-0020843-T01-IM6-533	P-0020843-T01-IM6		Prostate Cancer	PRAD	TMPRSS2-ERG	TMPRSS2	in-frame	three_prime	39878087	1	1	True	1	True	exact match	retained	1.0	False	Ets-domain			TMPRSS2 (NM_001135099) - ERG (NM_004449) fusion (TMPRRS2 exon 1 fused to ERG exons 4-11):c.126+1610:TMPRSS2_c.40-60543:ERGdel | Protein Fusion: in frame  {TMPRSS2:ERG}	NA
EVT-P-0020150-T02-IM6-534	P-0020150-T02-IM6		Prostate Cancer	PRAD	TMPRSS2-ERG	TMPRSS2	in-frame	three_prime	39875211	1	1	True	1	True	exact match	retained	1.0	False	Ets-domain			TMPRSS2 (NM_001135099) - ERG (NM_004449) fusion: c.127-1331:TMPRSS2_c.40-57667:ERGdel | Protein Fusion: in frame  {TMPRSS2:ERG}	NA
EVT-P-0019023-T06-IM7-535	P-0019023-T06-IM7		Prostate Cancer	PRAD	TMPRSS2-ERG	TMPRSS2	out-of-frame	three_prime	39880807	1	1	True	1	True	exact match	retained	1.0	False	Ets-domain			TMPRSS2 (NM_001135099) - ERG (NM_004449) fusion: c.56-4665:TMPRSS2_c.40-63263:ERGdel | Protein Fusion: out of frame  {TMPRSS2:ERG}	NA
EVT-P-0016983-T02-IM6-536	P-0016983-T02-IM6		Prostate Cancer	PRAD	TMPRSS2-ERG	TMPRSS2	in-frame	three_prime	39832975	2	7	True	7	True	exact match	retained	1.0	False	Ets-domain			TMPRSS2 (NM_001135099) - ERG fusion (NM_182918) fusion (TMPRSS2 exon 1-2 fused to ERG exons 2-10): c.127-1367:TMRPSS2_c.19-15431:ERGdel | Protein Fusion: in frame  {TMPRSS2:ERG}	NA
EVT-P-0016733-T04-IM7-537	P-0016733-T04-IM7		Prostate Cancer	PRAD	TMPRSS2-ERG	TMPRSS2	out-of-frame	three_prime	39823695	2	7	True	7	True	exact match	retained	1.0	False	Ets-domain			TMPRSS2 (NM_001135099) - ERG (NM_182918) fusion: c.56-3794:TMPRSS2_c.19-6151:ERGdel | Protein Fusion: out of frame  {TMPRSS2:ERG}	NA
EVT-P-0016733-T03-IM6-538	P-0016733-T03-IM6		Prostate Cancer	PRAD	TMPRSS2-ERG	TMPRSS2	out-of-frame	three_prime	39823695	2	7	True	7	True	exact match	retained	1.0	False	Ets-domain			TMPRSS2 (NM_001135099) - ERG (NM_182918) fusion: c.56-3794:TMPRSS2_c.19-6151:ERGdel | Protein Fusion: out of frame  {TMPRSS2:ERG}	NA
EVT-P-0036294-T02-IM6-539	P-0036294-T02-IM6		Prostate Cancer	PRAD	TMPRSS2-ERG	TMPRSS2	in-frame	three_prime	39866085	2	7	True	7	True	exact match	retained	1.0	False	Ets-domain			TMPRSS2 (NM_001135099) - ERG (NM_182918) rearrangement: c.127-1016:TMPRSS2_c.18+4202:ERGdel | Protein Fusion: in frame  {TMPRSS2:ERG}	NA
EVT-P-0036302-T01-IM6-540	P-0036302-T01-IM6		Prostate Cancer	PRAD	TMPRSS2-ERG	TMPRSS2	in-frame	three_prime	39876926	1	1	True	1	True	exact match	retained	1.0	False	Ets-domain			TMPRSS2 (NM_001135099) - ERG (NM_004449) Fusion (TMPRSS2 exon2 fused with ERG exon4) : c.40-59382:TMPRSS2_c.127-1153:ERGdel | Protein Fusion: in frame  {TMPRSS2:ERG}	NA
EVT-P-0015673-T02-IM6-541	P-0015673-T02-IM6		Prostate Cancer	PRAD	TMPRSS2-ERG	TMPRSS2	in-frame	three_prime	39851634	2	7	True	7	True	exact match	retained	1.0	False	Ets-domain			TMPRSS2 (NM_001135099) - ERG (NM_182918) rearrangement: c.127-1517:TMPRSS2_c.18+18653:ERGdel | Protein Fusion: in frame  {TMPRSS2:ERG}	NA
EVT-P-0015058-T03-IM6-542	P-0015058-T03-IM6		Prostate Cancer	PRAD	TMPRSS2-ERG	TMPRSS2	out-of-frame	three_prime	39861753	2	7	True	7	True	exact match	retained	1.0	False	Ets-domain			TMPRSS2 (NM_001135099) - ERG (NM_182918) fusion: c.56-451:TMPRSS2_c.18+8534:ERGdel | Protein Fusion: out of frame  {TMPRSS2:ERG}	NA
EVT-P-0014629-T01-IM6-543	P-0014629-T01-IM6		Prostate Cancer	PRAD	TMPRSS2-ERG	TMPRSS2	out-of-frame	three_prime	39914889	1	1	True	1	True	exact match	retained	1.0	False	Ets-domain			TMPRSS2 (NM_001135099) - ERG (NM_004449) fusion (TMPRSS2 exon1 fused to ERG exon3): c.56-4111:TMPRSS2_c.39+32697:ERGdel | Protein fusion: out of frame (TMPRSS2-ERG)	NA
EVT-P-0013503-T02-IM6-544	P-0013503-T02-IM6		Prostate Cancer	PRAD	TMPRSS2-ERG	TMPRSS2	out-of-frame	three_prime	39858543	2	7	True	7	True	exact match	retained	1.0	False	Ets-domain			TMPRSS2 (NM_001135099) - ERG (NM_182918) fusion (TMPRSS2 exon 1 fused with ERG exons 2-10): c.55+4160:TMPRSS2_c.18+11744:ERGdel | Protein Fusion: out of frame  {TMPRSS2:ERG}	NA
EVT-P-0000631-T03-IM6-545	P-0000631-T03-IM6		Prostate Cancer	PRAD	TMPRSS2-ERG	TMPRSS2	out-of-frame	three_prime	39889111	1	1	True	1	True	exact match	retained	1.0	False	Ets-domain			TMPRSS2 (NM_001135099) - ERG (NM_004449) fusion: c.56-2516:TMPRSS2_c.39+58475:ERGdel | Protein Fusion: out of frame  {TMPRSS2:ERG}	NA
EVT-P-0022117-T04-IM7-547	P-0022117-T04-IM7		Prostate Cancer	PRAD	TMPRSS2-ERG	TMPRSS2	unknown	three_prime	39862243	2	7	True	7	True	exact match	retained	1.0	False	Ets-domain			TMPRSS2 (NM_001135099) - ERG (NM_182918) fusion: c.304:TMPRSS2_c.18+8044:ERGdel | Protein Fusion: mid-exon  {TMPRSS2:ERG}	NA
EVT-P-0012132-T03-IM6-548	P-0012132-T03-IM6		Prostate Cancer	PRAD	TMPRSS2-ERG	TMPRSS2	in-frame	three_prime	39867415	2	7	True	7	True	exact match	retained	1.0	False	Ets-domain			TMPRSS2 (NM_001135099) - ERG (NM_182918) rearrangement: c.126+1525:TMPRSS2_c.18+2872:ERGdel | Protein Fusion: in frame  {TMPRSS2:ERG}	NA
EVT-P-0012048-T02-IM5-549	P-0012048-T02-IM5		Prostate Cancer	PRAD	TMPRSS2-ERG	TMPRSS2	in-frame	three_prime	39884663	1	1	True	1	True	exact match	retained	1.0	False	Ets-domain			TMPRSS2 (NM_001135099) - ERG (NM_004449) fusion: c.126+186:TMPRSS2_c.39+62923:ERGdel | Protein fusion: in frame (TMPRSS2-ERG)	NA
EVT-P-0036756-T02-IM6-550	P-0036756-T02-IM6		Prostate Cancer	PRAD	TMPRSS2-ERG	TMPRSS2	out-of-frame	three_prime	39821998	2	7	True	7	True	exact match	retained	1.0	False	Ets-domain			TMPRSS2 (NM_001135099) - ERG (NM_182918) rearrangement: c.55+2587:TMPRSS2_c.19-4454:ERGdel | Protein Fusion: out of frame  {TMPRSS2:ERG}	NA
EVT-P-0011429-T02-IM6-551	P-0011429-T02-IM6		Prostate Cancer	PRAD	TMPRSS2-ERG	TMPRSS2	out-of-frame	three_prime	39860560	2	7	True	7	True	exact match	retained	1.0	False	Ets-domain			TMPRSS2 (NM_001135099) - ERG (NM_182918) fusion: c.55+3735:TMPRSS2_c.18+9727:ERGdel | Protein Fusion: out of frame  {TMPRSS2:ERG}	NA
EVT-P-0037022-T01-IM6-552	P-0037022-T01-IM6		Prostate Cancer	PRAD	TMPRSS2-ERG	TMPRSS2	out-of-frame	three_prime	39887929	1	1	True	1	True	exact match	retained	1.0	False	Ets-domain			TMPRSS2 (NM_001135099) - ERG (NM_004449) fusion: c.56-2103:TMPRSS2_c.39+59657:ERGdel | Protein Fusion: out of frame  {TMPRSS2:ERG}	NA
EVT-P-0037029-T01-IM6-553	P-0037029-T01-IM6		Prostate Cancer	PRAD	TMPRSS2-ERG	TMPRSS2	in-frame	three_prime	39829127	2	7	True	7	True	exact match	retained	1.0	False	Ets-domain			TMPRSS2 (NM_001135099) - ERG (NM_182918) fusion: c.126+1715:TMPRSS2_c.19-11583:ERGdel | Protein Fusion: in frame  {TMPRSS2:ERG}	NA
EVT-P-0037151-T01-IM6-554	P-0037151-T01-IM6		Prostate Cancer	PRAD	TMPRSS2-ERG	TMPRSS2	out-of-frame	three_prime	39835707	2	7	True	7	True	exact match	retained	1.0	False	Ets-domain			TMPRSS2 (NM_001135099) - ERG (NM_004449) Fusion (TMPRSS2 exon1 with ERG exon2): c.55+3777:TMPRSS2_c.40-18163::ERGdel | Protein Fusion: out of frame  {TMPRSS2:ERG}	NA
EVT-P-0037177-T01-IM6-555	P-0037177-T01-IM6		Prostate Cancer	PRAD	TMPRSS2-ERG	TMPRSS2	out-of-frame	three_prime	39826705	2	7	True	7	True	exact match	retained	1.0	False	Ets-domain			TMPRSS2 (NM_001135099) - ERG (NM_182918) fusion: c.56-1678:TMPRSS2_c.19-9161:ERGdel | Protein Fusion: out of frame  {TMPRSS2:ERG}	NA
EVT-P-0037283-T01-IM6-556	P-0037283-T01-IM6		Prostate Cancer	PRAD	TMPRSS2-ERG	TMPRSS2	out-of-frame	three_prime	39823481	2	7	True	7	True	exact match	retained	1.0	False	Ets-domain			TMPRSS2 (NM_001135099) - ERG (NM_182918) fusion (TMPRSS2 exon 1 fused to ERG exons 2-10): c.56-2450:TMPRSS2_c.19-5937:ERGdel | Protein Fusion: out of frame  {TMPRSS2:ERG}	NA
EVT-P-0037423-T01-IM6-558	P-0037423-T01-IM6		Prostate Cancer	PRAD	TMPRSS2-ERG	TMPRSS2	out-of-frame	three_prime	39805396	3	79	True	79	True	exact match	retained	1.0	False	Ets-domain			TMPRSS2 (NM_001135099) - ERG (NM_182918) fusion: c.56-2996:TMPRSS2_c.237-9913:ERGdel | Protein Fusion: out of frame  {TMPRSS2:ERG}	NA
EVT-P-0037620-T01-IM6-559	P-0037620-T01-IM6		Prostate Cancer	PRAD	TMPRSS2-ERG	TMPRSS2	out-of-frame	three_prime	39808241	3	79	True	79	True	exact match	retained	1.0	False	Ets-domain			TMPRSS2 (NM_001135099) - ERG (NM_182918) fusion: c.126+982:TMPRSS2_c.236+9086:ERGdel | Protein Fusion: out of frame  {TMPRSS2:ERG}	NA
EVT-P-0037691-T01-IM6-560	P-0037691-T01-IM6		Prostate Cancer	PRAD	TMPRSS2-ERG	TMPRSS2	unknown	three_prime	39871604	1	1	True	1	True	exact match	retained	1.0	False	Ets-domain			TMPRSS2 (NM_001135099) -ERG (NM_182918) Fusion (TMPRSS2 exon1 fused with ERG exon1): c.56-1082:TMPRSS2_c.-1300:ERGdel | Transcript Fusion {TMPRSS2:ERG}	NA
EVT-P-0037701-T01-IM6-561	P-0037701-T01-IM6		Prostate Cancer	PRAD	TMPRSS2-ERG	TMPRSS2	out-of-frame	three_prime	39798230	3	79	True	79	True	exact match	retained	1.0	False	Ets-domain			TMPRSS2 (NM_001135099) - ERG (NM_182918) fusion: c.126+524:TMPRSS2_c.237-2747:ERGdel | Protein Fusion: out of frame  {TMPRSS2:ERG}	NA
EVT-P-0037701-T02-IM6-562	P-0037701-T02-IM6		Prostate Cancer	PRAD	TMPRSS2-ERG	TMPRSS2	out-of-frame	three_prime	39798230	3	79	True	79	True	exact match	retained	1.0	False	Ets-domain			TMPRSS2 (NM_001135099) - ERG (NM_182918) rearrangement: c.126+525:TMPRSS2_c.237-2747:ERGdel | Protein Fusion: out of frame  {TMPRSS2:ERG}	NA
EVT-P-0037750-T01-IM6-563	P-0037750-T01-IM6		Prostate Cancer	PRAD	TMPRSS2-ERG	TMPRSS2	out-of-frame	three_prime	39861145	2	7	True	7	True	exact match	retained	1.0	False	Ets-domain			TMPRSS2 (NM_001135099) - ERG (NM_182918) fusion: c.55+3617:TMPRSS2_c.18+9142:ERGdel | Protein Fusion: out of frame  {TMPRSS2:ERG}	NA
EVT-P-0037751-T01-IM6-564	P-0037751-T01-IM6		Prostate Cancer	PRAD	TMPRSS2-ERG	TMPRSS2	out-of-frame	three_prime	39941388	1	1	True	1	True	exact match	retained	1.0	False	Ets-domain			TMPRSS2 (NM_001135099) - ERG(NM_004449) Fusion (TMPRSS2 exon 1 with ERG exon 4 - 10) : c.56-2526:TMPRSS2_c.39+6198:ERG del | Protein Fusion: out of frame  {TMPRSS2:ERG}	NA
EVT-P-0037866-T02-IM6-565	P-0037866-T02-IM6		Prostate Cancer	PRAD	TMPRSS2-ERG	TMPRSS2	out-of-frame	three_prime	39887035	1	1	True	1	True	exact match	retained	1.0	False	Ets-domain			TMPRSS2 (NM_001135099) - ERG (NM_004449) fusion: c.56-2124:TMPRSS2_c.39+60551:ERGdel | Protein Fusion: out of frame  {TMPRSS2:ERG}	NA
EVT-P-0037960-T01-IM6-566	P-0037960-T01-IM6		Prostate Cancer	PRAD	TMPRSS2-ERG	TMPRSS2	in-frame	three_prime	39911122	1	1	True	1	True	exact match	retained	1.0	False	Ets-domain			TMPRSS2 (NM_001135099) - ERG (NM_004449) fusion: c.126+1742:TMPRSS2_c.39+36464:ERGdel | Protein Fusion: in frame  {TMPRSS2:ERG}	NA
EVT-P-0037969-T01-IM6-567	P-0037969-T01-IM6		Prostate Cancer	PRAD	TMPRSS2-ERG	TMPRSS2	in-frame	three_prime	39863298	2	7	True	7	True	exact match	retained	1.0	False	Ets-domain			TMPRSS2 (NM_001135099) - ERG (NM_182918) fusion: c.126+662:TMPRSS2_c.18+6989:ERGdel | Protein Fusion: in frame  {TMPRSS2:ERG}	NA
EVT-P-0038012-T01-IM6-568	P-0038012-T01-IM6		Prostate Cancer	PRAD	TMPRSS2-ERG	TMPRSS2	in-frame	three_prime	39936477	1	1	True	1	True	exact match	retained	1.0	False	Ets-domain			TMPRSS2 (NM_001135099) - ERG (NM_004449) fusion: c.126+46:TMPRSS2_c.39+11109:ERGdel | Protein Fusion: in frame  {TMPRSS2:ERG}	NA
EVT-P-0011364-T02-IM7-569	P-0011364-T02-IM7		Prostate Cancer	PRAD	TMPRSS2-ERG	TMPRSS2	out-of-frame	three_prime	39876280	1	1	True	1	True	exact match	retained	1.0	False	Ets-domain			TMPRSS2 (NM_001135099) - ERG (NM_004449) fusion: c.55+2675:TMPRSS2_c.40-58736:ERGdel | Protein Fusion: out of frame  {TMPRSS2:ERG}	NA
EVT-P-0023380-T01-IM6-570	P-0023380-T01-IM6		Prostate Cancer	PRAD	TMPRSS2-ERG	TMPRSS2	out-of-frame	three_prime	39882779	1	1	True	1	True	exact match	retained	1.0	False	Ets-domain			TMPRSS2 (NM_001135099) - ERG (NM_004449) fusion (TMPRSS2 exon 1 fused to ERG exons 4-11): c.56-4212:TMPRSS2_c.39+64807:ERGdel | Protein Fusion: out of frame  {TMPRSS2:ERG}	NA
EVT-P-0038179-T01-IM6-571	P-0038179-T01-IM6		Prostate Cancer	PRAD	TMPRSS2-ERG	TMPRSS2	out-of-frame	three_prime	39874137	1	1	True	1	True	exact match	retained	1.0	False	Ets-domain			TMPRSS2 (NM_001135099) - ERG (NM_004449) fusion: c.56-3703:TMPRSS2_c.40-56593:ERGdel | Protein Fusion: out of frame  {TMPRSS2:ERG}	NA
EVT-P-0038299-T01-IM6-572	P-0038299-T01-IM6		Prostate Cancer	PRAD	TMPRSS2-ERG	TMPRSS2	in-frame	three_prime	39896349	1	1	True	1	True	exact match	retained	1.0	False	Ets-domain			TMPRSS2 (NM_001135099) - ERG (NM_004449) fusion: c.127-1050:TMPRSS2_c.39+51237:ERGdel | Protein Fusion: in frame  {TMPRSS2:ERG}	NA
EVT-P-0038348-T01-IM6-573	P-0038348-T01-IM6		Prostate Cancer	PRAD	TMPRSS2-ERG	TMPRSS2	out-of-frame	three_prime	39877054	1	1	True	1	True	exact match	retained	1.0	False	Ets-domain			TMPRSS2 (NM_001135099) - ERG (NM_004449) fusion: (TMPRSS2 exon 1 fused to ERG exons 4-11): c.55+3992:TMPRSS2_c.40-59510:ERGdel | Protein Fusion: out of frame  {TMPRSS2:ERG}	NA
EVT-P-0038415-T01-IM6-574	P-0038415-T01-IM6		Prostate Cancer	PRAD	TMPRSS2-ERG	TMPRSS2	out-of-frame	three_prime	39832393	2	7	True	7	True	exact match	retained	1.0	False	Ets-domain			TMPRSS2 (NM_001135099) - ERG (NM_182918) fusion: c.55+2095:TMPRSS2_c.19-14849:ERGdel | Protein Fusion: out of frame  {TMPRSS2:ERG}	NA
EVT-P-0009286-T03-IM6-575	P-0009286-T03-IM6		Prostate Cancer	PRAD	TMPRSS2-ERG	TMPRSS2	out-of-frame	three_prime	39947178	1	1	True	1	True	exact match	retained	1.0	False	Ets-domain			TMPRSS2 (NM_001135099) - ERG (NM_004449) fusion: c.56-4443:TMPRSS2_c.39+408:ERGdel | Protein Fusion: out of frame  {TMPRSS2:ERG}	NA
EVT-P-0038584-T01-IM6-576	P-0038584-T01-IM6		Prostate Cancer	PRAD	TMPRSS2-ERG	TMPRSS2	in-frame	three_prime	39831874	2	7	True	7	True	exact match	retained	1.0	False	Ets-domain			TMPRSS2 (NM_001135099) -ERG (NM_004449) Fusion (TMPRSS2 exon2 fused with ERG exon2 ):c.127-1350:TMPRSS2_c.40-14330:ERGdel | Protein Fusion: in frame  {TMPRSS2:ERG}	NA
EVT-P-0038643-T01-IM6-577	P-0038643-T01-IM6		Prostate Cancer	PRAD	TMPRSS2-ERG	TMPRSS2	out-of-frame	three_prime	39873786	1	1	True	1	True	exact match	retained	1.0	False	Ets-domain			TMPRSS2 (NM_001135099) - ERG (NM_004449) fusion: c.55+4433:TMPRSS2_c.40-56242:ERGdel | Protein Fusion: out of frame  {TMPRSS2:ERG}	NA
EVT-P-0038739-T01-IM6-578	P-0038739-T01-IM6		Cancer of Unknown Primary	CUP	TMPRSS2-ERG	TMPRSS2	in-frame	three_prime	39918924	1	1	True	1	True	exact match	retained	1.0	False	Ets-domain			TMPRSS2 (NM_001135099) - ERG (NM_004449) fusion: c.127-1530:TMPRSS2_c.39+28662:ERGdel | Protein Fusion: in frame  {TMPRSS2:ERG}	NA
EVT-P-0038808-T01-IM6-579	P-0038808-T01-IM6		Prostate Cancer	PRAD	TMPRSS2-ERG	TMPRSS2	out-of-frame	three_prime	39845127	2	7	True	7	True	exact match	retained	1.0	False	Ets-domain			TMPRSS2 (NM_001135099) - ERG (NM_182918) Fusion (TMPRSS2 exon1 fused with ERG exon2) :c.55+3082:TMPRSS2_c.18+25160:ERGdel | Protein Fusion: out of frame  {TMPRSS2:ERG}	NA
EVT-P-0039047-T01-IM6-580	P-0039047-T01-IM6		Prostate Cancer	PRAD	TMPRSS2-ERG	TMPRSS2	out-of-frame	three_prime	39862212	2	7	True	7	True	exact match	retained	1.0	False	Ets-domain			TMPRSS2 (NM_001135099) - ERG (NM_182918) fusion: c.56-4233:TMPRSS2_c.18+8075:ERGdel | Protein Fusion: out of frame  {TMPRSS2:ERG}	NA
EVT-P-0039238-T01-IM6-581	P-0039238-T01-IM6		Prostate Cancer	PRAD	TMPRSS2-ERG	TMPRSS2	in-frame	three_prime	39864537	2	7	True	7	True	exact match	retained	1.0	False	Ets-domain			TMPRSS2 (NM_001135099) - ERG (NM_182918) fusion: c.127-480:TMPRSS2_c.18+5750:ERGdel | Protein Fusion: in frame  {TMPRSS2:ERG}	NA
EVT-P-0039508-T01-IM6-582	P-0039508-T01-IM6		Prostate Cancer	PRAD	TMPRSS2-ERG	TMPRSS2	out-of-frame	three_prime	39840410	2	7	True	7	True	exact match	retained	1.0	False	Ets-domain			TMPRSS2 (NM_001135099) - ERG (NM_182918) fusion: c.1010+22:TMPRSS2_c.19-22866:ERGdel | Protein Fusion: out of frame  {TMPRSS2:ERG}	NA
EVT-P-0039689-T01-IM6-583	P-0039689-T01-IM6		Prostate Cancer	PRAD	TMPRSS2-ERG	TMPRSS2	out-of-frame	three_prime	39818672	2	7	True	7	True	exact match	retained	1.0	False	Ets-domain			TMPRSS2 (NM_001135099) - ERG (NM_182918) fusion: c.56-203:TMPRSS2_c.19-1128:ERGdel | Protein Fusion: out of frame  {TMPRSS2:ERG}	NA
EVT-P-0039698-T01-IM6-584	P-0039698-T01-IM6		Prostate Cancer	PRAD	TMPRSS2-ERG	TMPRSS2	out-of-frame	three_prime	39866680	2	7	True	7	True	exact match	retained	1.0	False	Ets-domain			TMPRSS2 (NM_001135099) - ERG (NM_182918) fusion: c.56-4258:TMPRSS2_c.18+3607:ERGdel | Protein Fusion: out of frame  {TMPRSS2:ERG}	NA
EVT-P-0039753-T01-IM6-585	P-0039753-T01-IM6		Prostate Cancer	PRAD	TMPRSS2-ERG	TMPRSS2	out-of-frame	three_prime	39887474	1	1	True	1	True	exact match	retained	1.0	False	Ets-domain			TMPRSS2 (NM_001135099) - ERG (NM_004449) fusion: c.56-1241:TMPRSS2_c.39+60112:ERGdel | Protein Fusion: out of frame  {TMPRSS2:ERG}	NA
EVT-P-0039771-T01-IM6-586	P-0039771-T01-IM6		Prostate Cancer	PRAD	TMPRSS2-ERG	TMPRSS2	out-of-frame	three_prime	39883192	1	1	True	1	True	exact match	retained	1.0	False	Ets-domain			TMPRSS2 (NM_001135099) - ERG (NM_004449) fusion: c.56-2539:TMPRSS2_c.39+64394:ERGdel | Protein Fusion: out of frame  {TMPRSS2:ERG}	NA
EVT-P-0040180-T01-IM6-587	P-0040180-T01-IM6		Prostate Cancer	PRAD	TMPRSS2-ERG	TMPRSS2	out-of-frame	three_prime	39818937	2	7	True	7	True	exact match	retained	1.0	False	Ets-domain			TMPRSS2 (NM_001135099) - ERG (NM_182918) fusion: c.56-3769:TMPRSS2_c.19-1393:ERGdel | Protein Fusion: out of frame  {TMPRSS2:ERG}	NA
EVT-P-0040335-T01-IM6-588	P-0040335-T01-IM6		Prostate Cancer	PRAD	TMPRSS2-ERG	TMPRSS2	unknown	three_prime	39870459	1	1	True	1	True	exact match	retained	1.0	False	Ets-domain			TMPRSS2 (NM_001135099) - ERG (NM_004449) fusion: c.557-1097:TMPRSS2_c.40-52915:ERGdel | Transcript Fusion {TMPRSS2:ERG}	NA
EVT-P-0040509-T01-IM6-589	P-0040509-T01-IM6		Prostate Cancer	PRAD	TMPRSS2-ERG	TMPRSS2	out-of-frame	three_prime	39941156	1	1	True	1	True	exact match	retained	1.0	False	Ets-domain			TMPRSS2 (NM_001135099) - ERG (NM_004449) fusion: c.56-4323:TMPRSS2_c.39+6430:ERGdel | Protein Fusion: out of frame  {TMPRSS2:ERG}	NA
EVT-P-0040519-T01-IM6-590	P-0040519-T01-IM6		Prostate Cancer	PRAD	TMPRSS2-ERG	TMPRSS2	unknown	three_prime	39872356	1	1	True	1	True	exact match	retained	1.0	False	Ets-domain			TMPRSS2 (NM_001135099) - ERG (NM_004449) fusion: c.56-1047:TMPRSS2_c.40-54812:ERGdel | Transcript Fusion {TMPRSS2:ERG}	NA
EVT-P-0040595-T01-IM6-591	P-0040595-T01-IM6		Prostate Cancer	PRAD	TMPRSS2-ERG	TMPRSS2	out-of-frame	three_prime	39868848	2	7	True	7	True	exact match	retained	1.0	False	Ets-domain			TMPRSS2 (NM_001135099) - ERG (NM_182918) fusion: c.56-244:TMPRSS2_c.18+1439:ERGdel | Protein Fusion: out of frame  {TMPRSS2:ERG}	NA
EVT-P-0040611-T01-IM6-592	P-0040611-T01-IM6		Prostate Cancer	PRAD	TMPRSS2-ERG	TMPRSS2	in-frame	three_prime	39941733	1	1	True	1	True	exact match	retained	1.0	False	Ets-domain			TMPRSS2 (NM_001135099) - ERG (NM_004449) fusion: c.127-1208:TMPRSS2_c.39+5853:ERGdel | Protein Fusion: in frame  {TMPRSS2:ERG}	NA
EVT-P-0040739-T01-IM6-593	P-0040739-T01-IM6		Prostate Cancer	PRAD	TMPRSS2-ERG	TMPRSS2	unknown	three_prime	39872529	1	1	True	1	True	exact match	retained	1.0	False	Ets-domain			TMPRSS2 (NM_001135099) - ERG (NM_004449) fusion (TMPRSS2 exons 1-2 fused to ERG exons 4-11): c.126+849:TMPRSS2_ c.40-54985:ERGdel | Transcript Fusion {TMPRSS2:ERG}	NA
EVT-P-0040749-T01-IM6-594	P-0040749-T01-IM6		Prostate Cancer	PRAD	TMPRSS2-ERG	TMPRSS2	in-frame	three_prime	39884198	1	1	True	1	True	exact match	retained	1.0	False	Ets-domain			TMPRSS2 (NM_001135099) - ERG (NM_004449) fusion: c.127-1065:TMPRSS2_c.39+63388:ERGdel | Protein Fusion: in frame  {TMPRSS2:ERG}	NA
EVT-P-0040754-T01-IM6-595	P-0040754-T01-IM6		Prostate Cancer	PRAD	TMPRSS2-ERG	TMPRSS2	unknown	three_prime	39872498	1	1	True	1	True	exact match	retained	1.0	False	Ets-domain			TMPRSS2 (NM_001135099) - ERG (NM_004449) fusion: c.56-201:TMPRSS2_c.40-54954:ERGdel | Transcript Fusion {TMPRSS2:ERG}	NA
EVT-P-0040826-T02-IM6-596	P-0040826-T02-IM6		Prostate Cancer	PRAD	TMPRSS2-ERG	TMPRSS2	in-frame	three_prime	39886256	1	1	True	1	True	exact match	retained	1.0	False	Ets-domain			TMPRSS2 (NM_001135099) - ERG (NM_004449) fusion: c.126+1041:TMPRSS2_c.39+61330:ERGdel | Protein Fusion: in frame  {TMPRSS2:ERG}	NA
EVT-P-0040826-T04-IM7-597	P-0040826-T04-IM7		Prostate Cancer	PRAD	TMPRSS2-ERG	TMPRSS2	in-frame	three_prime	39886256	1	1	True	1	True	exact match	retained	1.0	False	Ets-domain			TMPRSS2 (NM_001135099) - ERG (NM_004449) fusion: c.126+1037:TMPRSS2_c.39+61330:ERGdel | Protein Fusion: in frame  {TMPRSS2:ERG}	NA
EVT-P-0041027-T01-IM6-598	P-0041027-T01-IM6		Prostate Cancer	PRAD	TMPRSS2-ERG	TMPRSS2	out-of-frame	three_prime	39869219	2	7	True	7	True	exact match	retained	1.0	False	Ets-domain			TMPRSS2 (NM_001135099) - ERG (NM_182918) fusion: c.55+4212:TMPRSS2_c.18+1068:ERGdel | Protein Fusion: out of frame  {TMPRSS2:ERG}	NA
EVT-P-0041034-T01-IM6-599	P-0041034-T01-IM6		Prostate Cancer	PRAD	TMPRSS2-ERG	TMPRSS2	out-of-frame	three_prime	39866509	2	7	True	7	True	exact match	retained	1.0	False	Ets-domain			TMPRSS2 (NM_001135099) - ERG (NM_182918) fusion: c.56-1526:TMPRSS2_c.18+3778:ERGdel | Protein Fusion: out of frame  {TMPRSS2:ERG}	NA
EVT-P-0041196-T01-IM6-600	P-0041196-T01-IM6		Prostate Cancer	PRAD	TMPRSS2-ERG	TMPRSS2	out-of-frame	three_prime	39878073	1	1	True	1	True	exact match	retained	1.0	False	Ets-domain			TMPRSS2 (NM_001135099) - ERG (NM_004449) rearrangement: c.55+4101:TMPRSS2_c.40-60529:ERGdel | Protein Fusion: out of frame  {TMPRSS2:ERG}	NA
EVT-P-0041461-T01-IM6-601	P-0041461-T01-IM6		Prostate Cancer	PRAD	TMPRSS2-ERG	TMPRSS2	in-frame	three_prime	39854544	2	7	True	7	True	exact match	retained	1.0	False	Ets-domain			TMPRSS2 (NM_001135099) - ERG (NM_182918) rearrangement: c.126+1651:TMPRSS2_c.18+15743:ERGdel | Protein Fusion: in frame  {TMPRSS2:ERG}	NA
EVT-P-0060161-T01-IM7-602	P-0060161-T01-IM7		Prostate Cancer	PRAD	TMPRSS2-ERG	TMPRSS2	out-of-frame	three_prime	39935300	1	1	True	1	True	exact match	retained	1.0	False	Ets-domain			TMPRSS2 (NM_001135099) - ERG (NM_004449) fusion: c.55+2529:TMPRSS2_c.39+12286:ERGdel | Protein Fusion: out of frame  {TMPRSS2:ERG}	NA
EVT-P-0041549-T01-IM6-603	P-0041549-T01-IM6		Prostate Cancer	PRAD	TMPRSS2-ERG	TMPRSS2	in-frame	three_prime	39853771	2	7	True	7	True	exact match	retained	1.0	False	Ets-domain			TMPRSS2 (NM_001135099) - ERG (NM_182918) fusion: c.127-606:TMPRSS2_c.18+16516:ERGdel | Protein Fusion: in frame  {TMPRSS2:ERG}	NA
EVT-P-0041602-T01-IM6-605	P-0041602-T01-IM6		Prostate Cancer	PRAD	TMPRSS2-ERG	TMPRSS2	out-of-frame	three_prime	39940597	1	1	True	1	True	exact match	retained	1.0	False	Ets-domain			TMPRSS2 (NM_001135099) - ERG (NM_004449) fusion: c.55+4147:TMPRSS2_c.39+6989:ERGdel | Protein Fusion: out of frame  {TMPRSS2:ERG}	NA
EVT-P-0041610-T01-IM6-606	P-0041610-T01-IM6		Prostate Cancer	PRAD	TMPRSS2-ERG	TMPRSS2	in-frame	three_prime	39833385	2	7	True	7	True	exact match	retained	1.0	False	Ets-domain			TMPRSS2 (NM_001135099) - ERG (NM_182918) rearrangement: c.126+928:TMPRSS2_c.19-15841:ERGdel | Protein Fusion: in frame  {TMPRSS2:ERG}	NA
EVT-P-0041659-T01-IM6-607	P-0041659-T01-IM6		Prostate Cancer	PRAD	TMPRSS2-ERG	TMPRSS2	in-frame	three_prime	39880238	1	1	True	1	True	exact match	retained	1.0	False	Ets-domain			TMPRSS2 (NM_001135099) - ERG (NM_004449) rearrangement: c.126+1474:TMPRSS2_c.40-62694:ERGdel | Protein Fusion: in frame  {TMPRSS2:ERG}	NA
EVT-P-0041944-T01-IM6-608	P-0041944-T01-IM6		Prostate Cancer	PRAD	TMPRSS2-ERG	TMPRSS2	unknown	three_prime	39870492	1	1	True	1	True	exact match	retained	1.0	False	Ets-domain			TMPRSS2 (NM_001135099) - ERG (NM_004449) rearrangement: c.56-1755:TMPRSS2_c.40-52948:ERGdel | Transcript Fusion {TMPRSS2:ERG}	NA
EVT-P-0041945-T01-IM6-609	P-0041945-T01-IM6		Prostate Cancer	PRAD	TMPRSS2-ERG	TMPRSS2	in-frame	three_prime	39868451	2	7	True	7	True	exact match	retained	1.0	False	Ets-domain			TMPRSS2 (NM_001135099) - ERG (NM_182918) rearrangement: c.127-660:TMPRSS2_c.18+1836:ERGdel | Protein Fusion: in frame  {TMPRSS2:ERG}	NA
EVT-P-0059934-T01-IM7-610	P-0059934-T01-IM7		Prostate Cancer	PRAD	TMPRSS2-ERG	TMPRSS2	out-of-frame	three_prime	39882213	1	1	True	1	True	exact match	retained	1.0	False	Ets-domain			TMPRSS2 (NM_001135099) - ERG (NM_004449) fusion: c.55+4255:TMPRSS2_c.40-64669:ERGdel | Protein Fusion: out of frame  {TMPRSS2:ERG}	NA
EVT-P-0042252-T01-IM6-611	P-0042252-T01-IM6		Prostate Cancer	PRAD	TMPRSS2-ERG	TMPRSS2	out-of-frame	three_prime	39841609	2	7	True	7	True	exact match	retained	1.0	False	Ets-domain			TMPRSS2 (NM_001135099) - ERG (NM_182918) fusion: c.56-3404:TMPRSS2_c.19-24065:ERGdel | Protein Fusion: out of frame  {TMPRSS2:ERG}	NA
EVT-P-0042276-T01-IM6-612	P-0042276-T01-IM6		Prostate Cancer	PRAD	TMPRSS2-ERG	TMPRSS2	out-of-frame	three_prime	39855504	2	7	True	7	True	exact match	retained	1.0	False	Ets-domain			TMPRSS2 (NM_001135099) - ERG (NM_182918) rearrangement: c.56-2913:TMPRSS2_c.18+14783:ERGdel | Protein Fusion: out of frame  {TMPRSS2:ERG}	NA
EVT-P-0035445-T02-IM6-613	P-0035445-T02-IM6		Cancer of Unknown Primary	SCUP	TMPRSS2-ERG	TMPRSS2	out-of-frame	three_prime	39854421	2	7	True	7	True	exact match	retained	1.0	False	Ets-domain			TMPRSS2 (NM_001135099) - ERG (NM_182918) rearrangement: c.56-4329:TMPRSS2_c.18+15866:ERGdel | Protein Fusion: out of frame  {TMPRSS2:ERG}	NA
EVT-P-0042341-T01-IM6-614	P-0042341-T01-IM6		Prostate Cancer	PRAD	TMPRSS2-ERG	TMPRSS2	out-of-frame	three_prime	39880122	1	1	True	1	True	exact match	retained	1.0	False	Ets-domain			TMPRSS2 (NM_001135099) - ERG (NM_004449) rearrangement: c.56-4078:TMPRSS2_c.40-62578:ERGdel | Protein Fusion: out of frame  {TMPRSS2:ERG}	NA
EVT-P-0042378-T01-IM6-615	P-0042378-T01-IM6		Prostate Cancer	PRAD	TMPRSS2-ERG	TMPRSS2	out-of-frame	three_prime	39853572	2	7	True	7	True	exact match	retained	1.0	False	Ets-domain			TMPRSS2 (NM_001135099) - ERG (NM_182918) rearrangement: c.55+1935:TMPRSS2_c.18+16715:ERGdel | Protein Fusion: out of frame  {TMPRSS2:ERG}	NA
EVT-P-0042663-T01-IM6-617	P-0042663-T01-IM6		Prostate Cancer	PRAD	TMPRSS2-ERG	TMPRSS2	out-of-frame	three_prime	39849335	2	7	True	7	True	exact match	retained	1.0	False	Ets-domain			TMPRSS2 (NM_001135099) - ERG (NM_182918) fusion: c.56-3014:TMPRSS2_c.18+20952:ERGdel | Protein Fusion: out of frame  {TMPRSS2:ERG}	NA
EVT-P-0042711-T01-IM6-618	P-0042711-T01-IM6		Prostate Cancer	PRAD	TMPRSS2-ERG	TMPRSS2	out-of-frame	three_prime	39876629	1	1	True	1	True	exact match	retained	1.0	False	Ets-domain			TMPRSS2 (NM_001135099) - ERG (NM_004449) rearrangement: c.56-543:TMPRSS2_c.40-59085:ERGdel | Protein Fusion: out of frame  {TMPRSS2:ERG}	NA
EVT-P-0042711-T02-IM6-619	P-0042711-T02-IM6		Prostate Cancer	PRAD	TMPRSS2-ERG	TMPRSS2	out-of-frame	three_prime	39876629	1	1	True	1	True	exact match	retained	1.0	False	Ets-domain			TMPRSS2 (NM_001135099) - ERG (NM_004449) rearrangement: c.56-543:TMPRSS2_c.40-59085:ERGdel | Protein Fusion: out of frame  {TMPRSS2:ERG}	NA
EVT-P-0042826-T01-IM6-620	P-0042826-T01-IM6		Prostate Cancer	PRAD	TMPRSS2-ERG	TMPRSS2	out-of-frame	three_prime	39855768	2	7	True	7	True	exact match	retained	1.0	False	Ets-domain			TMPRSS2 (NM_001135099) - ERG (NM_182918) rearrangement: c.56-740:TMPRSS2_c.18+14519:ERGdel | Protein Fusion: out of frame  {TMPRSS2:ERG}	NA
EVT-P-0042830-T01-IM6-621	P-0042830-T01-IM6		Prostate Cancer	PRAD	TMPRSS2-ERG	TMPRSS2	unknown	three_prime	39871188	1	1	True	1	True	exact match	retained	1.0	False	Ets-domain			TMPRSS2 (NM_001135099) - ERG (NM_004449) fusion: c.56-3008:TMPRSS2_c.40-53644:ERGdel | Transcript Fusion {TMPRSS2:ERG}	NA
EVT-P-0042990-T01-IM6-622	P-0042990-T01-IM6		Prostate Cancer	PRAD	TMPRSS2-ERG	TMPRSS2	in-frame	three_prime	39890168	1	1	True	1	True	exact match	retained	1.0	False	Ets-domain			TMPRSS2 (NM_001135099) - ERG (NM_004449) rearrangement: c.127-1517:TMPRSS2_c.39+57418:ERGdel | Protein Fusion: in frame  {TMPRSS2:ERG}	NA
EVT-P-0042990-T03-IM7-623	P-0042990-T03-IM7		Prostate Cancer	PRAD	TMPRSS2-ERG	TMPRSS2	in-frame	three_prime	39890168	1	1	True	1	True	exact match	retained	1.0	False	Ets-domain			TMPRSS2 (NM_001135099) - ERG (NM_004449) fusion: c.127-1517:TMPRSS2_c.39+57418:ERGdel | Protein Fusion: in frame  {TMPRSS2:ERG}	NA
EVT-P-0043029-T01-IM6-624	P-0043029-T01-IM6		Prostate Cancer	PRAD	TMPRSS2-ERG	TMPRSS2	out-of-frame	three_prime	39857064	2	7	True	7	True	exact match	retained	1.0	False	Ets-domain			TMPRSS2 (NM_001135099) - ERG (NM_182918) fusion: c.55+1728:TMPRSS2_c.18+13223:ERGdel | Protein Fusion: out of frame  {TMPRSS2:ERG}	NA
EVT-P-0043336-T01-IM6-625	P-0043336-T01-IM6		Prostate Cancer	PRAD	TMPRSS2-ERG	TMPRSS2	out-of-frame	three_prime	39831828	2	7	True	7	True	exact match	retained	1.0	False	Ets-domain			TMPRSS2 (NM_001135099) - ERG (NM_182918) rearrangement: c.55+4684:TMPRSS2_c.19-14284:ERGdel | Protein Fusion: out of frame  {TMPRSS2:ERG}	NA
EVT-P-0008928-T02-IM6-626	P-0008928-T02-IM6		Prostate Cancer	PRAD	TMPRSS2-ERG	TMPRSS2	in-frame	three_prime	39886574	1	1	True	1	True	exact match	retained	1.0	False	Ets-domain			TMPRSS2 (NM_001135099) - ERG (NM_004449) rearrangement: c.127-1339:TMPRSS2_c.39+61012:ERGdel | Protein Fusion: in frame  {TMPRSS2:ERG}	NA
EVT-P-0043416-T01-IM6-627	P-0043416-T01-IM6		Prostate Cancer	PRAD	TMPRSS2-ERG	TMPRSS2	out-of-frame	three_prime	39831305	2	7	True	7	True	exact match	retained	1.0	False	Ets-domain			TMPRSS2 (NM_001135099) - ERG (NM_182918) fusion: c.56-3800:TMPRSS2_c.19-13761:ERGdel | Protein Fusion: out of frame  {TMPRSS2:ERG}	NA
EVT-P-0043489-T01-IM6-628	P-0043489-T01-IM6		Prostate Cancer	PRAD	TMPRSS2-ERG	TMPRSS2	in-frame	three_prime	39870177	2	7	True	7	True	exact match	retained	1.0	False	Ets-domain			TMPRSS2 (NM_001135099) - ERG (NM_182918) rearrangement: c.126+1361:TMPRSS2_c.18+110:ERGdel | Protein Fusion: in frame  {TMPRSS2:ERG}	NA
EVT-P-0043581-T01-IM6-629	P-0043581-T01-IM6		Prostate Cancer	PRAD	TMPRSS2-ERG	TMPRSS2	in-frame	three_prime	39938644	1	1	True	1	True	exact match	retained	1.0	False	Ets-domain			TMPRSS2 (NM_001135099) - ERG (NM_004449) rearrangement: c.127-686:TMPRSS2_c.39+8942:ERGdel | Protein Fusion: in frame  {TMPRSS2:ERG}	NA
EVT-P-0043699-T01-IM6-630	P-0043699-T01-IM6		Prostate Cancer	PRAD	TMPRSS2-ERG	TMPRSS2	out-of-frame	three_prime	39850536	2	7	True	7	True	exact match	retained	1.0	False	Ets-domain			TMPRSS2 (NM_001135099) - ERG (NM_182918) fusion: c.56-1064:TMPRSS2_c.18+19751:ERGdel | Protein Fusion: out of frame  {TMPRSS2:ERG}	NA
EVT-P-0043904-T01-IM6-631	P-0043904-T01-IM6		Prostate Cancer	PRAD	TMPRSS2-ERG	TMPRSS2	out-of-frame	three_prime	39807153	3	79	True	79	True	exact match	retained	1.0	False	Ets-domain			TMPRSS2 (NM_001135099) - ERG (NM_182918) fusion: c.56-113:TMPRSS2_c.236+10174:ERGdel | Protein Fusion: out of frame  {TMPRSS2:ERG}	NA
EVT-P-0044218-T01-IM6-632	P-0044218-T01-IM6		Prostate Cancer	PRAD	TMPRSS2-ERG	TMPRSS2	out-of-frame	three_prime	39863913	2	7	True	7	True	exact match	retained	1.0	False	Ets-domain			TMPRSS2 (NM_001135099) - ERG (NM_182918) rearrangement: c.56-1670:TMPRSS2_c.18+6374:ERGdel | Protein Fusion: out of frame  {TMPRSS2:ERG}	NA
EVT-P-0034813-T03-IM6-633	P-0034813-T03-IM6		Prostate Cancer	PRAD	TMPRSS2-ERG	TMPRSS2	out-of-frame	three_prime	39865853	2	7	True	7	True	exact match	retained	1.0	False	Ets-domain			TMPRSS2 (NM_001135099) - ERG (NM_182918) fusion: c.55+3457:TMPRSS2_c.18+4434:ERGdel | Protein Fusion: out of frame  {TMPRSS2:ERG}	NA
EVT-P-0044245-T01-IM6-634	P-0044245-T01-IM6		Prostate Cancer	PRAD	TMPRSS2-ERG	TMPRSS2	unknown	three_prime	39871301	1	1	True	1	True	exact match	retained	1.0	False	Ets-domain			TMPRSS2 (NM_001135099) - ERG (NM_004449) rearrangement: c.56-4498:TMPRSS2_c.40-53757:ERGdel | Transcript Fusion {TMPRSS2:ERG}	NA
EVT-P-0044256-T01-IM6-635	P-0044256-T01-IM6		Prostate Cancer	PRAD	TMPRSS2-ERG	TMPRSS2	in-frame	three_prime	39848108	2	7	True	7	True	exact match	retained	1.0	False	Ets-domain			TMPRSS2 (NM_001135099) - ERG (NM_182918) fusion: c.126+939:TMPRSS2_c.18+22179:ERGdel | Protein Fusion: in frame  {TMPRSS2:ERG}	NA
EVT-P-0044258-T01-IM6-636	P-0044258-T01-IM6		Prostate Cancer	PRAD	TMPRSS2-ERG	TMPRSS2	out-of-frame	three_prime	39927543	1	1	True	1	True	exact match	retained	1.0	False	Ets-domain			TMPRSS2 (NM_001135099) - ERG (NM_004449) fusion: c.55+3295:TMPRSS2_c.39+20043:ERGdel | Protein Fusion: out of frame  {TMPRSS2:ERG}	NA
EVT-P-0044288-T01-IM6-637	P-0044288-T01-IM6		Prostate Cancer	PRAD	TMPRSS2-ERG	TMPRSS2	out-of-frame	three_prime	39866826	2	7	True	7	True	exact match	retained	1.0	False	Ets-domain			TMPRSS2 (NM_001135099) - ERG (NM_182918) rearrangement: c.55+4464:TMPRSS2_c.18+3461:ERGdel | Protein Fusion: out of frame  {TMPRSS2:ERG}	NA
EVT-P-0044376-T01-IM6-638	P-0044376-T01-IM6		Prostate Cancer	PRAD	TMPRSS2-ERG	TMPRSS2	out-of-frame	three_prime	39896184	1	1	True	1	True	exact match	retained	1.0	False	Ets-domain			TMPRSS2 (NM_001135099) - ERG (NM_004449) rearrangement: c.56-4624:TMPRSS2_c.39+51402:ERGdel | Protein Fusion: out of frame  {TMPRSS2:ERG}	NA
EVT-P-0034686-T01-IM6-639	P-0034686-T01-IM6		Prostate Cancer	PRAD	TMPRSS2-ERG	TMPRSS2	out-of-frame	three_prime	39877430	1	1	True	1	True	exact match	retained	1.0	False	Ets-domain			TMPRSS2 (NM_001135099) - ERG (NM_004449) Fusion (TMPRSS2 exon1 with ERG exon1) : c.55+4815:TMPRSS2_c.40-59886:ERGdel | Protein Fusion: out of frame  {TMPRSS2:ERG}	NA
EVT-P-0044656-T01-IM6-640	P-0044656-T01-IM6		Prostate Cancer	PRAD	TMPRSS2-ERG	TMPRSS2	out-of-frame	three_prime	39868977	2	7	True	7	True	exact match	retained	1.0	False	Ets-domain			TMPRSS2 (NM_001135099) - ERG (NM_182918) fusion: c.56-3702:TMPRSS2_c.18+1310:ERGdel | Protein Fusion: out of frame  {TMPRSS2:ERG}	NA
EVT-P-0045146-T01-IM6-641	P-0045146-T01-IM6		Prostate Cancer	PRAD	TMPRSS2-ERG	TMPRSS2	in-frame	three_prime	39861396	2	7	True	7	True	exact match	retained	1.0	False	Ets-domain			TMPRSS2 (NM_001135099) - ERG (NM_182918) fusion (TMPRSS2 exon2 fused with ERG exon2): c.126+343:TMPRSS2_c.18+8891:ERGdel | Protein Fusion: in frame  {TMPRSS2:ERG}	NA
EVT-P-0045158-T01-IM6-642	P-0045158-T01-IM6		Prostate Cancer	PRAD	TMPRSS2-ERG	TMPRSS2	out-of-frame	three_prime	39895880	1	1	True	1	True	exact match	retained	1.0	False	Ets-domain			TMPRSS2 (NM_001135099) - ERG (NM_004449) rearrangement: c.56-4406:TMPRSS2_c.39+51706:ERGdel | Protein Fusion: out of frame  {TMPRSS2:ERG}	NA
EVT-P-0045237-T01-IM6-643	P-0045237-T01-IM6		Prostate Cancer	PRAD	TMPRSS2-ERG	TMPRSS2	out-of-frame	three_prime	39865172	2	7	True	7	True	exact match	retained	1.0	False	Ets-domain			TMPRSS2 (NM_001135099) - ERG (NM_182918) rearrangement: c.56-3428:TMPRSS2_c.18+5115:ERGdel | Protein Fusion: out of frame  {TMPRSS2:ERG}	NA
EVT-P-0045286-T01-IM6-644	P-0045286-T01-IM6		Prostate Cancer	PRAD	TMPRSS2-ERG	TMPRSS2	in-frame	three_prime	39830795	2	7	True	7	True	exact match	retained	1.0	False	Ets-domain			TMPRSS2 (NM_001135099) - ERG (NM_182918) rearrangement: c.126+1624:TMPRSS2_c.19-13251:ERGdel | Protein Fusion: in frame  {TMPRSS2:ERG}	NA
EVT-P-0045291-T01-IM6-645	P-0045291-T01-IM6		Prostate Cancer	PRAD	TMPRSS2-ERG	TMPRSS2	out-of-frame	three_prime	39861989	2	7	True	7	True	exact match	retained	1.0	False	Ets-domain			TMPRSS2 (NM_001135099) - ERG (NM_182918) rearrangement: c.55+4177:TMPRSS2_c.18+8298:ERGdel | Protein Fusion: out of frame  {TMPRSS2:ERG}	NA
EVT-P-0024459-T02-IM6-646	P-0024459-T02-IM6		Prostate Cancer	PRAD	TMPRSS2-ERG	TMPRSS2	unknown	three_prime	39873052	1	1	True	1	True	exact match	retained	1.0	False	Ets-domain			TMPRSS2 (NM_001135099) - ERG (NM_004449) rearrangement: c.126+465:TMPRSS2_c.40-55508:ERGdel | Transcript Fusion {TMPRSS2:ERG}	NA
EVT-P-0069271-T01-IM7-647	P-0069271-T01-IM7		Prostate Cancer	PRAD	TMPRSS2-ERG	TMPRSS2	out-of-frame	three_prime	39864823	2	7	True	7	True	exact match	retained	1.0	False	Ets-domain			TMPRSS2 (NM_001135099) - ERG (NM_182918) fusion: c.56-4501:TMPRSS2_c.18+5464:ERGdel | Protein Fusion: out of frame  {TMPRSS2:ERG}	NA
EVT-P-0069761-T01-IM7-648	P-0069761-T01-IM7		Prostate Cancer	PRAD	TMPRSS2-ERG	TMPRSS2	out-of-frame	three_prime	39942444	1	1	True	1	True	exact match	retained	1.0	False	Ets-domain			TMPRSS2 (NM_001135099) - ERG (NM_004449) fusion: c.55+2571:TMPRSS2_c.39+5142:ERGdel | Protein Fusion: out of frame  {TMPRSS2:ERG}	NA
EVT-P-0069777-T01-IM7-649	P-0069777-T01-IM7		Prostate Cancer	PRAD	TMPRSS2-ERG	TMPRSS2	out-of-frame	three_prime	39834640	2	7	True	7	True	exact match	retained	1.0	False	Ets-domain			TMPRSS2 (NM_001135099) - ERG (NM_182918) fusion: c.56-3822:TMPRSS2_c.19-17096:ERGdel | Protein Fusion: out of frame  {TMPRSS2:ERG}	NA
EVT-P-0046362-T01-IM6-650	P-0046362-T01-IM6		Prostate Cancer	PRAD	TMPRSS2-ERG	TMPRSS2	out-of-frame	three_prime	39875970	1	1	True	1	True	exact match	retained	1.0	False	Ets-domain			TMPRSS2 (NM_001135099) - ERG (NM_004449) rearrangement: c.55+2088:TMPRSS2_c.40-58426:ERGdel | Protein Fusion: out of frame  {TMPRSS2:ERG}	NA
EVT-P-0046463-T01-IM6-651	P-0046463-T01-IM6		Prostate Cancer	PRAD	TMPRSS2-ERG	TMPRSS2	unknown	three_prime	39871198	1	1	True	1	True	exact match	retained	1.0	False	Ets-domain			TMPRSS2 (NM_001135099) - ERG (NM_004449) rearrangement: c.56-4822:TMPRSS2_c.40-53654:ERGdel | Transcript Fusion {TMPRSS2:ERG}	NA
EVT-P-0046569-T01-IM6-652	P-0046569-T01-IM6		Prostate Cancer	PRAD	TMPRSS2-ERG	TMPRSS2	in-frame	three_prime	39837344	2	7	True	7	True	exact match	retained	1.0	False	Ets-domain			TMPRSS2 (NM_001135099) - ERG (NM_182918) rearrangement: c.126+526:TMPRSS2_c.19-19800:ERGdel | Protein Fusion: in frame  {TMPRSS2:ERG}	NA
EVT-P-0046586-T01-IM6-653	P-0046586-T01-IM6		Prostate Cancer	PRAD	TMPRSS2-ERG	TMPRSS2	out-of-frame	three_prime	39832188	2	7	True	7	True	exact match	retained	1.0	False	Ets-domain			TMPRSS2 (NM_001135099) - ERG (NM_182918) fusion: c.56-3447:TMPRSS2_c.19-14644:ERGdel | Protein Fusion: out of frame  {TMPRSS2:ERG}	NA
EVT-P-0046713-T01-IM6-654	P-0046713-T01-IM6		Prostate Cancer	PRAD	TMPRSS2-ERG	TMPRSS2	out-of-frame	three_prime	39874989	1	1	True	1	True	exact match	retained	1.0	False	Ets-domain			TMPRSS2 (NM_001135099) - ERG (NM_004449) rearrangement: c.56-342:TMPRSS2_c.40-57445:ERGdel | Protein Fusion: out of frame  {TMPRSS2:ERG}	NA
EVT-P-0008928-T01-IM5-655	P-0008928-T01-IM5		Prostate Cancer	PRAD	TMPRSS2-ERG	TMPRSS2	in-frame	three_prime	39886642	1	1	True	1	True	exact match	retained	1.0	False	Ets-domain			TMPRSS2 (NM_001135099) - ERG (NM_004449) Fusion ()TMPRSS2 exons 1-2 fused with ERG exons 4-11) :  c.127-1337:TMPRSS2_c.39+60944:ERGdel | Protein fusion: in frame (TMPRSS2-ERG)	NA
EVT-P-0046838-T01-IM6-656	P-0046838-T01-IM6		Prostate Cancer	PRAD	TMPRSS2-ERG	TMPRSS2	out-of-frame	three_prime	39835864	2	7	True	7	True	exact match	retained	1.0	False	Ets-domain			TMPRSS2 (NM_001135099) - ERG (NM_182918) fusion: c.56-319:TMPRSS2_c.19-18320:ERGdel | Protein Fusion: out of frame  {TMPRSS2:ERG}	NA
EVT-P-0046881-T01-IM6-657	P-0046881-T01-IM6		Prostate Cancer	PRAD	TMPRSS2-ERG	TMPRSS2	out-of-frame	three_prime	39855402	2	7	True	7	True	exact match	retained	1.0	False	Ets-domain			TMPRSS2 (NM_001135099) - ERG (NM_182918) rearrangement: c.55+2519:TMPRSS2_c.18+14885:ERGdel | Protein Fusion: out of frame  {TMPRSS2:ERG}	NA
EVT-P-0047008-T01-IM6-658	P-0047008-T01-IM6		Prostate Cancer	PRAD	TMPRSS2-ERG	TMPRSS2	in-frame	three_prime	39937324	1	1	True	1	True	exact match	retained	1.0	False	Ets-domain			TMPRSS2 (NM_001135099) - ERG (NM_004449) rearrangement: c.126+1704:TMPRSS2_c.39+10262:ERGdel | Protein Fusion: in frame  {TMPRSS2:ERG}	NA
EVT-P-0047008-T02-IM6-659	P-0047008-T02-IM6		Prostate Cancer	PRAD	TMPRSS2-ERG	TMPRSS2	in-frame	three_prime	39937324	1	1	True	1	True	exact match	retained	1.0	False	Ets-domain			TMPRSS2 (NM_001135099) - ERG (NM_004449) rearrangement: c.126+1704:TMPRSS2_c.39+10262:ERGdel | Protein Fusion: in frame  {TMPRSS2:ERG}	NA
EVT-P-0047211-T01-IM6-660	P-0047211-T01-IM6		Prostate Cancer	PRAD	TMPRSS2-ERG	TMPRSS2	out-of-frame	three_prime	39868509	2	7	True	7	True	exact match	retained	1.0	False	Ets-domain			TMPRSS2 (NM_001135099) - ERG (NM_182918) rearrangement: c.55+3935:TMPRSS2_c.18+1778:ERGdel | Protein Fusion: out of frame  {TMPRSS2:ERG}	NA
EVT-P-0047287-T01-IM6-661	P-0047287-T01-IM6		Prostate Cancer	PRAD	TMPRSS2-ERG	TMPRSS2	in-frame	three_prime	39859217	2	7	True	7	True	exact match	retained	1.0	False	Ets-domain			TMPRSS2 (NM_001135099) - ERG (NM_182918) rearrangement: c.127-710:TMPRSS2_c.18+11070:ERGdel | Protein Fusion: in frame  {TMPRSS2:ERG}	NA
EVT-P-0047288-T01-IM6-662	P-0047288-T01-IM6		Prostate Cancer	PRAD	TMPRSS2-ERG	TMPRSS2	out-of-frame	three_prime	39874515	1	1	True	1	True	exact match	retained	1.0	False	Ets-domain			TMPRSS2 (NM_001135099) - ERG (NM_004449) rearrangement: c.55+2861:TMPRSS2_c.40-56971:ERGdel | Protein Fusion: out of frame  {TMPRSS2:ERG}	NA
EVT-P-0008769-T03-IM6-663	P-0008769-T03-IM6		Prostate Cancer	PRNE	TMPRSS2-ERG	TMPRSS2	out-of-frame	three_prime	39852370	2	7	True	7	True	exact match	retained	1.0	False	Ets-domain			TMPRSS2 (NM_001135099) - ERG (NM_182918) rearrangement: c.56-2252:TMPRSS2_c.18+17917:ERGdel | Protein Fusion: out of frame  {TMPRSS2:ERG}	NA
EVT-P-0047763-T01-IM6-664	P-0047763-T01-IM6		Prostate Cancer	PRAD	TMPRSS2-ERG	TMPRSS2	in-frame	three_prime	39854232	2	7	True	7	True	exact match	retained	1.0	False	Ets-domain			TMPRSS2 (NM_001135099) - ERG (NM_182918) rearrangement: c.127-671:TMPRSS2_c.18+16055:ERGdel | Protein Fusion: in frame  {TMPRSS2:ERG}	NA
EVT-P-0047959-T01-IM6-665	P-0047959-T01-IM6		Prostate Cancer	PRAD	TMPRSS2-ERG	TMPRSS2	in-frame	three_prime	39870113	2	7	True	7	True	exact match	retained	1.0	False	Ets-domain			TMPRSS2 (NM_001135099) - ERG (NM_182918) rearrangement: c.126+1555:TMPRSS2_c.18+174:ERGdel | Protein Fusion: in frame  {TMPRSS2:ERG}	NA
EVT-P-0048072-T01-IM6-666	P-0048072-T01-IM6		Prostate Cancer	PRAD	TMPRSS2-ERG	TMPRSS2	out-of-frame	three_prime	39888058	1	1	True	1	True	exact match	retained	1.0	False	Ets-domain			TMPRSS2 (NM_001135099) - ERG (NM_004449) rearrangement: c.56-2:TMPRSS2_c.39+59528:ERGdel | Protein Fusion: out of frame  {TMPRSS2:ERG}	NA
EVT-P-0048103-T02-IM6-667	P-0048103-T02-IM6		Prostate Cancer	PRAD	TMPRSS2-ERG	TMPRSS2	unknown	three_prime	39872429	1	1	True	1	True	exact match	retained	1.0	False	Ets-domain			TMPRSS2 (NM_001135099) - ERG (NM_004449): c.56-3587:TMPRSS2_c.40-54885:ERGdel | Transcript Fusion {TMPRSS2:ERG}	NA
EVT-P-0048507-T01-IM6-669	P-0048507-T01-IM6		Prostate Cancer	PRAD	TMPRSS2-ERG	TMPRSS2	in-frame	three_prime	39896265	1	1	True	1	True	exact match	retained	1.0	False	Ets-domain			TMPRSS2 (NM_001135099) - ERG (NM_004449) rearrangement: c.127-999:TMPRSS2_c.39+51321:ERGdel | Protein Fusion: in frame  {TMPRSS2:ERG}	NA
EVT-P-0048708-T01-IM6-671	P-0048708-T01-IM6		Prostate Cancer	PRAD	TMPRSS2-ERG	TMPRSS2	in-frame	three_prime	39907669	1	1	True	1	True	exact match	retained	1.0	False	Ets-domain			TMPRSS2 (NM_001135099) - ERG (NM_004449) rearrangement: c.127-1452:TMPRSS2_c.39+39917:ERGdel | Protein Fusion: in frame  {TMPRSS2:ERG}	NA
EVT-P-0025097-T03-IM6-672	P-0025097-T03-IM6		Prostate Cancer	PRAD	TMPRSS2-ERG	TMPRSS2	out-of-frame	three_prime	39874654	1	1	True	1	True	exact match	retained	1.0	False	Ets-domain			TMPRSS2 (NM_001135099) - ERG (NM_004449) rearrangement: c.55+4281:TMPRSS2_c.40-57110:ERGdel | Protein Fusion: out of frame  {TMPRSS2:ERG}	NA
EVT-P-0008769-T02-IM5-673	P-0008769-T02-IM5		Prostate Cancer	PRAD	TMPRSS2-ERG	TMPRSS2	out-of-frame	three_prime	39852370	2	7	True	7	True	exact match	retained	1.0	False	Ets-domain			TMPRSS2 (NM_001135099) - ERG (NM_004449) fusion (TMPRSS2 exon1 with ERG exons 4-11) : c.56-2251:TMPRSS2_c.40-34826:ERGdel | Protein fusion: out of frame (TMPRSS2-ERG)	NA
EVT-P-0048955-T01-IM6-674	P-0048955-T01-IM6		Prostate Cancer	PRAD	TMPRSS2-ERG	TMPRSS2	out-of-frame	three_prime	39800474	3	79	True	79	True	exact match	retained	1.0	False	Ets-domain			TMPRSS2 (NM_001135099) - ERG (NM_182918) rearrangement: c.126+1067:TMPRSS2_c.237-4991:ERGdel | Protein Fusion: out of frame  {TMPRSS2:ERG}	NA
EVT-P-0048998-T01-IM6-675	P-0048998-T01-IM6		Prostate Cancer	PRAD	TMPRSS2-ERG	TMPRSS2	out-of-frame	three_prime	39820671	2	7	True	7	True	exact match	retained	1.0	False	Ets-domain			TMPRSS2 (NM_001135099) - ERG (NM_182918) fusion: c.56-2754:TMPRSS2_c.19-3127:ERGdel | Protein Fusion: out of frame  {TMPRSS2:ERG}	NA
EVT-P-0049068-T01-IM6-676	P-0049068-T01-IM6		Prostate Cancer	PRAD	TMPRSS2-ERG	TMPRSS2	in-frame	three_prime	39868631	2	7	True	7	True	exact match	retained	1.0	False	Ets-domain			TMPRSS2 (NM_001135099) - ERG (NM_182918) rearrangement: c.127-736:TMPRSS2_c.18+1656:ERGdel | Protein Fusion: in frame  {TMPRSS2:ERG}	NA
EVT-P-0049427-T01-IM6-677	P-0049427-T01-IM6		Prostate Cancer	PRAD	TMPRSS2-ERG	TMPRSS2	out-of-frame	three_prime	39882929	1	1	True	1	True	exact match	retained	1.0	False	Ets-domain			TMPRSS2 (NM_001135099) - ERG (NM_004449) rearrangement: c.56-3573:TMPRSS2_c.39+64657:ERGdel | Protein Fusion: out of frame  {TMPRSS2:ERG}	NA
EVT-P-0049427-T03-IM6-678	P-0049427-T03-IM6		Prostate Cancer	PRAD	TMPRSS2-ERG	TMPRSS2	out-of-frame	three_prime	39882929	1	1	True	1	True	exact match	retained	1.0	False	Ets-domain			TMPRSS2 (NM_001135099) - ERG (NM_004449) fusion: c.56-3573:TMPRSS2_c.39+64657:ERGdel | Protein Fusion: out of frame  {TMPRSS2:ERG}	NA
EVT-P-0008441-T02-IM6-679	P-0008441-T02-IM6		Prostate Cancer	PRAD	TMPRSS2-ERG	TMPRSS2	in-frame	three_prime	39886960	1	1	True	1	True	exact match	retained	1.0	False	Ets-domain			TMPRSS2 (NM_001135099) - ERG (NM_004449) fusion: c.127-1613:TMPRSS2_c.39+60626:ERGdel | Protein Fusion: in frame  {TMPRSS2:ERG}	NA
EVT-P-0049886-T01-IM6-680	P-0049886-T01-IM6		Prostate Cancer	PRAD	TMPRSS2-ERG	TMPRSS2	out-of-frame	three_prime	39844262	2	7	True	7	True	exact match	retained	1.0	False	Ets-domain			TMPRSS2 (NM_001135099) - ERG (NM_182918) rearrangement: c.56-3880:TMPRSS2_c.18+26025:ERGdel | Protein Fusion: out of frame  {TMPRSS2:ERG}	NA
EVT-P-0008232-T02-IM6-681	P-0008232-T02-IM6		Prostate Cancer	PRAD	TMPRSS2-ERG	TMPRSS2	in-frame	three_prime	39876702	1	1	True	1	True	exact match	retained	1.0	False	Ets-domain			TMPRSS2 (NM_001135099) - ERG (NM_004449) fusion: c.126+1086:TMPRSS2_c.40-59158:ERGdel | Protein Fusion: in frame  {TMPRSS2:ERG}	NA
EVT-P-0007343-T03-IM6-682	P-0007343-T03-IM6		Prostate Cancer	PRAD	TMPRSS2-ERG	TMPRSS2	in-frame	three_prime	39882799	1	1	True	1	True	exact match	retained	1.0	False	Ets-domain			TMPRSS2 (NM_001135099) - ERG (NM_004449) rearrangement: c.126+662:TMPRSS2_c.39+64787:ERGdel | Protein Fusion: in frame  {TMPRSS2:ERG}	NA
EVT-P-0050249-T01-IM6-683	P-0050249-T01-IM6		Prostate Cancer	PRAD	TMPRSS2-ERG	TMPRSS2	out-of-frame	three_prime	39837619	2	7	True	7	True	exact match	retained	1.0	False	Ets-domain			TMPRSS2 (NM_001135099) - ERG (NM_182918) rearrangement: c.55+989:TMPRSS2_c.19-20075:ERGdel | Protein Fusion: out of frame  {TMPRSS2:ERG}	NA
EVT-P-0050285-T01-IM6-684	P-0050285-T01-IM6		Prostate Cancer	PRAD	TMPRSS2-ERG	TMPRSS2	out-of-frame	three_prime	39893957	1	1	True	1	True	exact match	retained	1.0	False	Ets-domain			TMPRSS2 (NM_001135099) - ERG (NM_004449) rearrangement: c.56-146:TMPRSS2_c.39+53629:ERGdel | Protein Fusion: out of frame  {TMPRSS2:ERG}	NA
EVT-P-0032801-T02-IM6-685	P-0032801-T02-IM6		Prostate Cancer	PRAD	TMPRSS2-ERG	TMPRSS2	out-of-frame	three_prime	39829912	2	7	True	7	True	exact match	retained	1.0	False	Ets-domain			TMPRSS2 (NM_001135099) - ERG (NM_182918) fusion: c.56-595:TMPRSS2_c.19-12368:ERGdel | Protein Fusion: out of frame  {TMPRSS2:ERG}	NA
EVT-P-0050352-T01-IM6-686	P-0050352-T01-IM6		Prostate Cancer	PRAD	TMPRSS2-ERG	TMPRSS2	out-of-frame	three_prime	39936486	1	1	True	1	True	exact match	retained	1.0	False	Ets-domain			TMPRSS2 (NM_001135099) - ERG (NM_004449) rearrangement: c.55+4572:TMPRSS2_c.39+11100:ERGdel | Protein Fusion: out of frame  {TMPRSS2:ERG}	NA
EVT-P-0050445-T01-IM6-687	P-0050445-T01-IM6		Prostate Cancer	PRAD	TMPRSS2-ERG	TMPRSS2	out-of-frame	three_prime	39864235	2	7	True	7	True	exact match	retained	1.0	False	Ets-domain			TMPRSS2 (NM_001135099) - ERG (NM_182918) rearrangement: c.56-4720:TMPRSS2_c.18+6052:ERGdel | Protein Fusion: out of frame  {TMPRSS2:ERG}	NA
EVT-P-0007078-T02-IM5-688	P-0007078-T02-IM5		Prostate Cancer	PRAD	TMPRSS2-ERG	TMPRSS2	out-of-frame	three_prime	39838457	2	7	True	7	True	exact match	retained	1.0	False	Ets-domain			TMPRSS2 (NM_001135099) - ERG (NM_182918) fusion (TMPRSS2 exon 1 fused to ERG exons 2 to 10): c.55+4786G_c.19-20913del | Protein fusion: out of frame (TMPRSS2-ERG)	NA
EVT-P-0050552-T01-IM6-689	P-0050552-T01-IM6		Prostate Cancer	PRAD	TMPRSS2-ERG	TMPRSS2	out-of-frame	three_prime	39853015	2	7	True	7	True	exact match	retained	1.0	False	Ets-domain			TMPRSS2 (NM_001135099) - ERG (NM_182918) fusion: c.56-2863:TMPRSS2_c.18+17272:ERGdel | Protein Fusion: out of frame  {TMPRSS2:ERG}	NA
EVT-P-0050705-T01-IM6-690	P-0050705-T01-IM6		Prostate Cancer	PRAD	TMPRSS2-ERG	TMPRSS2	out-of-frame	three_prime	39879367	1	1	True	1	True	exact match	retained	1.0	False	Ets-domain			TMPRSS2 (NM_001135099) - ERG (NM_004449) fusion: c.56-3076:TMPRSS2_c.40-61823:ERGdel | Protein Fusion: out of frame  {TMPRSS2:ERG}	NA
EVT-P-0050970-T01-IM6-691	P-0050970-T01-IM6		Prostate Cancer	PRAD	TMPRSS2-ERG	TMPRSS2	out-of-frame	three_prime	39946387	1	1	True	1	True	exact match	retained	1.0	False	Ets-domain			TMPRSS2 (NM_001135099) - ERG (NM_004449) rearrangement: c.56-1285:TMPRSS2_c.39+1199:ERGdel | Protein Fusion: out of frame  {TMPRSS2:ERG}	NA
EVT-P-0051162-T01-IM6-692	P-0051162-T01-IM6		Prostate Cancer	PRAD	TMPRSS2-ERG	TMPRSS2	in-frame	three_prime	39836080	2	7	True	7	True	exact match	retained	1.0	False	Ets-domain			TMPRSS2 (NM_001135099) - ERG (NM_182918) rearrangement: c.127-1767:TMPRSS2_c.19-18536:ERGdel | Protein Fusion: in frame  {TMPRSS2:ERG}	NA
EVT-P-0051220-T01-IM6-693	P-0051220-T01-IM6		Prostate Cancer	PRAD	TMPRSS2-ERG	TMPRSS2	unknown	three_prime	39871938	1	1	True	1	True	exact match	retained	1.0	False	Ets-domain			TMPRSS2 (NM_001135099) - ERG (NM_004449) fusion: c.127-1128:TMPRSS2_c.40-54394:ERGdel | Transcript Fusion {TMPRSS2:ERG}	NA
EVT-P-0042048-T01-IM6-694	P-0042048-T01-IM6		Prostate Cancer	PRAD	TMPRSS2-ERG	TMPRSS2	out-of-frame	three_prime	39888009	1	1	True	1	True	exact match	retained	1.0	False	Ets-domain			TMPRSS2 (NM_001135099) - ERG (NM_004449) rearrangement: c.56-3652:TMPRSS2_c.39+59577:ERGdel | Protein Fusion: out of frame  {TMPRSS2:ERG}	NA
EVT-P-0051599-T01-IM6-696	P-0051599-T01-IM6		Prostate Cancer	PRAD	TMPRSS2-ERG	TMPRSS2	out-of-frame	three_prime	39869883	2	7	True	7	True	exact match	retained	1.0	False	Ets-domain			TMPRSS2 (NM_001135099) - ERG (NM_182918) rearrangement: c.55+4482:TMPRSS2_c.18+404:ERGdel | Protein Fusion: out of frame  {TMPRSS2:ERG}	NA
EVT-P-0006856-T02-IM5-697	P-0006856-T02-IM5		Prostate Cancer	PRAD	TMPRSS2-ERG	TMPRSS2	out-of-frame	three_prime	39830757	2	7	True	7	True	exact match	retained	1.0	False	Ets-domain			TMPRSS2 (NM_001135099) -ERG (NM_004449) fusion (TMPRSS2 exon 1 fused with ERG exons 4-11): c.56-2091:TMPRSS2_c.40-13213:ERGdel | Protein fusion: out of frame (TMPRSS2-ERG)	NA
EVT-P-0051820-T01-IM6-698	P-0051820-T01-IM6		Prostate Cancer	PRAD	TMPRSS2-ERG	TMPRSS2	out-of-frame	three_prime	39850444	2	7	True	7	True	exact match	retained	1.0	False	Ets-domain			TMPRSS2 (NM_001135099) - ERG (NM_182918) rearrangement: c.56-837:TMPRSS2_c.18+19843:ERGdel | Protein Fusion: out of frame  {TMPRSS2:ERG}	NA
EVT-P-0051910-T01-IM6-699	P-0051910-T01-IM6		Prostate Cancer	PRAD	TMPRSS2-ERG	TMPRSS2	out-of-frame	three_prime	39831547	2	7	True	7	True	exact match	retained	1.0	False	Ets-domain			TMPRSS2 (NM_001135099) - ERG (NM_182918) rearrangement: c.56-713:TMPRSS2_c.19-14003:ERGdel | Protein Fusion: out of frame  {TMPRSS2:ERG}	NA
EVT-P-0051912-T01-IM6-700	P-0051912-T01-IM6		Prostate Cancer	PRAD	TMPRSS2-ERG	TMPRSS2	out-of-frame	three_prime	39848605	2	7	True	7	True	exact match	retained	1.0	False	Ets-domain			TMPRSS2 (NM_001135099) - ERG (NM_182918) rearrangement: c.56-762:TMPRSS2_c.18+21682:ERGdel | Protein Fusion: out of frame  {TMPRSS2:ERG}	NA
EVT-P-0051999-T01-IM6-701	P-0051999-T01-IM6		Prostate Cancer	PRAD	TMPRSS2-ERG	TMPRSS2	out-of-frame	three_prime	39882655	1	1	True	1	True	exact match	retained	1.0	False	Ets-domain			TMPRSS2 (NM_001135099) - ERG (NM_004449) rearrangement: c.56-3468:TMPRSS2_c.39+64931:ERGdel | Protein Fusion: out of frame  {TMPRSS2:ERG}	NA
EVT-P-0052131-T01-IM6-702	P-0052131-T01-IM6		Prostate Cancer	PRAD	TMPRSS2-ERG	TMPRSS2	out-of-frame	three_prime	39812936	3	79	True	79	True	exact match	retained	1.0	False	Ets-domain			TMPRSS2 (NM_001135099) - ERG (NM_182918) rearrangement: c.56-2095:TMPRSS2_c.236+4391:ERGdel | Protein Fusion: out of frame  {TMPRSS2:ERG}	NA
EVT-P-0052272-T01-IM6-703	P-0052272-T01-IM6		Prostate Cancer	PRAD	TMPRSS2-ERG	TMPRSS2	in-frame	three_prime	39876052	1	1	True	1	True	exact match	retained	1.0	False	Ets-domain			TMPRSS2 (NM_001135099) - ERG (NM_004449) rearrangement: c.127-596:TMPRSS2_c.40-58508:ERGdel | Protein Fusion: in frame  {TMPRSS2:ERG}	NA
EVT-P-0052346-T01-IM6-704	P-0052346-T01-IM6		Prostate Cancer	PRAD	TMPRSS2-ERG	TMPRSS2	in-frame	three_prime	39899935	1	1	True	1	True	exact match	retained	1.0	False	Ets-domain			TMPRSS2 (NM_001135099) - ERG (NM_004449) rearrangement: c.126+775:TMPRSS2_c.39+47651:ERGdel | Protein Fusion: in frame  {TMPRSS2:ERG}	NA
EVT-P-0052511-T01-IM6-705	P-0052511-T01-IM6		Prostate Cancer	PRAD	TMPRSS2-ERG	TMPRSS2	out-of-frame	three_prime	39914902	1	1	True	1	True	exact match	retained	1.0	False	Ets-domain			TMPRSS2 (NM_001135099) - ERG (NM_004449) rearrangement: c.56-4081:TMPRSS2_c.39+32684:ERGdel | Protein Fusion: out of frame  {TMPRSS2:ERG}	NA
EVT-P-0006603-T01-IM5-706	P-0006603-T01-IM5		Prostate Cancer	PRAD	TMPRSS2-ERG	TMPRSS2	in-frame	three_prime	39820342	2	7	True	7	True	exact match	retained	1.0	False	Ets-domain			TMPRSS2 (NM_001135099) - ERG (NM_004449) fusion (TMPRSS2 exons 1-2 with ERG exons 4-10): c.126+554:TMPRSS2_c.40-2798:ERGdel | Protein fusion: in frame (TMPRSS2-ERG)	NA
EVT-P-0025139-T02-IM7-707	P-0025139-T02-IM7		Prostate Cancer	PRAD	TMPRSS2-ERG	TMPRSS2	out-of-frame	three_prime	39910579	1	1	True	1	True	exact match	retained	1.0	False	Ets-domain			TMPRSS2 (NM_001135099) - ERG (NM_004449) fusion: c.56-2374:TMPRSS2_c.39+37007:ERGdel | Protein Fusion: out of frame  {TMPRSS2:ERG}	NA
EVT-P-0052970-T01-IM6-709	P-0052970-T01-IM6		Prostate Cancer	PRAD	TMPRSS2-ERG	TMPRSS2	out-of-frame	three_prime	39842017	2	7	True	7	True	exact match	retained	1.0	False	Ets-domain			TMPRSS2 (NM_001135099) - ERG (NM_182918) rearrangement: c.56-3825:TMPRSS2_c.19-24473:ERGdel | Protein Fusion: out of frame  {TMPRSS2:ERG}	NA
EVT-P-0052999-T01-IM6-710	P-0052999-T01-IM6		Prostate Cancer	PRAD	TMPRSS2-ERG	TMPRSS2	out-of-frame	three_prime	39862239	2	7	True	7	True	exact match	retained	1.0	False	Ets-domain			TMPRSS2 (NM_001135099) - ERG (NM_182918) rearrangement: c.56-2613:TMPRSS2_c.18+8048:ERGdel | Protein Fusion: out of frame  {TMPRSS2:ERG}	NA
EVT-P-0053239-T01-IM6-711	P-0053239-T01-IM6		Prostate Cancer	PRAD	TMPRSS2-ERG	TMPRSS2	out-of-frame	three_prime	39896065	1	1	True	1	True	exact match	retained	1.0	False	Ets-domain			TMPRSS2 (NM_001135099) - ERG (NM_004449) rearrangement: c.56-3545:TMPRSS2_c.39+51521:ERGdel | Protein Fusion: out of frame  {TMPRSS2:ERG}	NA
EVT-P-0053329-T01-IM6-712	P-0053329-T01-IM6		Prostate Cancer	PRAD	TMPRSS2-ERG	TMPRSS2	unknown	three_prime	39823286	2	7	True	7	True	exact match	retained	1.0	False	Ets-domain			TMPRSS2 (NM_001135099) - ERG (NM_182918) rearrangement: c.296:TMPRSS2_c.19-5742:ERGdel | Protein Fusion: mid-exon  {TMPRSS2:ERG}	NA
EVT-P-0053406-T01-IM6-713	P-0053406-T01-IM6		Prostate Cancer	PRAD	TMPRSS2-ERG	TMPRSS2	out-of-frame	three_prime	39856865	2	7	True	7	True	exact match	retained	1.0	False	Ets-domain			TMPRSS2 (NM_001135099) - ERG (NM_182918) rearrangement: c.55+1209:TMPRSS2_c.18+13422:ERGdel | Protein Fusion: out of frame  {TMPRSS2:ERG}	NA
EVT-P-0053525-T01-IM6-714	P-0053525-T01-IM6		Prostate Cancer	PRAD	TMPRSS2-ERG	TMPRSS2	out-of-frame	three_prime	39821701	2	7	True	7	True	exact match	retained	1.0	False	Ets-domain			TMPRSS2 (NM_001135099) - ERG (NM_182918) rearrangement: c.56-2596:TMPRSS2_c.19-4157:ERGdel | Protein Fusion: out of frame  {TMPRSS2:ERG}	NA
EVT-P-0053704-T01-IM6-715	P-0053704-T01-IM6		Prostate Cancer	PRAD	TMPRSS2-ERG	TMPRSS2	out-of-frame	three_prime	39864944	2	7	True	7	True	exact match	retained	1.0	False	Ets-domain			TMPRSS2 (NM_001135099) - ERG (NM_182918) fusion: c.55+1292:TMPRSS2_c.18+5343:ERGdel | Protein Fusion: out of frame  {TMPRSS2:ERG}	NA
EVT-P-0053704-T02-IM6-716	P-0053704-T02-IM6		Prostate Cancer	PRAD	TMPRSS2-ERG	TMPRSS2	out-of-frame	three_prime	39864944	2	7	True	7	True	exact match	retained	1.0	False	Ets-domain			TMPRSS2 (NM_001135099) - ERG (NM_182918) rearrangement: c.55+1292:TMPRSS2_c.18+5343:ERGdel | Protein Fusion: out of frame  {TMPRSS2:ERG}	NA
EVT-P-0053728-T01-IM6-717	P-0053728-T01-IM6		Prostate Cancer	PRAD	TMPRSS2-ERG	TMPRSS2	in-frame	three_prime	39833473	2	7	True	7	True	exact match	retained	1.0	False	Ets-domain			TMPRSS2 (NM_001135099) - ERG (NM_182918) rearrangement: c.126+547:TMPRSS2_c.19-15929:ERGdel | Protein Fusion: in frame  {TMPRSS2:ERG}	NA
EVT-P-0028080-T01-IM6-718	P-0028080-T01-IM6		Prostate Cancer	PRAD	TMPRSS2-ERG	TMPRSS2	out-of-frame	three_prime	39860946	2	7	True	7	True	exact match	retained	1.0	False	Ets-domain			TMPRSS2 (NM_001135099) - ERG (NM_182918) fusion: c.55+4857:TMPRSS2_c.18+9341:ERGdel | Protein Fusion: out of frame  {TMPRSS2:ERG}	NA
EVT-P-0053849-T01-IM6-719	P-0053849-T01-IM6		Prostate Cancer	PRAD	TMPRSS2-ERG	TMPRSS2	out-of-frame	three_prime	39864104	2	7	True	7	True	exact match	retained	1.0	False	Ets-domain			TMPRSS2 (NM_001135099) - ERG (NM_182918) rearrangement: c.56-725:TMPRSS2_c.18+6183:ERGdel | Protein Fusion: out of frame  {TMPRSS2:ERG}	NA
EVT-P-0053926-T01-IM6-720	P-0053926-T01-IM6		Prostate Cancer	PRAD	TMPRSS2-ERG	TMPRSS2	in-frame	three_prime	39884116	1	1	True	1	True	exact match	retained	1.0	False	Ets-domain			TMPRSS2 (NM_001135099) - ERG (NM_004449) rearrangement: c.127-427:TMPRSS2_c.39+63470:ERGdel | Protein Fusion: in frame  {TMPRSS2:ERG}	NA
EVT-P-0054023-T01-IM6-721	P-0054023-T01-IM6		Prostate Cancer	PRAD	TMPRSS2-ERG	TMPRSS2	out-of-frame	three_prime	39883187	1	1	True	1	True	exact match	retained	1.0	False	Ets-domain			TMPRSS2 (NM_001135099) - ERG (NM_004449) fusion: c.55+4233:TMPRSS2_c.39+64399:ERGdel | Protein Fusion: out of frame  {TMPRSS2:ERG}	NA
EVT-P-0054040-T01-IM6-722	P-0054040-T01-IM6		Prostate Cancer	PRAD	TMPRSS2-ERG	TMPRSS2	out-of-frame	three_prime	39946095	1	1	True	1	True	exact match	retained	1.0	False	Ets-domain			TMPRSS2 (NM_001135099) - ERG (NM_004449) rearrangement: c.56-4141:TMPRSS2_c.39+1491:ERGdel | Protein Fusion: out of frame  {TMPRSS2:ERG}	NA
EVT-P-0054068-T01-IM6-723	P-0054068-T01-IM6		Prostate Cancer	PRAD	TMPRSS2-ERG	TMPRSS2	in-frame	three_prime	39881858	1	1	True	1	True	exact match	retained	1.0	False	Ets-domain			TMPRSS2 (NM_001135099) - ERG (NM_004449) rearrangement: c.126+1539:TMPRSS2_c.40-64314:ERGdel | Protein Fusion: in frame  {TMPRSS2:ERG}	NA
EVT-P-0054077-T01-IM6-724	P-0054077-T01-IM6		Prostate Cancer	PRAD	TMPRSS2-ERG	TMPRSS2	out-of-frame	three_prime	39827435	2	7	True	7	True	exact match	retained	1.0	False	Ets-domain			TMPRSS2 (NM_001135099) - ERG (NM_182918) fusion: c.55+3622:TMPRSS2_c.19-9891:ERGdel | Protein Fusion: out of frame  {TMPRSS2:ERG}	NA
EVT-P-0054146-T01-IM6-725	P-0054146-T01-IM6		Prostate Cancer	PRNE	TMPRSS2-ERG	TMPRSS2	out-of-frame	three_prime	39861530	2	7	True	7	True	exact match	retained	1.0	False	Ets-domain			TMPRSS2 (NM_001135099) - ERG (NM_182918) rearrangement: c.56-537:TMPRSS2_c.18+8757:ERGdel | Protein Fusion: out of frame  {TMPRSS2:ERG}	NA
EVT-P-0054319-T01-IM6-726	P-0054319-T01-IM6		Prostate Cancer	PRAD	TMPRSS2-ERG	TMPRSS2	out-of-frame	three_prime	39891646	1	1	True	1	True	exact match	retained	1.0	False	Ets-domain			TMPRSS2 (NM_001135099) - ERG (NM_004449) rearrangement: c.55+611:TMPRSS2_c.39+55940:ERGdel | Protein Fusion: out of frame  {TMPRSS2:ERG}	NA
EVT-P-0054445-T01-IM6-727	P-0054445-T01-IM6		Prostate Cancer	PRAD	TMPRSS2-ERG	TMPRSS2	out-of-frame	three_prime	39834004	2	7	True	7	True	exact match	retained	1.0	False	Ets-domain			TMPRSS2 (NM_001135099) - ERG (NM_182918) fusion: c.55+3942:TMPRSS2_c.19-16460:ERGdel | Protein Fusion: out of frame  {TMPRSS2:ERG}	NA
EVT-P-0054506-T01-IM6-728	P-0054506-T01-IM6		Prostate Cancer	PRAD	TMPRSS2-ERG	TMPRSS2	out-of-frame	three_prime	39877018	1	1	True	1	True	exact match	retained	1.0	False	Ets-domain			TMPRSS2 (NM_001135099) - ERG (NM_004449) rearrangement: c.56-4585:TMPRSS2_c.40-59474:ERGdel | Protein Fusion: out of frame  {TMPRSS2:ERG}	NA
EVT-P-0054521-T01-IM6-729	P-0054521-T01-IM6		Prostate Cancer	PRAD	TMPRSS2-ERG	TMPRSS2	unknown	three_prime	39872057	1	1	True	1	True	exact match	retained	1.0	False	Ets-domain			TMPRSS2 (NM_001135099) - ERG (NM_004449) rearrangement: c.56-3733:TMPRSS2_c.40-54513:ERGdel | Transcript Fusion {TMPRSS2:ERG}	NA
EVT-P-0054527-T01-IM6-730	P-0054527-T01-IM6		Prostate Cancer	PRAD	TMPRSS2-ERG	TMPRSS2	in-frame	three_prime	39842433	2	7	True	7	True	exact match	retained	1.0	False	Ets-domain			TMPRSS2 (NM_001135099) - ERG (NM_182918) rearrangement: c.127-1711:TMPRSS2_c.19-24889:ERGdel | Protein Fusion: in frame  {TMPRSS2:ERG}	NA
EVT-P-0054566-T02-IM6-731	P-0054566-T02-IM6		Prostate Cancer	PRAD	TMPRSS2-ERG	TMPRSS2	in-frame	three_prime	39877343	1	1	True	1	True	exact match	retained	1.0	False	Ets-domain			TMPRSS2 (NM_001135099) - ERG (NM_004449) fusion: c.127-530:TMPRSS2_c.40-59799:ERGdel | Protein Fusion: in frame  {TMPRSS2:ERG}	NA
EVT-P-0054567-T01-IM6-732	P-0054567-T01-IM6		Prostate Cancer	PRAD	TMPRSS2-ERG	TMPRSS2	out-of-frame	three_prime	39877926	1	1	True	1	True	exact match	retained	1.0	False	Ets-domain			TMPRSS2 (NM_001135099) - ERG (NM_004449) rearrangement: c.55+2962:TMPRSS2_c.40-60382:ERGdel | Protein Fusion: out of frame  {TMPRSS2:ERG}	NA
EVT-P-0054652-T01-IM6-733	P-0054652-T01-IM6		Prostate Cancer	PRAD	TMPRSS2-ERG	TMPRSS2	out-of-frame	three_prime	39877183	1	1	True	1	True	exact match	retained	1.0	False	Ets-domain			TMPRSS2 (NM_001135099) - ERG (NM_004449) rearrangement: c.56-4811:TMPRSS2_c.40-59639:ERGdel | Protein Fusion: out of frame  {TMPRSS2:ERG}	NA
EVT-P-0054763-T01-IM6-734	P-0054763-T01-IM6		Prostate Cancer	PRAD	TMPRSS2-ERG	TMPRSS2	out-of-frame	three_prime	39821622	2	7	True	7	True	exact match	retained	1.0	False	Ets-domain			TMPRSS2 (NM_001135099) - ERG (NM_182918) rearrangement: c.56-4672:TMPRSS2_c.19-4078:ERGdel | Protein Fusion: out of frame  {TMPRSS2:ERG}	NA
EVT-P-0054785-T01-IM6-735	P-0054785-T01-IM6		Prostate Cancer	PRAD	TMPRSS2-ERG	TMPRSS2	in-frame	three_prime	39856174	2	7	True	7	True	exact match	retained	1.0	False	Ets-domain			TMPRSS2 (NM_001135099) - ERG (NM_182918) rearrangement: c.127-1689:TMPRSS2_c.18+14113:ERGdel | Protein Fusion: in frame  {TMPRSS2:ERG}	NA
EVT-P-0054972-T01-IM6-736	P-0054972-T01-IM6		Prostate Cancer	PRAD	TMPRSS2-ERG	TMPRSS2	out-of-frame	three_prime	39808001	3	79	True	79	True	exact match	retained	1.0	False	Ets-domain			TMPRSS2 (NM_001135099) - ERG (NM_182918) fusion: c.55+1187:TMPRSS2_c.236+9326:ERGdel | Protein Fusion: out of frame  {TMPRSS2:ERG}	NA
EVT-P-0055009-T01-IM6-737	P-0055009-T01-IM6		Prostate Cancer	PRAD	TMPRSS2-ERG	TMPRSS2	in-frame	three_prime	39873792	1	1	True	1	True	exact match	retained	1.0	False	Ets-domain			TMPRSS2 (NM_001135099) - ERG (NM_004449) rearrangement: c.127-1183:TMPRSS2_c.40-56248:ERGdel | Protein Fusion: in frame  {TMPRSS2:ERG}	NA
EVT-P-0055059-T01-IM6-738	P-0055059-T01-IM6		Prostate Cancer	PRAD	TMPRSS2-ERG	TMPRSS2	out-of-frame	three_prime	39866010	2	7	True	7	True	exact match	retained	1.0	False	Ets-domain			TMPRSS2 (NM_001135099) - ERG (NM_004449) rearrangement: c.56-667:TMPRSS2_c.40-48466:ERGdel | Protein Fusion: out of frame  {TMPRSS2:ERG}	NA
EVT-P-0055138-T01-IM6-739	P-0055138-T01-IM6		Prostate Cancer	PRAD	TMPRSS2-ERG	TMPRSS2	out-of-frame	three_prime	39876085	1	1	True	1	True	exact match	retained	1.0	False	Ets-domain			TMPRSS2 (NM_001135099) - ERG (NM_004449) rearrangement: c.55+4747:TMPRSS2_c.40-58541:ERGdel | Protein Fusion: out of frame  {TMPRSS2:ERG}	NA
EVT-P-0055270-T01-IM6-740	P-0055270-T01-IM6		Prostate Cancer	PRAD	TMPRSS2-ERG	TMPRSS2	in-frame	three_prime	39944377	1	1	True	1	True	exact match	retained	1.0	False	Ets-domain			TMPRSS2 (NM_001135099) - ERG (NM_004449) rearrangement: c.126+493:TMPRSS2_c.39+3209:ERGdel | Protein Fusion: in frame  {TMPRSS2:ERG}	NA
EVT-P-0055380-T01-IM6-741	P-0055380-T01-IM6		Prostate Cancer	PRAD	TMPRSS2-ERG	TMPRSS2	out-of-frame	three_prime	39853252	2	7	True	7	True	exact match	retained	1.0	False	Ets-domain			TMPRSS2 (NM_001135099) - ERG (NM_182918) fusion: c.56-2048:TMPRSS2_c.18+17035:ERGdel | Protein Fusion: out of frame  {TMPRSS2:ERG}	NA
EVT-P-0030384-T01-IM6-742	P-0030384-T01-IM6		Prostate Cancer	PRAD	TMPRSS2-ERG	TMPRSS2	out-of-frame	three_prime	39934109	1	1	True	1	True	exact match	retained	1.0	False	Ets-domain			TMPRSS2 (NM_001135099) - ERG (NM_004449) fusion: c.56-1256:TMPRSS2_c.39+13477:ERGdel | Protein Fusion: out of frame  {TMPRSS2:ERG}	NA
EVT-P-0055465-T01-IM6-743	P-0055465-T01-IM6		Prostate Cancer	PRAD	TMPRSS2-ERG	TMPRSS2	out-of-frame	three_prime	39844438	2	7	True	7	True	exact match	retained	1.0	False	Ets-domain			TMPRSS2 (NM_001135099) - ERG (NM_182918) fusion: c.55+3518:TMPRSS2_c.18+25849:ERGdel | Protein Fusion: out of frame  {TMPRSS2:ERG}	NA
EVT-P-0055684-T01-IM6-744	P-0055684-T01-IM6		Prostate Cancer	PRAD	TMPRSS2-ERG	TMPRSS2	in-frame	three_prime	39857163	2	7	True	7	True	exact match	retained	1.0	False	Ets-domain			TMPRSS2 (NM_001135099) - ERG (NM_182918) fusion: c.126+777:TMPRSS2_c.18+13124:ERGdel | Protein Fusion: in frame  {TMPRSS2:ERG}	NA
EVT-P-0055685-T01-IM6-745	P-0055685-T01-IM6		Prostate Cancer	PRAD	TMPRSS2-ERG	TMPRSS2	out-of-frame	three_prime	39928670	1	1	True	1	True	exact match	retained	1.0	False	Ets-domain			TMPRSS2 (NM_001135099) - ERG (NM_004449) fusion: c.56-2249:TMPRSS2_c.39+18916:ERGdel | Protein Fusion: out of frame  {TMPRSS2:ERG}	NA
EVT-P-0055707-T01-IM6-746	P-0055707-T01-IM6		Prostate Cancer	PRAD	TMPRSS2-ERG	TMPRSS2	out-of-frame	three_prime	39876892	1	1	True	1	True	exact match	retained	1.0	False	Ets-domain			TMPRSS2 (NM_001135099) - ERG (NM_004449) fusion: c.56-4749:TMPRSS2_c.40-59348:ERGdel | Protein Fusion: out of frame  {TMPRSS2:ERG}	NA
EVT-P-0055712-T01-IM6-747	P-0055712-T01-IM6		Prostate Cancer	PRAD	TMPRSS2-ERG	TMPRSS2	out-of-frame	three_prime	39834430	2	7	True	7	True	exact match	retained	1.0	False	Ets-domain			TMPRSS2 (NM_001135099) - ERG (NM_182918) fusion: c.55+4515:TMPRSS2_c.19-16886:ERGdel | Protein Fusion: out of frame  {TMPRSS2:ERG}	NA
EVT-P-0030645-T01-IM6-748	P-0030645-T01-IM6		Prostate Cancer	PRAD	TMPRSS2-ERG	TMPRSS2	out-of-frame	three_prime	39930064	1	1	True	1	True	exact match	retained	1.0	False	Ets-domain			TMPRSS2 (NM_001135099) - ERG (NM_004449) fusion (TMPRSS2 exon 1 fused to ERG exons 4-11): c.56-658:TMPRSS2_c.39+17522:ERGdel | Protein Fusion: out of frame  {TMPRSS2:ERG}	NA
EVT-P-0056177-T01-IM6-749	P-0056177-T01-IM6		Prostate Cancer	PRAD	TMPRSS2-ERG	TMPRSS2	in-frame	three_prime	39908577	1	1	True	1	True	exact match	retained	1.0	False	Ets-domain			TMPRSS2 (NM_001135099) - ERG (NM_004449) fusion: c.126+1021:TMPRSS2_c.39+39009:ERGdel | Protein Fusion: in frame  {TMPRSS2:ERG}	NA
EVT-P-0056372-T01-IM6-750	P-0056372-T01-IM6		Prostate Cancer	PRAD	TMPRSS2-ERG	TMPRSS2	out-of-frame	three_prime	39822698	2	7	True	7	True	exact match	retained	1.0	False	Ets-domain			TMPRSS2 (NM_001135099) - ERG (NM_182918) fusion: c.56-2083:TMPRSS2_c.19-5154:ERGdel | Protein Fusion: out of frame  {TMPRSS2:ERG}	NA
EVT-P-0056686-T01-IM6-751	P-0056686-T01-IM6		Prostate Cancer	PRAD	TMPRSS2-ERG	TMPRSS2	out-of-frame	three_prime	39914298	1	1	True	1	True	exact match	retained	1.0	False	Ets-domain			TMPRSS2 (NM_001135099) - ERG (NM_004449) fusion: c.56-2451:TMPRSS2_c.39+33288:ERGdel | Protein Fusion: out of frame  {TMPRSS2:ERG}	NA
EVT-P-0056842-T01-IM6-752	P-0056842-T01-IM6		Prostate Cancer	PRAD	TMPRSS2-ERG	TMPRSS2	out-of-frame	three_prime	39928395	1	1	True	1	True	exact match	retained	1.0	False	Ets-domain			TMPRSS2 (NM_001135099) - ERG (NM_004449) fusion: c.56-1312:TMPRSS2_c.39+19191:ERGdel | Protein Fusion: out of frame  {TMPRSS2:ERG}	NA
EVT-P-0056943-T01-IM6-753	P-0056943-T01-IM6		Prostate Cancer	PRAD	TMPRSS2-ERG	TMPRSS2	in-frame	three_prime	39917013	1	1	True	1	True	exact match	retained	1.0	False	Ets-domain			TMPRSS2 (NM_001135099) - ERG (NM_004449) fusion: c.127-130:TMPRSS2_c.39+30573:ERGdel | Protein Fusion: in frame  {TMPRSS2:ERG}	NA
EVT-P-0057230-T01-IM6-755	P-0057230-T01-IM6		Prostate Cancer	PRAD	TMPRSS2-ERG	TMPRSS2	out-of-frame	three_prime	39875044	1	1	True	1	True	exact match	retained	1.0	False	Ets-domain			TMPRSS2 (NM_001135099) - ERG (NM_004449): c.56-2680:TMPRSS2_c.40-57500:ERGdel | Protein Fusion: out of frame  {TMPRSS2:ERG}	NA
EVT-P-0057442-T01-IM6-756	P-0057442-T01-IM6		Gastrointestinal Neuroendocrine Tumor	HGNEC	TMPRSS2-ERG	TMPRSS2	in-frame	three_prime	39831409	2	7	True	7	True	exact match	retained	1.0	False	Ets-domain			TMPRSS2 (NM_001135099) - ERG (NM_182918) fusion: c.127-2:TMPRSS2_c.19-13865:ERGdel | Protein Fusion: in frame  {TMPRSS2:ERG}	NA
EVT-P-0057442-T02-IM7-757	P-0057442-T02-IM7		Gastrointestinal Neuroendocrine Tumor	HGNEC	TMPRSS2-ERG	TMPRSS2	in-frame	three_prime	39831409	2	7	True	7	True	exact match	retained	1.0	False	Ets-domain			TMPRSS2 (NM_001135099) - ERG (NM_182918) fusion: c.127-2:TMPRSS2_c.19-13865:ERGdel | Protein Fusion: in frame  {TMPRSS2:ERG}	NA
EVT-P-0057447-T01-IM6-758	P-0057447-T01-IM6		Prostate Cancer	PRAD	TMPRSS2-ERG	TMPRSS2	out-of-frame	three_prime	39858400	2	7	True	7	True	exact match	retained	1.0	False	Ets-domain			TMPRSS2 (NM_001135099) - ERG (NM_182918) fusion: c.56-4060:TMPRSS2_c.18+11887:ERGdel | Protein Fusion: out of frame  {TMPRSS2:ERG}	NA
EVT-P-0057535-T01-IM6-759	P-0057535-T01-IM6		Prostate Cancer	PRAD	TMPRSS2-ERG	TMPRSS2	out-of-frame	three_prime	39867837	2	7	True	7	True	exact match	retained	1.0	False	Ets-domain			TMPRSS2 (NM_001135099) - ERG (NM_182918) fusion: c.55+4635:TMPRSS2_c.18+2450:ERGdel | Protein Fusion: out of frame  {TMPRSS2:ERG}	NA
EVT-P-0057670-T01-IM6-760	P-0057670-T01-IM6		Prostate Cancer	PRAD	TMPRSS2-ERG	TMPRSS2	out-of-frame	three_prime	39859763	2	7	True	7	True	exact match	retained	1.0	False	Ets-domain			TMPRSS2 (NM_001135099) - ERG (NM_182918) fusion: c.55+318:TMPRSS2_c.18+10524:ERGdel | Protein Fusion: out of frame  {TMPRSS2:ERG}	NA
EVT-P-0057760-T01-IM6-761	P-0057760-T01-IM6		Prostate Cancer	PRAD	TMPRSS2-ERG	TMPRSS2	unknown	three_prime	39872881	1	1	True	1	True	exact match	retained	1.0	False	Ets-domain			TMPRSS2 (NM_001135099) - ERG (NM_004449 rearrangement: c.56-1724:TMPRSS2_chr21:c.40-55337del | Transcript Fusion {TMPRSS2:ERG}	NA
EVT-P-0057793-T01-IM6-762	P-0057793-T01-IM6		Prostate Cancer	PRAD	TMPRSS2-ERG	TMPRSS2	out-of-frame	three_prime	39864374	2	7	True	7	True	exact match	retained	1.0	False	Ets-domain			TMPRSS2 (NM_001135099) - ERG (NM_182918) fusion: c.56-1155:TMPRSS2_c.18+5913:ERGdel | Protein Fusion: out of frame  {TMPRSS2:ERG}	NA
EVT-P-0005768-T02-IM5-763	P-0005768-T02-IM5		Prostate Cancer	PRAD	TMPRSS2-ERG	TMPRSS2	unknown	three_prime	40023500	1	1	True	1	True	exact match	retained	1.0	False	Ets-domain			TMPRSS2 (NM_001135099) - ERG (NM_004449) fusion (TMPRSS2 exon1 fused to ERG exons 3-11) : c.56-1181:TMPRSS2_c.-150+10082:ERGdel | Transcript fusion (TMPRSS2-ERG)	NA
EVT-P-0058200-T01-IM6-764	P-0058200-T01-IM6		Prostate Cancer	PRAD	TMPRSS2-ERG	TMPRSS2	out-of-frame	three_prime	39854724	2	7	True	7	True	exact match	retained	1.0	False	Ets-domain			TMPRSS2 (NM_001135099) - ERG (NM_182918) fusion: c.56-220:TMPRSS2_c.18+15563:ERGdel | Protein Fusion: out of frame  {TMPRSS2:ERG}	NA
EVT-P-0058214-T01-IM6-765	P-0058214-T01-IM6		Prostate Cancer	PRAD	TMPRSS2-ERG	TMPRSS2	in-frame	three_prime	39817601	2	7	True	7	True	exact match	retained	1.0	False	Ets-domain			TMPRSS2 (NM_001135099) - ERG (NM_182918) fusion: c.126+1724:TMPRSS2_c.19-57:ERGdel | Protein Fusion: in frame  {TMPRSS2:ERG}	NA
EVT-P-0058564-T01-IM7-766	P-0058564-T01-IM7		Prostate Cancer	PRAD	TMPRSS2-ERG	TMPRSS2	out-of-frame	three_prime	39853119	2	7	True	7	True	exact match	retained	1.0	False	Ets-domain			TMPRSS2 (NM_001135099) - ERG (NM_182918) fusion: c.56-1026:TMPRSS2_c.18+17168:ERGdel | Protein Fusion: out of frame  {TMPRSS2:ERG}	NA
EVT-P-0058957-T01-IM7-767	P-0058957-T01-IM7		Prostate Cancer	PRAD	TMPRSS2-ERG	TMPRSS2	out-of-frame	three_prime	39804701	3	79	True	79	True	exact match	retained	1.0	False	Ets-domain			TMPRSS2 (NM_001135099) - ERG (NM_182918) fusion: c.56-1449:TMPRSS2_c.237-9218:ERGdel | Protein Fusion: out of frame  {TMPRSS2:ERG}	NA
EVT-P-0005636-T03-IM6-768	P-0005636-T03-IM6		Prostate Cancer	PRAD	TMPRSS2-ERG	TMPRSS2	out-of-frame	three_prime	39834655	2	7	True	7	True	exact match	retained	1.0	False	Ets-domain			TMPRSS2 (NM_001135099) - ERG (NM_182918) fusion: c.55+4760:TMPRSS2_c.19-17111:ERGdel | Protein Fusion: out of frame  {TMPRSS2:ERG}	NA
EVT-P-0059314-T01-IM7-769	P-0059314-T01-IM7		Prostate Cancer	PRAD	TMPRSS2-ERG	TMPRSS2	in-frame	three_prime	39868193	2	7	True	7	True	exact match	retained	1.0	False	Ets-domain			TMPRSS2 (NM_001135099) - ERG (NM_182918) fusion: c.126+459:TMPRSS2_c.18+2094:ERGdel | Protein Fusion: in frame  {TMPRSS2:ERG}	NA
EVT-P-0059361-T01-IM7-770	P-0059361-T01-IM7		Prostate Cancer	PRAD	TMPRSS2-ERG	TMPRSS2	out-of-frame	three_prime	39869320	2	7	True	7	True	exact match	retained	1.0	False	Ets-domain			TMPRSS2 (NM_001135099) - ERG (NM_182918) fusion: c.56-4761:TMPRSS2_c.18+967:ERGdel | Protein Fusion: out of frame  {TMPRSS2:ERG}	NA
EVT-P-0059425-T01-IM7-771	P-0059425-T01-IM7		Prostate Cancer	PRAD	TMPRSS2-ERG	TMPRSS2	out-of-frame	three_prime	39836774	2	7	True	7	True	exact match	retained	1.0	False	Ets-domain			TMPRSS2 (NM_001135099) - ERG (NM_182918) fusion: c.56-4619:TMPRSS2_c.19-19230:ERGdel | Protein Fusion: out of frame  {TMPRSS2:ERG}	NA
EVT-P-0059595-T01-IM7-772	P-0059595-T01-IM7		Prostate Cancer	PRAD	TMPRSS2-ERG	TMPRSS2	in-frame	three_prime	39831258	2	7	True	7	True	exact match	retained	1.0	False	Ets-domain			TMPRSS2 (NM_001135099) - ERG (NM_182918) fusion: c.127-488:TMPRSS2_c.19-13714:ERGdel | Protein Fusion: in frame  {TMPRSS2:ERG}	NA
EVT-P-0059628-T01-IM7-773	P-0059628-T01-IM7		Prostate Cancer	PRAD	TMPRSS2-ERG	TMPRSS2	out-of-frame	three_prime	39915317	1	1	True	1	True	exact match	retained	1.0	False	Ets-domain			TMPRSS2 (NM_001135099) - ERG (NM_004449) fusion: c.56-4680:TMPRSS2_c.39+32269:ERGdel | Protein Fusion: out of frame  {TMPRSS2:ERG}	NA
EVT-P-0059769-T01-IM7-774	P-0059769-T01-IM7		Prostate Cancer	PRAD	TMPRSS2-ERG	TMPRSS2	out-of-frame	three_prime	39913759	1	1	True	1	True	exact match	retained	1.0	False	Ets-domain			TMPRSS2 (NM_001135099) - ERG (NM_004449) fusion: c.56-4617:TMPRSS2_c.39+33827:ERGdel | Protein Fusion: out of frame  {TMPRSS2:ERG}	NA
EVT-P-0059791-T02-IM7-775	P-0059791-T02-IM7		Prostate Cancer	PRAD	TMPRSS2-ERG	TMPRSS2	in-frame	three_prime	39908871	1	1	True	1	True	exact match	retained	1.0	False	Ets-domain			TMPRSS2 (NM_001135099) - ERG (NM_004449) fusion: c.127-1173:TMPRSS2_c.39+38715:ERGdel | Protein Fusion: in frame  {TMPRSS2:ERG}	NA
EVT-P-0059796-T01-IM7-776	P-0059796-T01-IM7		Prostate Cancer	PRAD	TMPRSS2-ERG	TMPRSS2	out-of-frame	three_prime	39899208	1	1	True	1	True	exact match	retained	1.0	False	Ets-domain			TMPRSS2 (NM_001135099) - ERG (NM_004449) fusion: c.56-2088:TMPRSS2_c.39+48378:ERGdel | Protein Fusion: out of frame  {TMPRSS2:ERG}	NA
EVT-P-0069054-T01-IM7-777	P-0069054-T01-IM7		Prostate Cancer	PRAD	TMPRSS2-ERG	TMPRSS2	out-of-frame	three_prime	39867710	2	7	True	7	True	exact match	retained	1.0	False	Ets-domain			TMPRSS2 (NM_001135099) - ERG (NM_182918) fusion: c.56-4584:TMPRSS2_c.18+2577:ERGdel | Protein Fusion: out of frame  {TMPRSS2:ERG}	NA
EVT-P-0069200-T01-IM7-778	P-0069200-T01-IM7		Prostate Cancer	PRAD	TMPRSS2-ERG	TMPRSS2	in-frame	three_prime	39863490	2	7	True	7	True	exact match	retained	1.0	False	Ets-domain			TMPRSS2 (NM_001135099) - ERG (NM_182918) fusion: c.127-1600:TMPRSS2_c.18+6797:ERGdel | Protein Fusion: in frame  {TMPRSS2:ERG}	NA
EVT-P-0051585-T01-IM6-779	P-0051585-T01-IM6		Prostate Cancer	PRAD	TMPRSS2-ERG	TMPRSS2	out-of-frame	three_prime	39883668	1	1	True	1	True	exact match	retained	1.0	False	Ets-domain			TMPRSS2 (NM_001135099) - ERG (NM_004449) fusion: c.55+1837:TMPRSS2_c.39+63918:ERGdel | Protein Fusion: out of frame  {TMPRSS2:ERG}	NA
EVT-P-0046315-T01-IM6-780	P-0046315-T01-IM6		Prostate Cancer	PRAD	TMPRSS2-ERG	TMPRSS2	out-of-frame	three_prime	39878565	1	1	True	1	True	exact match	retained	1.0	False	Ets-domain			TMPRSS2 (NM_001135099) - ERG (NM_004449) rearrangement: c.55+1172:TMPRSS2_c.40-61021:ERGdel | Protein Fusion: out of frame  {TMPRSS2:ERG}	NA
EVT-P-0060207-T01-IM7-781	P-0060207-T01-IM7		Prostate Cancer	PRAD	TMPRSS2-ERG	TMPRSS2	out-of-frame	three_prime	39868977	2	7	True	7	True	exact match	retained	1.0	False	Ets-domain			TMPRSS2 (NM_001135099) - ERG (NM_182918) fusion: c.56-1114:TMPRSS2_c.18+1310:ERGdel | Protein Fusion: out of frame  {TMPRSS2:ERG}	NA
EVT-P-0060407-T01-IM7-782	P-0060407-T01-IM7		Prostate Cancer	PRAD	TMPRSS2-ERG	TMPRSS2	out-of-frame	three_prime	39864188	2	7	True	7	True	exact match	retained	1.0	False	Ets-domain			TMPRSS2 (NM_001135099) - ERG (NM_182918) fusion: c.56-2481:TMPRSS2_c.18+6099:ERGdel | Protein Fusion: out of frame  {TMPRSS2:ERG}	NA
EVT-P-0060408-T01-IM7-783	P-0060408-T01-IM7		Prostate Cancer	PRAD	TMPRSS2-ERG	TMPRSS2	out-of-frame	three_prime	39841878	2	7	True	7	True	exact match	retained	1.0	False	Ets-domain			TMPRSS2 (NM_001135099) - ERG (NM_182918) fusion: c.55+3576:TMPRSS2_c.19-24334:ERGdel | Protein Fusion: out of frame  {TMPRSS2:ERG}	NA
EVT-P-0060520-T01-IM7-784	P-0060520-T01-IM7		Prostate Cancer	PRAD	TMPRSS2-ERG	TMPRSS2	out-of-frame	three_prime	39844157	2	7	True	7	True	exact match	retained	1.0	False	Ets-domain			TMPRSS2 (NM_001135099) - ERG (NM_182918) fusion: c.55+4814:TMPRSS2_c.18+26130:ERGdel | Protein Fusion: out of frame  {TMPRSS2:ERG}	NA
EVT-P-0060587-T01-IM7-785	P-0060587-T01-IM7		Prostate Cancer	PRAD	TMPRSS2-ERG	TMPRSS2	out-of-frame	three_prime	39865372	2	7	True	7	True	exact match	retained	1.0	False	Ets-domain			TMPRSS2 (NM_001135099) - ERG (NM_182918) fusion: c.56-4723:TMPRSS2_c.18+4915:ERGdel | Protein Fusion: out of frame  {TMPRSS2:ERG}	NA
EVT-P-0060587-T02-IM7-786	P-0060587-T02-IM7		Prostate Cancer	PRAD	TMPRSS2-ERG	TMPRSS2	out-of-frame	three_prime	39865372	2	7	True	7	True	exact match	retained	1.0	False	Ets-domain			TMPRSS2 (NM_001135099) - ERG (NM_182918) fusion: c.56-4723:TMPRSS2_c.18+4915:ERGdel | Protein Fusion: out of frame  {TMPRSS2:ERG}	NA
EVT-P-0060653-T01-IM7-787	P-0060653-T01-IM7		Prostate Cancer	PRAD	TMPRSS2-ERG	TMPRSS2	out-of-frame	three_prime	39935118	1	1	True	1	True	exact match	retained	1.0	False	Ets-domain			TMPRSS2 (NM_001135099) - ERG (NM_004449) fusion: c.55+786:TMPRSS2_c.39+12468:ERGdel | Protein Fusion: out of frame  {TMPRSS2:ERG}	NA
EVT-P-0060655-T01-IM7-788	P-0060655-T01-IM7		Prostate Cancer	PRAD	TMPRSS2-ERG	TMPRSS2	in-frame	three_prime	39851784	2	7	True	7	True	exact match	retained	1.0	False	Ets-domain			TMPRSS2 (NM_001135099) - ERG (NM_182918) fusion: c.126+741:TMPRSS2_c.18+18503:ERGdel | Protein Fusion: in frame  {TMPRSS2:ERG}	NA
EVT-P-0060656-T01-IM7-789	P-0060656-T01-IM7		Prostate Cancer	PRAD	TMPRSS2-ERG	TMPRSS2	out-of-frame	three_prime	39848625	2	7	True	7	True	exact match	retained	1.0	False	Ets-domain			TMPRSS2 (NM_001135099) - ERG (NM_182918) fusion: c.55+3225:TMPRSS2_c.18+21662:ERGdel | Protein Fusion: out of frame  {TMPRSS2:ERG}	NA
EVT-P-0060676-T01-IM7-790	P-0060676-T01-IM7		Prostate Cancer	PRAD	TMPRSS2-ERG	TMPRSS2	in-frame	three_prime	39846686	2	7	True	7	True	exact match	retained	1.0	False	Ets-domain			TMPRSS2 (NM_001135099) - ERG (NM_182918) fusion: c.127-1408:TMPRSS2_c.18+23601:ERGdel | Protein Fusion: in frame  {TMPRSS2:ERG}	NA
EVT-P-0005596-T01-IM5-791	P-0005596-T01-IM5		Prostate Cancer	PRAD	TMPRSS2-ERG	TMPRSS2	out-of-frame	three_prime	39826323	2	7	True	7	True	exact match	retained	1.0	False	Ets-domain			TMPRSS2 (NM_001135099) - ERG (NM_182918) fusion (TMPRSS2 exon1 with ERG exons 2-10): c.56-2228:TMPRSS2_c.19-8779:ERGdel | Protein fusion: out of frame (TMPRSS2-ERG)	NA
EVT-P-0061165-T01-IM7-792	P-0061165-T01-IM7		Prostate Cancer	PRAD	TMPRSS2-ERG	TMPRSS2	out-of-frame	three_prime	39805215	3	79	True	79	True	exact match	retained	1.0	False	Ets-domain			TMPRSS2 (NM_001135099) - ERG (NM_182918) fusion: c.55+4368:TMPRSS2_c.237-9732:ERGdel | Protein Fusion: out of frame  {TMPRSS2:ERG}	NA
EVT-P-0061256-T01-IM7-793	P-0061256-T01-IM7		Prostate Cancer	PRAD	TMPRSS2-ERG	TMPRSS2	out-of-frame	three_prime	39829778	2	7	True	7	True	exact match	retained	1.0	False	Ets-domain			TMPRSS2 (NM_001135099) - ERG (NM_182918) fusion: c.56-3441:TMPRSS2_c.19-12234:ERGdel | Protein Fusion: out of frame  {TMPRSS2:ERG}	NA
EVT-P-0061332-T01-IM7-794	P-0061332-T01-IM7		Prostate Cancer	PRAD	TMPRSS2-ERG	TMPRSS2	out-of-frame	three_prime	39882285	1	1	True	1	True	exact match	retained	1.0	False	Ets-domain			TMPRSS2 (NM_001135099) - ERG (NM_004449) fusion: c.56-2718:TMPRSS2_c.40-64741:ERGdel | Protein Fusion: out of frame  {TMPRSS2:ERG}	NA
EVT-P-0061422-T01-IM7-795	P-0061422-T01-IM7		Prostate Cancer	PRAD	TMPRSS2-ERG	TMPRSS2	in-frame	three_prime	39865641	2	7	True	7	True	exact match	retained	1.0	False	Ets-domain			TMPRSS2 (NM_001135099) - ERG (NM_182918) fusion: c.127-499:TMPRSS2_c.18+4646:ERGdel | Protein Fusion: in frame  {TMPRSS2:ERG}	NA
EVT-P-0061422-T02-IM7-796	P-0061422-T02-IM7		Prostate Cancer	PRAD	TMPRSS2-ERG	TMPRSS2	in-frame	three_prime	39865641	2	7	True	7	True	exact match	retained	1.0	False	Ets-domain			TMPRSS2 (NM_001135099) - ERG (NM_182918) fusion: c.127-499:TMPRSS2_c.18+4646:ERGdel | Protein Fusion: in frame  {TMPRSS2:ERG}	NA
EVT-P-0061625-T02-IM7-797	P-0061625-T02-IM7		Prostate Cancer	PRAD	TMPRSS2-ERG	TMPRSS2	out-of-frame	three_prime	39864927	2	7	True	7	True	exact match	retained	1.0	False	Ets-domain			TMPRSS2 (NM_001135099) - ERG (NM_182918) fusion: c.56-1821:TMPRSS2_c.18+5360:ERGdel | Protein Fusion: out of frame  {TMPRSS2:ERG}	NA
EVT-P-0061669-T01-IM7-798	P-0061669-T01-IM7		Prostate Cancer	PRAD	TMPRSS2-ERG	TMPRSS2	out-of-frame	three_prime	39909116	1	1	True	1	True	exact match	retained	1.0	False	Ets-domain			TMPRSS2 (NM_001135099) - ERG (NM_004449) fusion: c.56-4797:TMPRSS2_c.39+38470:ERGdel | Protein Fusion: out of frame  {TMPRSS2:ERG}	NA
EVT-P-0061675-T01-IM7-799	P-0061675-T01-IM7		Prostate Cancer	PRAD	TMPRSS2-ERG	TMPRSS2	out-of-frame	three_prime	39876719	1	1	True	1	True	exact match	retained	1.0	False	Ets-domain			TMPRSS2 (NM_001135099) - ERG (NM_004449) fusion: c.55+4066:TMPRSS2_c.40-59175:ERGdel | Protein Fusion: out of frame  {TMPRSS2:ERG}	NA
EVT-P-0061686-T01-IM7-800	P-0061686-T01-IM7		Prostate Cancer	PRAD	TMPRSS2-ERG	TMPRSS2	in-frame	three_prime	39927460	1	1	True	1	True	exact match	retained	1.0	False	Ets-domain			TMPRSS2 (NM_001135099) - ERG (NM_004449) fusion: c.127-1441:TMPRSS2_c.39+20126:ERGdel | Protein Fusion: in frame  {TMPRSS2:ERG}	NA
EVT-P-0061879-T01-IM7-801	P-0061879-T01-IM7		Prostate Cancer	PRAD	TMPRSS2-ERG	TMPRSS2	out-of-frame	three_prime	39879951	1	1	True	1	True	exact match	retained	1.0	False	Ets-domain			TMPRSS2 (NM_001135099) - ERG (NM_004449) fusion: c.56-3902:TMPRSS2_c.40-62407:ERGdel | Protein Fusion: out of frame  {TMPRSS2:ERG}	NA
EVT-P-0061898-T01-IM7-802	P-0061898-T01-IM7		Cancer of Unknown Primary	NECNOS	TMPRSS2-ERG	TMPRSS2	out-of-frame	three_prime	39856994	2	7	True	7	True	exact match	retained	1.0	False	Ets-domain			TMPRSS2 (NM_001135099) - ERG (NM_182918) fusion: c.55+978:TMPRSS2_c.18+13293:ERGdel | Protein Fusion: out of frame  {TMPRSS2:ERG}	NA
EVT-P-0062080-T01-IM7-803	P-0062080-T01-IM7		Prostate Cancer	PRAD	TMPRSS2-ERG	TMPRSS2	out-of-frame	three_prime	39869224	2	7	True	7	True	exact match	retained	1.0	False	Ets-domain			TMPRSS2 (NM_001135099) - ERG (NM_182918) fusion: c.55+4300:TMPRSS2_c.18+1063:ERGdel | Protein Fusion: out of frame  {TMPRSS2:ERG}	NA
EVT-P-0031008-T01-IM6-804	P-0031008-T01-IM6		Prostate Cancer	PRAD	TMPRSS2-ERG	TMPRSS2	out-of-frame	three_prime	39850475	2	7	True	7	True	exact match	retained	1.0	False	Ets-domain			TMPRSS2 (NM_001135099) - ERG (NM_182918) fusion: c.56-3443:TMPRSS2_c.18+19812:ERGdel | Protein Fusion: out of frame  {TMPRSS2:ERG}	NA
EVT-P-0062408-T01-IM7-805	P-0062408-T01-IM7		Prostate Cancer	PRAD	TMPRSS2-ERG	TMPRSS2	in-frame	three_prime	39880351	1	1	True	1	True	exact match	retained	1.0	False	Ets-domain			TMPRSS2 (NM_001135099) - ERG (NM_004449) fusion: c.126+863:TMPRSS2_c.40-62807:ERGdel | Protein Fusion: in frame  {TMPRSS2:ERG}	NA
EVT-P-0062464-T01-IM7-806	P-0062464-T01-IM7		Prostate Cancer	PRAD	TMPRSS2-ERG	TMPRSS2	in-frame	three_prime	39822689	2	7	True	7	True	exact match	retained	1.0	False	Ets-domain			TMPRSS2 (NM_001135099) - ERG (NM_182918) fusion: c.126+1687:TMPRSS2_c.19-5145:ERGdel | Protein Fusion: in frame  {TMPRSS2:ERG}	NA
EVT-P-0002990-T04-IM6-807	P-0002990-T04-IM6		Prostate Cancer	PRAD	TMPRSS2-ERG	TMPRSS2	in-frame	three_prime	39880577	1	1	True	1	True	exact match	retained	1.0	False	Ets-domain			TMPRSS2 (NM_001135099) - ERG (NM_004449) Fusion (TMPRSS2 exon2 with ERG exon4) : c.126+878:TMPRSS2_c.40-63033:ERGdel | Protein Fusion: in frame  {TMPRSS2:ERG}	NA
EVT-P-0062493-T01-IM7-808	P-0062493-T01-IM7		Prostate Cancer	PRAD	TMPRSS2-ERG	TMPRSS2	in-frame	three_prime	39935362	1	1	True	1	True	exact match	retained	1.0	False	Ets-domain			TMPRSS2 (NM_001135099) - ERG (NM_004449) fusion: c.127-1089:TMPRSS2_c.39+12224:ERGdel | Protein Fusion: in frame  {TMPRSS2:ERG}	NA
EVT-P-0060028-T01-IM7-809	P-0060028-T01-IM7		Prostate Cancer	PRAD	TMPRSS2-ERG	TMPRSS2	unknown	three_prime	39817492	2	24	False	24	True	exact match	retained	1.0	False	Ets-domain			TMPRSS2 (NM_001135099) - ERG (NM_182918) fusion: c.56-185:TMPRSS2_c.71:ERGdel | Protein Fusion: mid-exon  {TMPRSS2:ERG}	NA
EVT-P-0062518-T01-IM7-810	P-0062518-T01-IM7		Prostate Cancer	PRAD	TMPRSS2-ERG	TMPRSS2	unknown	three_prime	39870672	1	1	True	1	True	exact match	retained	1.0	False	Ets-domain			TMPRSS2 (NM_001135099) - ERG (NM_004449) fusion: c.56-2857:TMPRSS2_c.40-53128:ERGdel | Transcript Fusion {TMPRSS2:ERG}	NA
EVT-P-0062518-T02-IM7-811	P-0062518-T02-IM7		Prostate Cancer	PRAD	TMPRSS2-ERG	TMPRSS2	unknown	three_prime	39870672	1	1	True	1	True	exact match	retained	1.0	False	Ets-domain			TMPRSS2 (NM_001135099) - ERG (NM_004449) fusion: c.56-2857:TMPRSS2_c.40-53128:ERGdel | Transcript Fusion {TMPRSS2:ERG}	NA
EVT-P-0062534-T01-IM7-812	P-0062534-T01-IM7		Prostate Cancer	PRAD	TMPRSS2-ERG	TMPRSS2	out-of-frame	three_prime	39914614	1	1	True	1	True	exact match	retained	1.0	False	Ets-domain			TMPRSS2 (NM_001135099) - ERG (NM_004449) fusion: c.56-2122:TMPRSS2_c.39+32972:ERGdel | Protein Fusion: out of frame  {TMPRSS2:ERG}	NA
EVT-P-0062737-T01-IM7-813	P-0062737-T01-IM7		Prostate Cancer	PRAD	TMPRSS2-ERG	TMPRSS2	out-of-frame	three_prime	39850206	2	7	True	7	True	exact match	retained	1.0	False	Ets-domain			TMPRSS2 (NM_001135099) - ERG (NM_182918) fusion: c.55+4771:TMPRSS2_c.18+20081:ERGdel | Protein Fusion: out of frame  {TMPRSS2:ERG}	NA
EVT-P-0031015-T02-IM6-814	P-0031015-T02-IM6		Prostate Cancer	PRAD	TMPRSS2-ERG	TMPRSS2	out-of-frame	three_prime	39881074	1	1	True	1	True	exact match	retained	1.0	False	Ets-domain			TMPRSS2 (NM_001135099) - ERG (NM_004449) rearrangement: c.55+2384:TMPRSS2_c.40-63530:ERGdel | Protein Fusion: out of frame  {TMPRSS2:ERG}	NA
EVT-P-0001876-T06-IM7-815	P-0001876-T06-IM7		Prostate Cancer	PRAD	TMPRSS2-ERG	TMPRSS2	out-of-frame	three_prime	39810725	3	79	True	79	True	exact match	retained	1.0	False	Ets-domain			TMPRSS2 (NM_001135099) - ERG (NM_182918) fusion: c.56-498:TMPRSS2_c.236+6602:ERGdel | Protein Fusion: out of frame  {TMPRSS2:ERG}	NA
EVT-P-0063099-T01-IM7-816	P-0063099-T01-IM7		Prostate Cancer	PRAD	TMPRSS2-ERG	TMPRSS2	out-of-frame	three_prime	39875198	1	1	True	1	True	exact match	retained	1.0	False	Ets-domain			TMPRSS2 (NM_001135099) -ERG (NM_004449): c.56-190:TMPRSS2_c.40-57654:ERGdel | Protein Fusion: out of frame  {TMPRSS2:ERG}	NA
EVT-P-0063149-T01-IM7-817	P-0063149-T01-IM7		Prostate Cancer	PRAD	TMPRSS2-ERG	TMPRSS2	out-of-frame	three_prime	39869552	2	7	True	7	True	exact match	retained	1.0	False	Ets-domain			TMPRSS2 (NM_001135099) - ERG (NM_182918) fusion: c.55+3512:TMPRSS2_c.18+735:ERGdel | Protein Fusion: out of frame  {TMPRSS2:ERG}	NA
EVT-P-0063222-T01-IM7-818	P-0063222-T01-IM7		Prostate Cancer	PRAD	TMPRSS2-ERG	TMPRSS2	in-frame	three_prime	39893842	1	1	True	1	True	exact match	retained	1.0	False	Ets-domain			TMPRSS2 (NM_001135099) - ERG (NM_004449) fusion: c.127-503:TMPRSS2_c.39+53744:ERGdel | Protein Fusion: in frame  {TMPRSS2:ERG}	NA
EVT-P-0063582-T01-IM7-819	P-0063582-T01-IM7		Prostate Cancer	PRAD	TMPRSS2-ERG	TMPRSS2	in-frame	three_prime	39877640	1	1	True	1	True	exact match	retained	1.0	False	Ets-domain			TMPRSS2 (NM_001135099) - ERG (NM_004449) fusion: c.127-1492:TMPRSS2_c.40-60096:ERGdel | Protein Fusion: in frame  {TMPRSS2:ERG}	NA
EVT-P-0063590-T01-IM7-820	P-0063590-T01-IM7		Prostate Cancer	PRAD	TMPRSS2-ERG	TMPRSS2	in-frame	three_prime	39839375	2	7	True	7	True	exact match	retained	1.0	False	Ets-domain			TMPRSS2 (NM_001135099) - ERG (NM_182918) fusion: c.127-1521:TMPRSS2_c.19-21831:ERGdel | Protein Fusion: in frame  {TMPRSS2:ERG}	NA
EVT-P-0063708-T01-IM7-821	P-0063708-T01-IM7		Prostate Cancer	PRAD	TMPRSS2-ERG	TMPRSS2	in-frame	three_prime	39852169	2	7	True	7	True	exact match	retained	1.0	False	Ets-domain			TMPRSS2 (NM_001135099) - ERG (NM_182918) fusion: c.127-1213:TMPRSS2_c.18+18118:ERGdel | Protein Fusion: in frame  {TMPRSS2:ERG}	NA
EVT-P-0063894-T01-IM7-822	P-0063894-T01-IM7		Prostate Cancer	PRAD	TMPRSS2-ERG	TMPRSS2	in-frame	three_prime	39849990	2	7	True	7	True	exact match	retained	1.0	False	Ets-domain			TMPRSS2 (NM_001135099) - ERG (NM_182918) fusion: c.127-1336:TMPRSS2_c.18+20297:ERGdel | Protein Fusion: in frame  {TMPRSS2:ERG}	NA
EVT-P-0064154-T01-IM7-823	P-0064154-T01-IM7		Prostate Cancer	PRAD	TMPRSS2-ERG	TMPRSS2	out-of-frame	three_prime	39876198	1	1	True	1	True	exact match	retained	1.0	False	Ets-domain			TMPRSS2 (NM_001135099) - ERG (NM_004449) fusion: c.56-2333:TMPRSS2_c.40-58654:ERGdel | Protein Fusion: out of frame  {TMPRSS2:ERG}	NA
EVT-P-0064394-T01-IM7-824	P-0064394-T01-IM7		Prostate Cancer	PRAD	TMPRSS2-ERG	TMPRSS2	in-frame	three_prime	39819835	2	7	True	7	True	exact match	retained	1.0	False	Ets-domain			TMPRSS2 (NM_001135099) - ERG (NM_182918) fusion: c.127-1312:TMPRSS2_c.19-2291:ERGdel | Protein Fusion: in frame  {TMPRSS2:ERG}	NA
EVT-P-0001876-T05-IM7-825	P-0001876-T05-IM7		Prostate Cancer	PRAD	TMPRSS2-ERG	TMPRSS2	out-of-frame	three_prime	39810725	3	79	True	79	True	exact match	retained	1.0	False	Ets-domain			TMPRSS2 (NM_001135099) - ERG (NM_182918) fusion: c.56-498:TMPRSS2_c.236+6602:ERGdel | Protein Fusion: out of frame  {TMPRSS2:ERG}	NA
EVT-P-0064458-T01-IM7-826	P-0064458-T01-IM7		Prostate Cancer	PRAD	TMPRSS2-ERG	TMPRSS2	out-of-frame	three_prime	39926092	1	1	True	1	True	exact match	retained	1.0	False	Ets-domain			TMPRSS2 (NM_001135099) - ERG (NM_004449) fusion: c.55+3633:TMPRSS2_c.39+21494:ERGdel | Protein Fusion: out of frame  {TMPRSS2:ERG}	NA
EVT-P-0064546-T01-IM7-827	P-0064546-T01-IM7		Prostate Cancer	PRAD	TMPRSS2-ERG	TMPRSS2	out-of-frame	three_prime	39834314	2	7	True	7	True	exact match	retained	1.0	False	Ets-domain			TMPRSS2 (NM_001135099) - ERG (NM_182918) fusion: c.55+3899:TMPRSS2_c.19-16770:ERGdel | Protein Fusion: out of frame  {TMPRSS2:ERG}	NA
EVT-P-0064547-T01-IM7-828	P-0064547-T01-IM7		Prostate Cancer	PRAD	TMPRSS2-ERG	TMPRSS2	out-of-frame	three_prime	39831448	2	7	True	7	True	exact match	retained	1.0	False	Ets-domain			TMPRSS2 (NM_001135099) - ERG (NM_182918) fusion: c.55+4769:TMPRSS2_c.19-13904:ERGdel | Protein Fusion: out of frame  {TMPRSS2:ERG}	NA
EVT-P-0031449-T01-IM6-829	P-0031449-T01-IM6		Prostate Cancer	PRAD	TMPRSS2-ERG	TMPRSS2	out-of-frame	three_prime	39879996	1	1	True	1	True	exact match	retained	1.0	False	Ets-domain			TMPRSS2 (NM_001135099) - ERG (NM_004449) Fusion (fTMPRSS2 exon 1 with ERG exons 4-10): c.55+3413:TMPRSS2_c.c.40-62452:ERGdel | Protein Fusion: out of frame  {TMPRSS2:ERG}	NA
EVT-P-0001694-T02-IM6-830	P-0001694-T02-IM6		Prostate Cancer	PRAD	TMPRSS2-ERG	TMPRSS2	out-of-frame	three_prime	39865084	2	7	True	7	True	exact match	retained	1.0	False	Ets-domain			TMPRSS2 (NM_001135099) - ERG (NM_182918) fusiont: c.56-2323:TMPRSS2_c.18+5203:ERGdel | Protein Fusion: out of frame  {TMPRSS2:ERG}	NA
EVT-P-0065216-T01-IM7-831	P-0065216-T01-IM7		Prostate Cancer	PRAD	TMPRSS2-ERG	TMPRSS2	out-of-frame	three_prime	39935376	1	1	True	1	True	exact match	retained	1.0	False	Ets-domain			TMPRSS2 (NM_001135099) - ERG (NM_004449) fusion: c.56-206:TMPRSS2_c.39+12210:ERGdel | Protein Fusion: out of frame  {TMPRSS2:ERG}	NA
EVT-P-0065246-T01-IM7-832	P-0065246-T01-IM7		Prostate Cancer	PRAD	TMPRSS2-ERG	TMPRSS2	out-of-frame	three_prime	39844276	2	7	True	7	True	exact match	retained	1.0	False	Ets-domain			TMPRSS2 (NM_001135099) - ERG (NM_182918) fusion: c.56-3354:TMPRSS2_c.18+26011:ERGdel | Protein Fusion: out of frame  {TMPRSS2:ERG}	NA
EVT-P-0065269-T01-IM7-833	P-0065269-T01-IM7		Prostate Cancer	PRAD	TMPRSS2-ERG	TMPRSS2	out-of-frame	three_prime	39806325	3	79	True	79	True	exact match	retained	1.0	False	Ets-domain			TMPRSS2 (NM_001135099) - ERG (NM_182918) fusion: c.56-2153:TMPRSS2_c.237-10842:ERGdel | Protein Fusion: out of frame  {TMPRSS2:ERG}	NA
EVT-P-0065407-T01-IM7-834	P-0065407-T01-IM7		Prostate Cancer	PRAD	TMPRSS2-ERG	TMPRSS2	in-frame	three_prime	39865598	2	7	True	7	True	exact match	retained	1.0	False	Ets-domain			TMPRSS2 (NM_001135099) - ERG (NM_182918) fusion: c.127-127:TMPRSS2_c.18+4689:ERGdel | Protein Fusion: in frame  {TMPRSS2:ERG}	NA
EVT-P-0065554-T01-IM7-835	P-0065554-T01-IM7		Prostate Cancer	PRAD	TMPRSS2-ERG	TMPRSS2	in-frame	three_prime	39882468	1	1	True	1	True	exact match	retained	1.0	False	Ets-domain			TMPRSS2 (NM_001135099) - ERG (NM_004449) fusion: c.127-1707:TMPRSS2_c.40-64924:ERGdel | Protein Fusion: in frame  {TMPRSS2:ERG}	NA
EVT-P-0032352-T01-IM6-836	P-0032352-T01-IM6		Prostate Cancer	PRAD	TMPRSS2-ERG	TMPRSS2	in-frame	three_prime	39849794	2	7	True	7	True	exact match	retained	1.0	False	Ets-domain			TMPRSS2 (NM_001135099) - ERG (NM_182918) fusion (TMPRSS2 exons 1-2 fused with ERG exons 2-10): c.126+414:TMPRSS2_c.18+20493:ERG | Protein Fusion: in frame  {TMPRSS2:ERG}	NA
EVT-P-0065845-T01-IM7-837	P-0065845-T01-IM7		Prostate Cancer	PRAD	TMPRSS2-ERG	TMPRSS2	out-of-frame	three_prime	39854043	2	7	True	7	True	exact match	retained	1.0	False	Ets-domain			TMPRSS2 (NM_001135099) - ERG (NM_182918) fusion: c.56-3866:TMPRSS2_c.18+16244:ERGdel | Protein Fusion: out of frame  {TMPRSS2:ERG}	NA
EVT-P-0065869-T01-IM7-838	P-0065869-T01-IM7		Prostate Cancer	PRAD	TMPRSS2-ERG	TMPRSS2	in-frame	three_prime	39831304	2	7	True	7	True	exact match	retained	1.0	False	Ets-domain			TMPRSS2 (NM_001135099) - ERG (NM_182918) fusion: c.126+691:TMPRSS2_c.19-13760:ERGdel | Protein Fusion: in frame  {TMPRSS2:ERG}	NA
EVT-P-0066052-T01-IM7-839	P-0066052-T01-IM7		Prostate Cancer	PRAD	TMPRSS2-ERG	TMPRSS2	out-of-frame	three_prime	39860896	2	7	True	7	True	exact match	retained	1.0	False	Ets-domain			TMPRSS2 (NM_001135099) - ERG (NM_182918) fusion: c.55+4199:TMPRSS2_c.18+9391:ERGdel | Protein Fusion: out of frame  {TMPRSS2:ERG}	NA
EVT-P-0066217-T02-IM7-840	P-0066217-T02-IM7		Prostate Cancer	PRAD	TMPRSS2-ERG	TMPRSS2	out-of-frame	three_prime	39822667	2	7	True	7	True	exact match	retained	1.0	False	Ets-domain			TMPRSS2 (NM_001135099) - ERG (NM_182918) fusion: c.55+4551:TMPRSS2_c.19-5123:ERGdel | Protein Fusion: out of frame  {TMPRSS2:ERG}	NA
EVT-P-0066255-T01-IM7-841	P-0066255-T01-IM7		Prostate Cancer	PRAD	TMPRSS2-ERG	TMPRSS2	out-of-frame	three_prime	39857386	2	7	True	7	True	exact match	retained	1.0	False	Ets-domain			TMPRSS2 (NM_001135099) - ERG (NM_182918) fusion: c.55+4834:TMPRSS2_c.18+12901:ERGdel | Protein Fusion: out of frame  {TMPRSS2:ERG}	NA
EVT-P-0033300-T02-IM6-843	P-0033300-T02-IM6		Prostate Cancer	PRAD	TMPRSS2-ERG	TMPRSS2	out-of-frame	three_prime	39830404	2	7	True	7	True	exact match	retained	1.0	False	Ets-domain			TMPRSS2 (NM_001135099) - ERG (NM_182918) rearrangement: c.55+1125:TMPRSS2_c.19-12860:ERGdel | Protein Fusion: out of frame  {TMPRSS2:ERG}	NA
EVT-P-0066733-T01-IM7-844	P-0066733-T01-IM7		Prostate Cancer	PRAD	TMPRSS2-ERG	TMPRSS2	in-frame	three_prime	39860642	2	7	True	7	True	exact match	retained	1.0	False	Ets-domain			TMPRSS2 (NM_001135099) - ERG (NM_182918) fusion: c.126+1659:TMPRSS2_c.18+9645:ERGdel | Protein Fusion: in frame  {TMPRSS2:ERG}	NA
EVT-P-0066737-T01-IM7-845	P-0066737-T01-IM7		Prostate Cancer	PRAD	TMPRSS2-ERG	TMPRSS2	in-frame	three_prime	39885930	1	1	True	1	True	exact match	retained	1.0	False	Ets-domain			TMPRSS2 (NM_001135099) - ERG (NM_004449) fusion: c.126+1410:TMPRSS2_c.39+61656:ERGdel | Protein Fusion: in frame  {TMPRSS2:ERG}	NA
EVT-P-0066769-T01-IM7-846	P-0066769-T01-IM7		Prostate Cancer	PRAD	TMPRSS2-ERG	TMPRSS2	in-frame	three_prime	39874991	1	1	True	1	True	exact match	retained	1.0	False	Ets-domain			TMPRSS2 (NM_001135099)  -ERG ()rearrangement: c.126+117:TMPRSS2_c.40-57447:ERGdel | Protein Fusion: in frame  {TMPRSS2:ERG}	NA
EVT-P-0066853-T01-IM7-847	P-0066853-T01-IM7		Prostate Cancer	PRAD	TMPRSS2-ERG	TMPRSS2	in-frame	three_prime	39865400	2	7	True	7	True	exact match	retained	1.0	False	Ets-domain			TMPRSS2 (NM_001135099) - ERG (NM_182918) fusion: c.126+1527:TMPRSS2_c.18+4887:ERGdel | Protein Fusion: in frame  {TMPRSS2:ERG}	NA
EVT-P-0067290-T01-IM7-849	P-0067290-T01-IM7		Prostate Cancer	PRAD	TMPRSS2-ERG	TMPRSS2	out-of-frame	three_prime	39906782	1	1	True	1	True	exact match	retained	1.0	False	Ets-domain			TMPRSS2 (NM_001135099) - ERG (NM_004449) fusion: c.56-3019:TMPRSS2_c.39+40804:ERGdel | Protein Fusion: out of frame  {TMPRSS2:ERG}	NA
EVT-P-0067318-T01-IM7-850	P-0067318-T01-IM7		Prostate Cancer	PRAD	TMPRSS2-ERG	TMPRSS2	in-frame	three_prime	39877052	1	1	True	1	True	exact match	retained	1.0	False	Ets-domain			TMPRSS2 (NM_001135099) - ERG (NM_004449) fusion: c.127-181:TMPRSS2_c.40-59508:ERGdel | Protein Fusion: in frame  {TMPRSS2:ERG}	NA
EVT-P-0067365-T01-IM7-851	P-0067365-T01-IM7		Prostate Cancer	PRAD	TMPRSS2-ERG	TMPRSS2	out-of-frame	three_prime	39844171	2	7	True	7	True	exact match	retained	1.0	False	Ets-domain			TMPRSS2 (NM_001135099) - ERG (NM_182918) fusion: c.55+4028:TMPRSS2_c.18+26116:ERGdel | Protein Fusion: out of frame  {TMPRSS2:ERG}	NA
EVT-P-0000675-T04-IM7-852	P-0000675-T04-IM7		Prostate Cancer	PRAD	TMPRSS2-ERG	TMPRSS2	out-of-frame	three_prime	39860227	2	7	True	7	True	exact match	retained	1.0	False	Ets-domain			TMPRSS2 (NM_001135099) - ERG (NM_182918) fusion: c.56-132:TMPRSS2_c.18+10060:ERGdel | Protein Fusion: out of frame  {TMPRSS2:ERG}	NA
EVT-P-0067541-T02-IM7-853	P-0067541-T02-IM7		Prostate Cancer	PRAD	TMPRSS2-ERG	TMPRSS2	out-of-frame	three_prime	39848100	2	7	True	7	True	exact match	retained	1.0	False	Ets-domain			TMPRSS2 (NM_001135099) - ERG (NM_182918) fusion: c.55+1971:TMPRSS2_c.18+22187:ERGdel | Protein Fusion: out of frame  {TMPRSS2:ERG}	NA
EVT-P-0067735-T01-IM7-854	P-0067735-T01-IM7		Prostate Cancer	PRAD	TMPRSS2-ERG	TMPRSS2	unknown	three_prime	39872791	1	1	True	1	True	exact match	retained	1.0	False	Ets-domain			TMPRSS2 (NM_001135099) - ERG (NM_004449) fusion: c.127-1713:TMPRSS2_c.40-55247:ERGdel | Transcript Fusion {TMPRSS2:ERG}	NA
EVT-P-0067989-T01-IM7-855	P-0067989-T01-IM7		Prostate Cancer	PRAD	TMPRSS2-ERG	TMPRSS2	out-of-frame	three_prime	39884552	1	1	True	1	True	exact match	retained	1.0	False	Ets-domain			TMPRSS2 (NM_001135099) - ERG (NM_004449) fusion: c.56-1452:TMPRSS2_c.39+63034:ERGdel | Protein Fusion: out of frame  {TMPRSS2:ERG}	NA
EVT-P-0068539-T01-IM7-856	P-0068539-T01-IM7		Prostate Cancer	PRAD	TMPRSS2-ERG	TMPRSS2	out-of-frame	three_prime	39861512	2	7	True	7	True	exact match	retained	1.0	False	Ets-domain			TMPRSS2 (NM_001135099) - ERG (NM_182918) fusion: c.56-3454:TMPRSS2_c.18+8775:ERGdel | Protein Fusion: out of frame  {TMPRSS2:ERG}	NA
EVT-P-0068632-T01-IM7-857	P-0068632-T01-IM7		Prostate Cancer	PRAD	TMPRSS2-ERG	TMPRSS2	out-of-frame	three_prime	39875840	1	1	True	1	True	exact match	retained	1.0	False	Ets-domain			TMPRSS2 (NM_001135099) - ERG (NM_004449) fusion: c.55+4025:TMPRSS2_c.40-58296:ERGdel | Protein Fusion: out of frame  {TMPRSS2:ERG}	NA
EVT-P-0059855-T02-IM7-859	P-0059855-T02-IM7		Prostate Cancer	PRAD	TMPRSS2-ERG	TMPRSS2	out-of-frame	three_prime	39865680	2	7	True	7	True	exact match	retained	1.0	False	Ets-domain			TMPRSS2 (NM_001135099) - ERG (NM_182918) fusion: c.55+2848:TMPRSS2_c.18+4607:ERGdel | Protein Fusion: out of frame  {TMPRSS2:ERG}	NA
EVT-P-0045358-T01-IM6-860	P-0045358-T01-IM6		Prostate Cancer	PRAD	TMPRSS2-ERG	TMPRSS2	out-of-frame	three_prime	39799430	3	79	True	79	True	exact match	retained	1.0	False	Ets-domain			TMPRSS2 (NM_001135099) - ERG (NM_182918) fusion: c.56-3497:TMPRSS2_c.237-3947:ERGdel | Protein Fusion: out of frame  {TMPRSS2:ERG}	NA
EVT-P-0050289-T01-IM6-861	P-0050289-T01-IM6		Prostate Cancer	PRAD	TMPRSS2-ERG	TMPRSS2	out-of-frame	three_prime	39876747	1	1	True	1	True	exact match	retained	1.0	False	Ets-domain			TMPRSS2 (NM_001135099) - ERG (NM_004449) rearrangement: c.56-2621:TMPRSS2_c.40-59203:ERGdel | Protein Fusion: out of frame  {TMPRSS2:ERG}	NA
EVT-P-0041466-T01-IM6-862	P-0041466-T01-IM6		Breast Cancer	IDC	TNK1-ERG	TNK1	unknown	three_prime	39795493	3	79	True	79	True	exact match	retained	1.0	False	Ets-domain			TNK1 (NM_001251902) - ERG (NM_182918) rearrangement: t(17;21)(p13.1;q22.2)(chr17:g.7286632::chr21:g.39795493) | Protein Fusion: mid-exon  {TNK1:ERG}	NA
EVT-P-0062512-T01-IM7-863	P-0062512-T01-IM7		Breast Cancer	IDC	UBASH3A-ERG	UBASH3A	unknown	three_prime	39775548	4	158	False	158	True	exact match	retained	1.0	False	Ets-domain			UBASH3A (NM_001001895) - ERG (NM_182918) rearrangement: c.554-785:UBASH3A_c.472:ERGinv | Protein Fusion: mid-exon  {UBASH3A:ERG}	NA
