event_id	sample_id	patient_id	fusion_name	partner_gene	frame_status	target_role	breakpoint_genomic	breakpoint_exon	breakpoint_protein_position	is_intronic_breakpoint	domain_status	domain_retained_fraction	domain_is_truncated	retained_domains	lost_domains	disrupted_domains	source_annotation_text	source_site2_effect_on_frame
EVT-P-0014522-T01-IM6-1	P-0014522-T01-IM6		ABCC4-TMPRSS2	ABCC4	out-of-frame	three_prime	42873289	2	19	True	retained	1.0	False	Trypsin; Scavenger receptor cysteine-rich domain			ABCC4 (NM_005845) -  TMPRSS2 (NM_001135099) Rearrangement : t(13;21)(q32.1;q22.3)(chr13:g.:95689572::chr21:g.42873289) | Protein fusion: out of frame (ABCC4-TMPRSS2)	NA
EVT-P-0043583-T01-IM6-2	P-0043583-T01-IM6		ADHFE1-TMPRSS2	ADHFE1	in-frame	three_prime	42875000	2	19	True	retained	1.0	False	Trypsin; Scavenger receptor cysteine-rich domain			ADHFE1 (NM_144650) - TMPRSS2 (NM_001135099) rearrangement: t(8;21)(q13.1;q22.3)(chr8:g.67354656::chr21:g.42875000) | Protein Fusion: in frame  {ADHFE1:TMPRSS2}	NA
EVT-P-0063444-T01-IM7-3	P-0063444-T01-IM7		AIRE-TMPRSS2	AIRE	out-of-frame	three_prime	42861585	4	117	True	retained	1.0	False	Trypsin; Scavenger receptor cysteine-rich domain			AIRE (NM_000383) - TMPRSS2 (NM_001135099) rearrangement: c.1279-222:AIRE_c.350-65:TMPRSS2inv | Protein Fusion: out of frame  {AIRE:TMPRSS2}	NA
EVT-P-0054154-T01-IM6-5	P-0054154-T01-IM6		BACH1-TMPRSS2	BACH1	in-frame	three_prime	42866728	3	43	True	retained	1.0	False	Trypsin; Scavenger receptor cysteine-rich domain			BACH1 (NM_001186) - TMPRSS2 (NM_001135099) rearrangement: c.1776+883:BACH1_c.127-223:TMPRSS2inv | Protein Fusion: in frame  {BACH1:TMPRSS2}	NA
EVT-P-0069200-T01-IM7-6	P-0069200-T01-IM7		BRCA2-TMPRSS2	BRCA2	unknown	three_prime	42866350	3	94	False	retained	1.0	False	Trypsin; Scavenger receptor cysteine-rich domain			BRCA2 (NM_000059) - TMPRSS2 (NM_001135099) rearrangement: t(13;21)(q13.1;q22.3)(chr13:g.32945390::chr21:g.42866350) | Protein Fusion: mid-exon  {BRCA2:TMPRSS2}	NA
EVT-P-0061268-T01-IM7-7	P-0061268-T01-IM7		C2CD2-TMPRSS2	C2CD2	in-frame	three_prime	42867076	3	43	True	retained	1.0	False	Trypsin; Scavenger receptor cysteine-rich domain			C2CD2 (NM_015500) - TMPRSS2 (NM_001135099) rearrangement: c.280-4023:C2CD2_c.127-571:TMPRSS2del | Protein Fusion: in frame  {C2CD2:TMPRSS2}	NA
EVT-P-0058455-T01-IM6-8	P-0058455-T01-IM6		CHAF1B-TMPRSS2	CHAF1B	in-frame	three_prime	42873246	2	19	True	retained	1.0	False	Trypsin; Scavenger receptor cysteine-rich domain			CHAF1B (NM_005441) - TMPRSS2 (NM_001135099) rearrangement: c.482-305:CHAF1B_c.56-3130:TMPRSS2inv | Protein Fusion: in frame  {CHAF1B:TMPRSS2}	NA
EVT-P-0000449-T02-IM5-10	P-0000449-T02-IM5		DSCAM-TMPRSS2	DSCAM	out-of-frame	five_prime	42851224	6	228	True	lost	0.0	False		Trypsin	Scavenger receptor cysteine-rich domain	TMPRSS2 (NM_001135099) - DSCAM (NM_001389) rearrangement: c.684-15:TMPRSS2_c.509-91895:DSCAMdel | Protein fusion: out of frame (TMPRSS2-DSCAM)	NA
EVT-P-0005459-T01-IM5-11	P-0005459-T01-IM5		DSCAM-TMPRSS2	DSCAM	out-of-frame	five_prime	42867909	2	42	True	lost	0.0	False		Trypsin; Scavenger receptor cysteine-rich domain		TMPRSS2 (NM_001135099) - DSCAM (NM_001389) Rearrangement : c.127-1404:TMPRSS2 _c.3562+3890:DSCAMdel | Protein fusion: out of frame (TMPRSS2-DSCAM)	NA
EVT-P-0063060-T02-IM7-12	P-0063060-T02-IM7		ELAPOR1-TMPRSS2	ELAPOR1	in-frame	three_prime	42867232	3	43	True	retained	1.0	False	Trypsin; Scavenger receptor cysteine-rich domain			KIAA1324 (NM_020775) - TMPRSS2 (NM_001135099) rearrangement: t(1;21)(p13.3;q22.3)(chr1:g.109667031::chr21:g.42867232) | Protein Fusion: in frame  {KIAA1324:TMPRSS2}	NA
EVT-P-0065940-T01-IM7-13	P-0065940-T01-IM7		ENPP6-TMPRSS2	ENPP6	out-of-frame	three_prime	42873641	2	19	True	retained	1.0	False	Trypsin; Scavenger receptor cysteine-rich domain			ENPP6 (NM_153343) - TMPRSS2 (NM_001135099) rearrangement: t(4;21)(q35.1;q22.3)(chr4:g.185022680::chr21:g.42873641) | Protein Fusion: out of frame  {ENPP6:TMPRSS2}	NA
EVT-P-0012132-T02-IM6-14	P-0012132-T02-IM6		ERG-TMPRSS2	ERG	in-frame	five_prime	42868521	2	42	True	lost	0.0	False		Trypsin; Scavenger receptor cysteine-rich domain		TMPRSS2 (NM_001135099) - ERG (NM_182918) fusion (TMPRRS2 exons 1-2 fused to ERG exons 2-10): c.126+1525:TMPRSS2_c.18+2872:ERGdel | Protein Fusion: in frame  {TMPRSS2:ERG}	NA
EVT-P-0017312-T01-IM6-15	P-0017312-T01-IM6		ERG-TMPRSS2	ERG	in-frame	five_prime	42868523	2	42	True	lost	0.0	False		Trypsin; Scavenger receptor cysteine-rich domain		TMPRSS2 (NM_001135099) - ERG (NM_182918) Fusion (TMPRSS2 exon2 with ERG exon 2) : c.126+1523:TMPRSS2_c.18+7805:ERGdel | Protein Fusion: in frame  {TMPRSS2:ERG}	NA
EVT-P-0036545-T01-IM6-16	P-0036545-T01-IM6		ERG-TMPRSS2	ERG	out-of-frame	five_prime	42870580	1	19	True	lost	0.0	False		Trypsin; Scavenger receptor cysteine-rich domain		TMPRSS2 (NM_001135099) - ERG (NM_004449) fusion: c.56-464:TMPRSS2_c.40-59641:ERGdel | Protein Fusion: out of frame  {TMPRSS2:ERG}	NA
EVT-P-0006815-T01-IM5-17	P-0006815-T01-IM5		ERG-TMPRSS2	ERG	unknown	five_prime	42875044	1	19	True	lost	0.0	False		Trypsin; Scavenger receptor cysteine-rich domain		TMPRSS2 (NM_001135099) -ERG (NM_004449) Fusion (TMPRSS2 exon 1 fused with ERG exon 2) :  c.55+4833:TMPRSS2_c.-150+8005:ERGdel | Transcript fusion (TMPRSS2-ERG)	NA
EVT-P-0064796-T01-IM7-18	P-0064796-T01-IM7		ERG-TMPRSS2	ERG	unknown	three_prime	42838080	14	527	False	lost	0.0	False		Trypsin; Scavenger receptor cysteine-rich domain		ERG (NM_182918) - TMPRSS2 (NM_001135099) rearrangement: c.18+10758:ERG_c.1579:TMPRSS2dup | Protein Fusion: mid-exon  {ERG:TMPRSS2}	NA
EVT-P-0001242-T05-IM6-20	P-0001242-T05-IM6		ERG-TMPRSS2	ERG	in-frame	five_prime	42867993	2	42	True	lost	0.0	False		Trypsin; Scavenger receptor cysteine-rich domain		TMPRSS2 (NM_001135099) - ERG (NM_182918) fusion (TMPRSS2 exon 1-2 with ERG exons 2-10) : c.127-1488:TMPRSS2_c.18+9956:ERGdel | Protein Fusion: in frame  {TMPRSS2:ERG}	NA
EVT-P-0001697-T02-IM3-21	P-0001697-T02-IM3		ERG-TMPRSS2	ERG	out-of-frame	five_prime	42872306	1	19	True	lost	0.0	False		Trypsin; Scavenger receptor cysteine-rich domain		NA | Protein fusion: out of frame (TMPRSS2-ERG)	NA
EVT-P-0001698-T01-IM3-22	P-0001698-T01-IM3		ERG-TMPRSS2	ERG	out-of-frame	five_prime	42874789	1	19	True	lost	0.0	False		Trypsin; Scavenger receptor cysteine-rich domain		TMPRSS2 (NM_001135099) - ERG (NM_182918) Deletion (3032220  bp):(TMRPSS2:c.56-4673_ERG:c.19-25025del) | Protein fusion: out of frame (TMPRSS2-ERG)	NA
EVT-P-0018798-T01-IM6-23	P-0018798-T01-IM6		ERG-TMPRSS2	ERG	out-of-frame	five_prime	42872271	1	19	True	lost	0.0	False		Trypsin; Scavenger receptor cysteine-rich domain		TMPRSS2 (NM_001135099) - ERG (NM_182918) fusion (TMPRRS2 exon 1 fused to ERG exons 2-10): c.56-2155:TMPRSS2_c.19-19621:ERGdel | Protein Fusion: out of frame  {TMPRSS2:ERG}	NA
EVT-P-0001776-T01-IM3-24	P-0001776-T01-IM3		ERG-TMPRSS2	ERG	in-frame	three_prime	42869980	3	43	True	retained	1.0	False	Trypsin; Scavenger receptor cysteine-rich domain			NA | Protein fusion: in frame (ERG-TMPRSS2)	NA
EVT-P-0001845-T01-IM3-25	P-0001845-T01-IM3		ERG-TMPRSS2	ERG	in-frame	five_prime	42867131	2	42	True	lost	0.0	False		Trypsin; Scavenger receptor cysteine-rich domain		TMPRSS2 (NM_001135099) - ERG (NM_182918) Deletion (2939631bp):  (TMRPSS2:c.127-626_ERG:c.39+20086del) | Protein fusion: in frame (TMPRSS2-ERG)	NA
EVT-P-0001876-T02-IM5-26	P-0001876-T02-IM5		ERG-TMPRSS2	ERG	out-of-frame	five_prime	42870613	1	19	True	lost	0.0	False		Trypsin; Scavenger receptor cysteine-rich domain		TMPRSS2 (NM_001135099) - ERG (NM_182918) fusion (Exon 1 of TMPRSS2 fused to exons 5-10 of ERG): c.236+6602:ERG_c.56-497:TMPRSS2del | Protein fusion: out of frame (TMPRSS2-ERG)	NA
EVT-P-0001876-T03-IM5-27	P-0001876-T03-IM5		ERG-TMPRSS2	ERG	out-of-frame	five_prime	42870613	1	19	True	lost	0.0	False		Trypsin; Scavenger receptor cysteine-rich domain		TMPRSS2 (NM_001135099) - ERG (NM_182918) fusion (Exon 1 of TMPRSS2 fused to exons 5-10 of ERG): c.56-497:TMPRSS2_c.236+6602:ERGdel | Protein fusion: out of frame (TMPRSS2-ERG)	NA
EVT-P-0001242-T04-IM6-28	P-0001242-T04-IM6		ERG-TMPRSS2	ERG	in-frame	five_prime	42867993	2	42	True	lost	0.0	False		Trypsin; Scavenger receptor cysteine-rich domain		TMPRSS2 (NM_001135099) - ERG (NM_182918) fusion (TMPRSS2 exon 1-2 with ERG exons 2-10) : c.127-1488:TMPRSS2_c.18+9956:ERGdel | Protein Fusion: in frame  {TMPRSS2:ERG}	NA
EVT-P-0002101-T02-IM6-30	P-0002101-T02-IM6		ERG-TMPRSS2	ERG	out-of-frame	five_prime	42870909	1	19	True	lost	0.0	False		Trypsin; Scavenger receptor cysteine-rich domain		TMPRSS2 (NM_001135099) - ERG (NM_004449) fusion (TMPRRS2 exon 1 fused to ERG exons 4-11):c.56-793:TMPRSS2_c.39+51472:ERGdel | Protein Fusion: out of frame  {TMPRSS2:ERG}	NA
EVT-P-0001242-T03-IM5-31	P-0001242-T03-IM5		ERG-TMPRSS2	ERG	in-frame	five_prime	42867992	2	42	True	lost	0.0	False		Trypsin; Scavenger receptor cysteine-rich domain		TMPRSS2 (NM_001135099) -ERG (NM_182918) Fusion (TMPRSS2 exons 1 to 2 fused with ERG exons 2 to 10)  :  c.127-1487:TMPRSS2_c.18+9956:ERGdel | Protein fusion: in frame (TMPRSS2-ERG)	NA
EVT-P-0002149-T02-IM3-32	P-0002149-T02-IM3		ERG-TMPRSS2	ERG	in-frame	five_prime	42868376	2	42	True	lost	0.0	False		Trypsin; Scavenger receptor cysteine-rich domain		TMPRSS2 (NM_001135099) - ERG (NM_182918) Deletion :  c.126+1670:TMPRSS2_c.18+2482:ERGdel | Protein fusion: in frame (TMPRSS2-ERG)	NA
EVT-P-0002206-T01-IM3-33	P-0002206-T01-IM3		ERG-TMPRSS2	ERG	in-frame	five_prime	42869351	2	42	True	lost	0.0	False		Trypsin; Scavenger receptor cysteine-rich domain		NA | Protein fusion: in frame (TMPRSS2-ERG)	NA
EVT-P-0002296-T01-IM3-35	P-0002296-T01-IM3		ERG-TMPRSS2	ERG	out-of-frame	five_prime	42877394	1	19	True	lost	0.0	False		Trypsin; Scavenger receptor cysteine-rich domain		TMPRSS2 (NM_001135099) - ERG (NM_182918) Deletion :  c.55+2483:TMPRSS2_c.18+2362:ERGdel | Protein fusion: out of frame (TMPRSS2-ERG)	NA
EVT-P-0002364-T01-IM3-36	P-0002364-T01-IM3		ERG-TMPRSS2	ERG	out-of-frame	five_prime	42872677	1	19	True	lost	0.0	False		Trypsin; Scavenger receptor cysteine-rich domain		NA | Protein fusion: out of frame (TMPRSS2-ERG)	NA
EVT-P-0002372-T02-IM6-37	P-0002372-T02-IM6		ERG-TMPRSS2	ERG	out-of-frame	five_prime	42872815	1	19	True	lost	0.0	False		Trypsin; Scavenger receptor cysteine-rich domain		TMPRSS2 (NM_001135099) - ERG (NM_004449) fusion: c.56-2699:TMPRSS2_c.40-60926:ERGdel | Protein Fusion: out of frame  {TMPRSS2:ERG}	NA
EVT-P-0002375-T01-IM3-38	P-0002375-T01-IM3		ERG-TMPRSS2	ERG	out-of-frame	five_prime	42870585	1	19	True	lost	0.0	False		Trypsin; Scavenger receptor cysteine-rich domain		NA | Protein fusion: out of frame (TMPRSS2-ERG)	NA
EVT-P-0002375-T02-IM6-39	P-0002375-T02-IM6		ERG-TMPRSS2	ERG	out-of-frame	five_prime	42870586	1	19	True	lost	0.0	False		Trypsin; Scavenger receptor cysteine-rich domain		TMPRSS2 (NM_001135099) - ERG (NM_182918) rearrangement: c.56-470:TMPRSS2_c.19-14125:ERGdel | Protein Fusion: out of frame  {TMPRSS2:ERG}	NA
EVT-P-0002397-T01-IM3-40	P-0002397-T01-IM3		ERG-TMPRSS2	ERG	out-of-frame	five_prime	42877364	1	19	True	lost	0.0	False		Trypsin; Scavenger receptor cysteine-rich domain		TMPRSS2 (NM_001135099) - ERG (NM_182918) Deletion :  c.55+2513:TMPRSS2_c.237-5242:ERGdel | Protein fusion: out of frame (TMPRSS2-ERG)	NA
EVT-P-0059191-T01-IM7-41	P-0059191-T01-IM7		ERG-TMPRSS2	ERG	out-of-frame	three_prime	42861642	4	117	True	retained	1.0	False	Trypsin; Scavenger receptor cysteine-rich domain			ERG (NM_182918) - TMPRSS2 (NM_001135099) rearrangement: c.18+2242:ERG_c.350-122:TMPRSS2dup | Protein Fusion: out of frame  {ERG:TMPRSS2}	NA
EVT-P-0001141-T01-IM3-42	P-0001141-T01-IM3		ERG-TMPRSS2	ERG	out-of-frame	five_prime	42878671	1	19	True	lost	0.0	False		Trypsin; Scavenger receptor cysteine-rich domain		TMPRSS2 (NM_001135099) - ERG (NM_182918) Deletion (3028438bp):  (TMRPSS2:c.55+1206_ERG:c.18+20054del) | Protein fusion: out of frame (TMPRSS2-ERG)	NA
EVT-P-0001128-T01-IM3-44	P-0001128-T01-IM3		ERG-TMPRSS2	ERG	unknown	five_prime	42870060	2	38	False	lost	0.0	False		Trypsin; Scavenger receptor cysteine-rich domain		TMPRSS2 (NM_001135099) - ERG (NM_182918) Deletion (3032278 bp):  c.112_c.19-20238del | Protein fusion: mid-exon (TMPRSS2-ERG)	NA
EVT-P-0002880-T01-IM3-46	P-0002880-T01-IM3		ERG-TMPRSS2	ERG	in-frame	five_prime	42867024	2	42	True	lost	0.0	False		Trypsin; Scavenger receptor cysteine-rich domain		NA | Protein fusion: in frame (TMPRSS2-ERG)	NA
EVT-P-0002894-T01-IM3-47	P-0002894-T01-IM3		ERG-TMPRSS2	ERG	in-frame	five_prime	42868377	2	42	True	lost	0.0	False		Trypsin; Scavenger receptor cysteine-rich domain		NA | Protein fusion: in frame (TMPRSS2-ERG)	NA
EVT-P-0002895-T01-IM3-48	P-0002895-T01-IM3		ERG-TMPRSS2	ERG	out-of-frame	five_prime	42871276	1	19	True	lost	0.0	False		Trypsin; Scavenger receptor cysteine-rich domain		NA | Protein fusion: out of frame (TMPRSS2-ERG)	NA
EVT-P-0002901-T01-IM3-49	P-0002901-T01-IM3		ERG-TMPRSS2	ERG	in-frame	five_prime	42869047	2	42	True	lost	0.0	False		Trypsin; Scavenger receptor cysteine-rich domain		NA | Protein fusion: in frame (TMPRSS2-ERG)	NA
EVT-P-0052718-T01-IM6-50	P-0052718-T01-IM6		ERG-TMPRSS2	ERG	out-of-frame	three_prime	42860588	5	146	True	retained	1.0	False	Trypsin; Scavenger receptor cysteine-rich domain			ERG (NM_182918) - TMPRSS2 (NM_001135099) rearrangement: c.19-20653:ERG_c.437-148:TMPRSS2dup | Protein Fusion: out of frame  {ERG:TMPRSS2}	NA
EVT-P-0025332-T01-IM6-51	P-0025332-T01-IM6		ERG-TMPRSS2	ERG	unknown	five_prime	42875781	1	19	True	lost	0.0	False		Trypsin; Scavenger receptor cysteine-rich domain		TMPRSS2 (NM_001135099) - ERG (NM_004449) fusion (TMPRSS2 exon 1 fused to ERG exons 4-11): c.55+4096:TMPRSS2_c.40-55162:ERGdel | Transcript Fusion {TMPRSS2:ERG}	NA
EVT-P-0051756-T01-IM6-52	P-0051756-T01-IM6		ERG-TMPRSS2	ERG	out-of-frame	three_prime	42871205	2	19	True	retained	1.0	False	Trypsin; Scavenger receptor cysteine-rich domain			ERG (NM_182918) - TMPRSS2 (NM_001135099) rearrangement: c.18+346:ERG_c.56-1089:TMPRSS2dup | Protein Fusion: out of frame  {ERG:TMPRSS2}	NA
EVT-P-0002971-T02-IM5-53	P-0002971-T02-IM5		ERG-TMPRSS2	ERG	out-of-frame	five_prime	42871462	1	19	True	lost	0.0	False		Trypsin; Scavenger receptor cysteine-rich domain		TMPRSS2 (NM_001135099) - ERG (NM_001136154) Fusion  (TMPRSS2 exon 2 fused to ERG exon 4):  c.127-1520:TMPRSS2_c.39+27766:ERGdel | Protein fusion: out of frame (TMPRSS2-ERG)	NA
EVT-P-0002990-T01-IM3-54	P-0002990-T01-IM3		ERG-TMPRSS2	ERG	in-frame	five_prime	42869167	2	42	True	lost	0.0	False		Trypsin; Scavenger receptor cysteine-rich domain		NA | Protein fusion: in frame (TMPRSS2-ERG)	NA
EVT-P-0002990-T02-IM5-55	P-0002990-T02-IM5		ERG-TMPRSS2	ERG	in-frame	five_prime	42869167	2	42	True	lost	0.0	False		Trypsin; Scavenger receptor cysteine-rich domain		TMPRSS2 (NM_001135099) - ERG (NM_004449) fusion (TMPRSS2 exons 1-2 with ERG exons 4-11) : :TMPRSS2_:c.40-63033:ERGdel | Protein fusion: in frame (TMPRSS2-ERG)	NA
EVT-P-0002990-T03-IM6-56	P-0002990-T03-IM6		ERG-TMPRSS2	ERG	in-frame	five_prime	42869167	2	42	True	lost	0.0	False		Trypsin; Scavenger receptor cysteine-rich domain		TMPRSS2 (NM_001135099) -  ERG (NM_004449) Fusion (TMPRSS2 exons 1 to 2 fused to ERG exons 4 to 10) : c.126+879:TMPRSS2_c.40-63033:ERGdel | Protein fusion: in frame (TMPRSS2-ERG)	NA
EVT-P-0003023-T01-IM3-59	P-0003023-T01-IM3		ERG-TMPRSS2	ERG	out-of-frame	five_prime	42874410	1	19	True	lost	0.0	False		Trypsin; Scavenger receptor cysteine-rich domain		NA | Protein fusion: out of frame (TMPRSS2-ERG)	NA
EVT-P-0003052-T01-IM5-60	P-0003052-T01-IM5		ERG-TMPRSS2	ERG	out-of-frame	five_prime	42872061	1	19	True	lost	0.0	False		Trypsin; Scavenger receptor cysteine-rich domain		NA | Protein fusion: out of frame (TMPRSS2-ERG)	NA
EVT-P-0003052-T02-IM6-61	P-0003052-T02-IM6		ERG-TMPRSS2	ERG	out-of-frame	five_prime	42872062	1	19	True	lost	0.0	False		Trypsin; Scavenger receptor cysteine-rich domain		TMPRSS2 (NM_001135099) - ERG (NM_004449) Fusion (TMPRSS2 exons 1-3 fused with ERG exons 4-11): c.56-1945:TMPRSS2_c.40-58204:ERGdel | Protein Fusion: out of frame  {TMPRSS2:ERG}	NA
EVT-P-0003139-T01-IM5-62	P-0003139-T01-IM5		ERG-TMPRSS2	ERG	unknown	five_prime	42866368	3	88	False	lost	0.0	False		Trypsin; Scavenger receptor cysteine-rich domain		NA | Protein fusion: mid-exon (TMPRSS2-ERG)	NA
EVT-P-0003139-T02-IM5-63	P-0003139-T02-IM5		ERG-TMPRSS2	ERG	unknown	five_prime	42866368	3	88	False	lost	0.0	False		Trypsin; Scavenger receptor cysteine-rich domain		TMPRSS2 (NM_001135099) - ERG (NM_004449) fusion (TMPRSS2 exons 1-3 with ERG exons 4-10) : c.264:TMPRSS2_c.40-59220:ERGdel | Protein fusion: mid-exon (TMPRSS2-ERG)	NA
EVT-P-0003226-T01-IM5-64	P-0003226-T01-IM5		ERG-TMPRSS2	ERG	out-of-frame	five_prime	42874729	1	19	True	lost	0.0	False		Trypsin; Scavenger receptor cysteine-rich domain		NA | Protein fusion: out of frame (TMPRSS2-ERG)	NA
EVT-P-0025676-T01-IM6-65	P-0025676-T01-IM6		ERG-TMPRSS2	ERG	out-of-frame	five_prime	42876910	1	19	True	lost	0.0	False		Trypsin; Scavenger receptor cysteine-rich domain		TMPRSS2 (NM_001135099) - ERG (NM_004449) fusion (TMPRRS2 exon 1 fused to ERG exons 4-11):c.55+2967:TMPRSS2_c.39+20578:ERGdel | Protein Fusion: out of frame  {TMPRSS2:ERG}	NA
EVT-P-0003419-T02-IM5-66	P-0003419-T02-IM5		ERG-TMPRSS2	ERG	out-of-frame	five_prime	42877994	1	19	True	lost	0.0	False		Trypsin; Scavenger receptor cysteine-rich domain		c.40-58284:ERG_c.55+1883:TMPRSS2del | Protein fusion: out of frame (TMPRSS2-ERG)	NA
EVT-P-0025319-T01-IM6-67	P-0025319-T01-IM6		ERG-TMPRSS2	ERG	unknown	five_prime	42870723	1	19	True	lost	0.0	False		Trypsin; Scavenger receptor cysteine-rich domain		TMPRSS2 (NM_001135099) - ERG (NM_004449) fusion (TMPRRS2 exon 1 fused to ERG exons 4-11):c.56-607:TMPRSS2_c.40-55236:ERGdel | Transcript Fusion {TMPRSS2:ERG}	NA
EVT-P-0003511-T01-IM5-68	P-0003511-T01-IM5		ERG-TMPRSS2	ERG	out-of-frame	five_prime	42878695	1	19	True	lost	0.0	False		Trypsin; Scavenger receptor cysteine-rich domain		NA | Protein fusion: out of frame (TMPRSS2-ERG)	NA
EVT-P-0003511-T02-IM5-69	P-0003511-T02-IM5		ERG-TMPRSS2	ERG	out-of-frame	five_prime	42878695	1	19	True	lost	0.0	False		Trypsin; Scavenger receptor cysteine-rich domain		TMPRSS2 (NM_001135099) - ERG (NM_182918) fusion (TMPRSS2 exon1 with ERG exons 4-11): c.39+52408:ERG_c.55+1182:TMPRSS2del | Protein fusion: out of frame (TMPRSS2-ERG)	NA
EVT-P-0003511-T03-IM5-70	P-0003511-T03-IM5		ERG-TMPRSS2	ERG	out-of-frame	five_prime	42878695	1	19	True	lost	0.0	False		Trypsin; Scavenger receptor cysteine-rich domain		TMPRSS2 (NM_001135099) - ERG (NM_182918) fusion (TMPRSS2 exon1 with ERG exons 4-11): c.39+52408:ERG_c.55+1182:TMPRSS2del | Protein fusion: out of frame (TMPRSS2-ERG)	NA
EVT-P-0003535-T01-IM5-71	P-0003535-T01-IM5		ERG-TMPRSS2	ERG	out-of-frame	five_prime	42873785	1	19	True	lost	0.0	False		Trypsin; Scavenger receptor cysteine-rich domain		TMPRSS2 (NM_001135099) - ERG (NM_001136154) fusion : c.56-3669:TMPRSS2_c.39+60775:ERGdel | Protein fusion: out of frame (TMPRSS2-ERG)	NA
EVT-P-0003541-T01-IM5-72	P-0003541-T01-IM5		ERG-TMPRSS2	ERG	in-frame	five_prime	42867573	2	42	True	lost	0.0	False		Trypsin; Scavenger receptor cysteine-rich domain		TMPRSS2 (NM_001135099) - ERG (NM_001136154) fusion : c.127-1068:TMPRSS2_c.40-44654:ERGdel | Protein fusion: in frame (TMPRSS2-ERG)	NA
EVT-P-0003592-T01-IM5-73	P-0003592-T01-IM5		ERG-TMPRSS2	ERG	in-frame	five_prime	42866560	2	42	True	lost	0.0	False		Trypsin; Scavenger receptor cysteine-rich domain		TMPRSS2 (NM_001135099) - ERG (NM_001243428) fusion: c.127-55:TMPRSS2_c.40-16879:ERGdel | Protein fusion: in frame (TMPRSS2-ERG)	NA
EVT-P-0003592-T02-IM5-74	P-0003592-T02-IM5		ERG-TMPRSS2	ERG	in-frame	five_prime	42866560	2	42	True	lost	0.0	False		Trypsin; Scavenger receptor cysteine-rich domain		TMPRSS2 (NM_001135099) - ERG (NM_182918) Fusion (TMPRSS2 exon 2 fused to ERG exon 4 ) :  c.127-55:TMPRSS2_c.19-16879:ERGdel | Protein fusion: in frame (TMPRSS2-ERG)	NA
EVT-P-0003597-T01-IM5-75	P-0003597-T01-IM5		ERG-TMPRSS2	ERG	out-of-frame	five_prime	42871994	1	19	True	lost	0.0	False		Trypsin; Scavenger receptor cysteine-rich domain		TMPRSS2 (NM_001135099) - ERG (NM_182918) fusion: c.56-1878:TMPRSS2_c.18+11694:ERGdel | Protein fusion: out of frame (TMPRSS2-ERG)	NA
EVT-P-0003597-T02-IM5-76	P-0003597-T02-IM5		ERG-TMPRSS2	ERG	out-of-frame	five_prime	42871994	1	19	True	lost	0.0	False		Trypsin; Scavenger receptor cysteine-rich domain		TMPRSS2 (NM_001135099) - ERG (NM_182918) fusion: c.56-1878:TMPRSS2_c.18+11694:ERGdel | Protein fusion: out of frame (TMPRSS2-ERG)	NA
EVT-P-0003602-T01-IM5-77	P-0003602-T01-IM5		ERG-TMPRSS2	ERG	out-of-frame	five_prime	42876381	1	19	True	lost	0.0	False		Trypsin; Scavenger receptor cysteine-rich domain		c.55+3496:TMPRSS2_c.39+21260:ERGdel | Protein fusion: out of frame (TMPRSS2-ERG)	NA
EVT-P-0003619-T01-IM5-78	P-0003619-T01-IM5		ERG-TMPRSS2	ERG	in-frame	five_prime	42869579	2	42	True	lost	0.0	False		Trypsin; Scavenger receptor cysteine-rich domain		TMPRSS2 (NM_001135099) - ERG (NM_004449) Fusion (TMPRSS2 exon2 with ERG exons 4-11)  : c.126+467:TMPRSS2_c.39+43704:ERGdel | Protein fusion: in frame (TMPRSS2-ERG)	NA
EVT-P-0003626-T01-IM5-79	P-0003626-T01-IM5		ERG-TMPRSS2	ERG	in-frame	five_prime	42867148	2	42	True	lost	0.0	False		Trypsin; Scavenger receptor cysteine-rich domain		TMPRSS2 (NM_001135099) - ERG (NM_004449) fusion (TMPRSS2 exon 3 fuses with ERG exons 4-10): c.127-643:ERG_c.40-61697:TMPRSS2del | Protein fusion: in frame (TMPRSS2-ERG)	NA
EVT-P-0003678-T02-IM6-80	P-0003678-T02-IM6		ERG-TMPRSS2	ERG	in-frame	five_prime	42867219	2	42	True	lost	0.0	False		Trypsin; Scavenger receptor cysteine-rich domain		(NM_004449) Fusion (TMPRSS2 exon2 fused with ERG exon4) : c.127-714:TMPRSS2_c.40-61240:ERGdel | Protein Fusion: in frame  {TMPRSS2:ERG}	NA
EVT-P-0003689-T01-IM5-81	P-0003689-T01-IM5		ERG-TMPRSS2	ERG	out-of-frame	five_prime	42877684	1	19	True	lost	0.0	False		Trypsin; Scavenger receptor cysteine-rich domain		c.55+2193:TMPRSS2_c.18+716:ERGdel | Protein fusion: out of frame (TMPRSS2-ERG)	NA
EVT-P-0003758-T01-IM5-82	P-0003758-T01-IM5		ERG-TMPRSS2	ERG	out-of-frame	five_prime	42873606	1	19	True	lost	0.0	False		Trypsin; Scavenger receptor cysteine-rich domain		c.56-3490:TMPRSS2_c.39+45416:ERGdel | Protein fusion: out of frame (TMPRSS2-ERG)	NA
EVT-P-0003908-T01-IM3-83	P-0003908-T01-IM3		ERG-TMPRSS2	ERG	in-frame	five_prime	42867649	2	42	True	lost	0.0	False		Trypsin; Scavenger receptor cysteine-rich domain		NA | Protein fusion: in frame (TMPRSS2-ERG)	NA
EVT-P-0003971-T02-IM5-84	P-0003971-T02-IM5		ERG-TMPRSS2	ERG	out-of-frame	five_prime	42875798	1	19	True	lost	0.0	False		Trypsin; Scavenger receptor cysteine-rich domain		TMPRSS2 (NM_001135099) - ERG (NM_182918) fusion (TMPRSS2 exon 1 fuses with ERG exons 4-10): c.55+4079:TMPRSS2_c.19-16151:ERGdel | Protein fusion: out of frame (TMPRSS2-ERG)	NA
EVT-P-0004221-T01-IM5-85	P-0004221-T01-IM5		ERG-TMPRSS2	ERG	out-of-frame	five_prime	42868025	2	42	True	lost	0.0	False		Trypsin; Scavenger receptor cysteine-rich domain		TMPRSS2 (NM_001135099) - ERG (NM_182918) Fusion  (TMPRSS2 exon 2 fused to ERG exon 3):  c.127-1520:TMPRSS2_c.237-8364:ERGdel | Protein fusion: out of frame (TMPRSS2-ERG)	NA
EVT-P-0004283-T01-IM5-86	P-0004283-T01-IM5		ERG-TMPRSS2	ERG	out-of-frame	five_prime	42875256	1	19	True	lost	0.0	False		Trypsin; Scavenger receptor cysteine-rich domain		TMPRSS2 (NM_001135099) - ERG (NM_182918) fusion (TMPRSS2 exon1 with ERG exons 2-10) : c.55+4621:TMPRSS2_c.18+7946:ERGdel | Protein fusion: out of frame (TMPRSS2-ERG)	NA
EVT-P-0025150-T01-IM6-87	P-0025150-T01-IM6		ERG-TMPRSS2	ERG	in-frame	five_prime	42867731	2	42	True	lost	0.0	False		Trypsin; Scavenger receptor cysteine-rich domain		TMPRSS2 (NM_001135099) - ERG (NM_182918) fusion (TMPRRS2 exon 1 fused to ERG exons 3-10): c.127-1226:TMPRSS2_c.18+10530:ERGdel | Protein Fusion: in frame  {TMPRSS2:ERG}	NA
EVT-P-0004285-T01-IM5-88	P-0004285-T01-IM5		ERG-TMPRSS2	ERG	out-of-frame	five_prime	42872646	1	19	True	lost	0.0	False		Trypsin; Scavenger receptor cysteine-rich domain		TMPRSS2 (NM_001135099) - ERG (NM_182918) fusion (TMPRSS2 exon1 with ERG exons 2-10) : c.56-2530:TMPRSS2_c.18+10159:ERGdel | Protein fusion: out of frame (TMPRSS2-ERG)	NA
EVT-P-0004297-T02-IM5-89	P-0004297-T02-IM5		ERG-TMPRSS2	ERG	in-frame	five_prime	42869427	2	42	True	lost	0.0	False		Trypsin; Scavenger receptor cysteine-rich domain		TMPRSS2 (NM_001135099) - ERG (NM_182918) fusion (TMPRSS2 exons 1-2 fused in frame with ERG exons 4-10): c.126+619:TMPRSS2_c.-867:ERGdel | Protein fusion: in frame (TMPRSS2-ERG)	NA
EVT-P-0004345-T01-IM5-91	P-0004345-T01-IM5		ERG-TMPRSS2	ERG	out-of-frame	five_prime	42870767	1	19	True	lost	0.0	False		Trypsin; Scavenger receptor cysteine-rich domain		TMPRSS2 (NM_001135099) - ERG (NM_182918) fusion (TMPRSS2 exon 1 fused with ERG exons 2-10) : c.56-651:TMPRSS2_c.18+6726:ERGdel | Protein fusion: out of frame (TMPRSS2-ERG)	NA
EVT-P-0004532-T01-IM5-92	P-0004532-T01-IM5		ERG-TMPRSS2	ERG	in-frame	five_prime	42869942	2	42	True	lost	0.0	False		Trypsin; Scavenger receptor cysteine-rich domain		TMPRSS2-ERG Fusion (TMPRSS2 exon 2 fused to ERG exon 4) :  c.126+104:TMPRSS2_c.39+63265:ERGdel | Protein fusion: in frame (TMPRSS2-ERG)	NA
EVT-P-0004539-T01-IM5-93	P-0004539-T01-IM5		ERG-TMPRSS2	ERG	out-of-frame	five_prime	42876969	1	19	True	lost	0.0	False		Trypsin; Scavenger receptor cysteine-rich domain		TMPRSS2 (NM_001135099) - ERG (NM_004449) fusion (TMPRSS2 exon 1 fuses with ERG exons 2-10): c.55+2908:TMPRSS2_c.40-50360:ERGdel | Protein fusion: out of frame (TMPRSS2-ERG)	NA
EVT-P-0025139-T01-IM6-94	P-0025139-T01-IM6		ERG-TMPRSS2	ERG	out-of-frame	five_prime	42872490	1	19	True	lost	0.0	False		Trypsin; Scavenger receptor cysteine-rich domain		TMPRSS2 (NM_001135099) - ERG (NM_004449) fusion: c.-56-2374:TMPRSS2_c.39+3700:ERGdel | Protein Fusion: out of frame  {TMPRSS2:ERG}	NA
EVT-P-0004816-T01-IM5-95	P-0004816-T01-IM5		ERG-TMPRSS2	ERG	out-of-frame	five_prime	42873903	1	19	True	lost	0.0	False		Trypsin; Scavenger receptor cysteine-rich domain		TMPRSS2 (NM_001135099) - ERG (NM_004449) fusion (TMPRSS2 exon 1 fuses with ERG exons 2-10): c.56-3787:TMPRSS2_c.39+54953:ERGdel. | Protein fusion: out of frame (TMPRSS2-ERG)	NA
EVT-P-0004826-T01-IM5-96	P-0004826-T01-IM5		ERG-TMPRSS2	ERG	unknown	five_prime	42871052	1	19	True	lost	0.0	False		Trypsin; Scavenger receptor cysteine-rich domain		TMPRSS2 (NM_001135099) - ERG (NM_004449) fusion (TMPRSS2 exon 1 with ERG exons 2-10) :  c.56-936:TMPRS2_c.-150+18179:ERGdel | Transcript fusion (TMPRSS2-ERG)	NA
EVT-P-0025137-T01-IM6-97	P-0025137-T01-IM6		ERG-TMPRSS2	ERG	out-of-frame	five_prime	42869679	2	42	True	lost	0.0	False		Trypsin; Scavenger receptor cysteine-rich domain		TMPRSS2 (NM_001135099) -  ERG (NM_182918) Fusion (TMPRSS2 exon 2 fused with ERG exon 3): c.126+367:TMPRSS2_c.237-934:ERGdel | Protein Fusion: out of frame  {TMPRSS2:ERG}	NA
EVT-P-0005064-T01-IM5-99	P-0005064-T01-IM5		ERG-TMPRSS2	ERG	out-of-frame	five_prime	42870659	1	19	True	lost	0.0	False		Trypsin; Scavenger receptor cysteine-rich domain		TMPRSS2(NM_001135099) -ERG (NM_182918) Fusion (TMPRSS2 exon1 ERG exon2 ) :  c.56-543:TMPRSS2_c.18+11495:ERGdel | Protein fusion: out of frame (TMPRSS2-ERG)	NA
EVT-P-0005098-T02-IM5-101	P-0005098-T02-IM5		ERG-TMPRSS2	ERG	in-frame	five_prime	42868037	2	42	True	lost	0.0	False		Trypsin; Scavenger receptor cysteine-rich domain		TMPRSS2 (NM_001135099) - ERG (NM_182918) Fusion (TMPRSS2 exons 1-2 fused with ERG exons 2-10 ) :  c.127-1532:TMPRSS2_c.18+25709:ERGdel | Protein fusion: in frame (TMPRSS2-ERG)	NA
EVT-P-0005422-T01-IM5-102	P-0005422-T01-IM5		ERG-TMPRSS2	ERG	out-of-frame	five_prime	42875709	1	19	True	lost	0.0	False		Trypsin; Scavenger receptor cysteine-rich domain		TMPRSS2(NM_001135099) - ERG (NM_004449) Fusion (TMPRSS2 exon1 ERG exon4 ) :  c.55+4168:TMPRSS2_c.40-60922:ERGdel | Protein fusion: out of frame (TMPRSS2-ERG)	NA
EVT-P-0025823-T01-IM6-104	P-0025823-T01-IM6		ERG-TMPRSS2	ERG	out-of-frame	five_prime	42870362	1	19	True	lost	0.0	False		Trypsin; Scavenger receptor cysteine-rich domain		TMPRSS2 (NM_001135099) - ERG (NM_182918) fusion (TMPRRS2 exons 1-2 fused to ERG exons 2-10): c.56-246:TMPRSS2_c.18+2365:ERGdel | Protein Fusion: out of frame  {TMPRSS2:ERG}	NA
EVT-P-0005454-T01-IM5-105	P-0005454-T01-IM5		ERG-TMPRSS2	ERG	out-of-frame	five_prime	42872059	1	19	True	lost	0.0	False		Trypsin; Scavenger receptor cysteine-rich domain		TMPRSS2 (NM_001135099) - ERG (NM_182918) Fusion(TMPRSS2 exon 1 fused to ERG exon2 ) :  c.56-1943:TMPRSS2_c.18+13593:ERGdel | Protein fusion: out of frame (TMPRSS2-ERG)	NA
EVT-P-0005454-T02-IM5-106	P-0005454-T02-IM5		ERG-TMPRSS2	ERG	out-of-frame	five_prime	42872059	1	19	True	lost	0.0	False		Trypsin; Scavenger receptor cysteine-rich domain		TMPRSS2 (NM_001135099) - ERG (NM_182918) fusion: c.56-1943:TMPRSS2_c.18+13593:ERGdel | Protein fusion: out of frame (TMPRSS2-ERG)	NA
EVT-P-0000888-T01-IM3-107	P-0000888-T01-IM3		ERG-TMPRSS2	ERG	in-frame	five_prime	42868672	2	42	True	lost	0.0	False		Trypsin; Scavenger receptor cysteine-rich domain		TMPRSS2 (NM_001135099) - ERG (NM_182918) Deletion:  c.126+1374_c.19-17794del | Protein fusion: in frame (TMPRSS2-ERG)	NA
EVT-P-0025851-T01-IM6-108	P-0025851-T01-IM6		ERG-TMPRSS2	ERG	in-frame	five_prime	42869296	2	42	True	lost	0.0	False		Trypsin; Scavenger receptor cysteine-rich domain		TMPRSS2 (NM_001135099) - ERG (NM_004449) fusion (TMPRRS2 exon 2 fused to ERG exons 4-11):c.c.126+750:TMPRSS2_c.40-60753:ERGdel | Protein Fusion: in frame  {TMPRSS2:ERG}	NA
EVT-P-0005463-T01-IM5-109	P-0005463-T01-IM5		ERG-TMPRSS2	ERG	in-frame	five_prime	42868071	2	42	True	lost	0.0	False		Trypsin; Scavenger receptor cysteine-rich domain		TMPRSS2 (NM_001135099) - ERG (NM_004449) Fusion (TMPRSS2 exon2 fused to ERG exon 4) : c.127-1566:TMPRSS2 _c.40-59106:ERGdel | Protein fusion: in frame (TMPRSS2-ERG)	NA
EVT-P-0005546-T01-IM5-110	P-0005546-T01-IM5		ERG-TMPRSS2	ERG	in-frame	five_prime	42868555	2	42	True	lost	0.0	False		Trypsin; Scavenger receptor cysteine-rich domain		TMPRSS2 (NM_001135099) - ERG (NM_182918) fusion (TMPRSS2 exons 1-2 and ERG exons 2-10) : c.126+1491:TMPRSS2_c.19-14111:ERGdel | Protein fusion: in frame (TMPRSS2-ERG)	NA
EVT-P-0005557-T01-IM5-111	P-0005557-T01-IM5		ERG-TMPRSS2	ERG	out-of-frame	five_prime	42873926	1	19	True	lost	0.0	False		Trypsin; Scavenger receptor cysteine-rich domain		TMPRSS2 (NM_001135099) - ERG (NM_182918) fusion (TMPRSS2 exon1 with ERG exons 2-10) : c.56-3810:TMPRSS2_c.19-16939:ERGdel | Protein fusion: out of frame (TMPRSS2-ERG)	NA
EVT-P-0005571-T01-IM5-112	P-0005571-T01-IM5		ERG-TMPRSS2	ERG	out-of-frame	five_prime	42877527	1	19	True	lost	0.0	False		Trypsin; Scavenger receptor cysteine-rich domain		TMPRSS2 (NM_001135099) - ERG (NM_182918) Fusion (TMPRSS2 exon1 fused with ERG exon4) : c.55+2350:TMPRSS2_c.40-58808:ERG | Protein fusion: out of frame (TMPRSS2-ERG)	NA
EVT-P-0000479-T01-IM3-113	P-0000479-T01-IM3		ERG-TMPRSS2	ERG	out-of-frame	five_prime	42872680	1	19	True	lost	0.0	False		Trypsin; Scavenger receptor cysteine-rich domain		NA | Protein fusion: out of frame (TMPRSS2-ERG)	NA
EVT-P-0005636-T01-IM5-114	P-0005636-T01-IM5		ERG-TMPRSS2	ERG	out-of-frame	five_prime	42875116	1	19	True	lost	0.0	False		Trypsin; Scavenger receptor cysteine-rich domain		TMPRSS2 (NM_001135099) - ERG (NM_182918) Fusion (TMPRSS2 exon1 fused with ERG exon2)  :  c.55+4761:TMPRSS2_c.19-17111:ERGdel | Protein fusion: out of frame (TMPRSS2-ERG)	NA
EVT-P-0005636-T02-IM6-115	P-0005636-T02-IM6		ERG-TMPRSS2	ERG	out-of-frame	five_prime	42875117	1	19	True	lost	0.0	False		Trypsin; Scavenger receptor cysteine-rich domain		TMPRSS2 (NM_001135099) - ERG (NM_182918) fusion: c.55+4760:TMPRSS2_c.19-17111:ERGdel | Protein Fusion: out of frame  {TMPRSS2:ERG}	NA
EVT-P-0005698-T01-IM5-117	P-0005698-T01-IM5		ERG-TMPRSS2	ERG	in-frame	five_prime	42869650	2	42	True	lost	0.0	False		Trypsin; Scavenger receptor cysteine-rich domain		TMPRSS2 (NM_001135099) - ERG (NM_004449) fusion (TMPRSS2 exons 1-2 with ERG exons 4-10) : c.126+396:TMPRSS2_c.39+21608:ERGdel | Protein fusion: in frame (TMPRSS2-ERG)	NA
EVT-P-0005756-T01-IM5-118	P-0005756-T01-IM5		ERG-TMPRSS2	ERG	in-frame	five_prime	42867719	2	42	True	lost	0.0	False		Trypsin; Scavenger receptor cysteine-rich domain		TMPRSS2 (NM_001135099) - ERG (NM_182918) fusion (TMPRSS2 exons 1-2 with ERG exons 2-10) : c.127-1214:TMPRSS2_c.18+26157:ERGdel | Protein fusion: in frame (TMPRSS2-ERG)	NA
EVT-P-0005864-T01-IM5-120	P-0005864-T01-IM5		ERG-TMPRSS2	ERG	out-of-frame	five_prime	42874935	1	19	True	lost	0.0	False		Trypsin; Scavenger receptor cysteine-rich domain		TMPRSS2 (NM_001135099) - ERG (NM_182918) fusion (TMPRSS2 exon1 with ERG exons 4-11):  c.56-4819:TMPRSS2_c.19-12436:ERGdel | Protein fusion: out of frame (TMPRSS2-ERG)	NA
EVT-P-0025097-T01-IM6-121	P-0025097-T01-IM6		ERG-TMPRSS2	ERG	out-of-frame	five_prime	42875596	1	19	True	lost	0.0	False		Trypsin; Scavenger receptor cysteine-rich domain		TMPRSS2 (NM_001135099) - ERG (NM_004449) rearrangement (TMPRSS2 exon 1 fused to ERG exons 4-11): c.55+4281:TMPRSS2_c.40-57110:ERGdel | Protein Fusion: out of frame  {TMPRSS2:ERG}	NA
EVT-P-0005953-T01-IM5-122	P-0005953-T01-IM5		ERG-TMPRSS2	ERG	out-of-frame	five_prime	42876716	1	19	True	lost	0.0	False		Trypsin; Scavenger receptor cysteine-rich domain		TMPRSS2 (NM_001135099) -ERG (NM_182918) Fusion (TMPRSS2 exon 1 fused to ERG exons 3 to 10) : c.55+3161:TMPRSS2_c.237-9105:ERGdel | Protein fusion: out of frame (TMPRSS2-ERG)	NA
EVT-P-0005953-T02-IM5-123	P-0005953-T02-IM5		ERG-TMPRSS2	ERG	out-of-frame	five_prime	42876716	1	19	True	lost	0.0	False		Trypsin; Scavenger receptor cysteine-rich domain		TMPRSS2 (NM_001135099) - ERG (NM_004449) reciprocal fusion (TMPRSS2 exon1 fused with ERG exons 5-11) : c.55+3161:TMPRSS2_c.258-9105:ERGdel | Protein fusion: out of frame (TMPRSS2-ERG)	NA
EVT-P-0005953-T03-IM6-124	P-0005953-T03-IM6		ERG-TMPRSS2	ERG	out-of-frame	five_prime	42876716	1	19	True	lost	0.0	False		Trypsin; Scavenger receptor cysteine-rich domain		TMPRSS2 (NM_001135099) - ERG (NM_182918) fusion (TMPRSS2 exon 1 fused to ERG exons 3-10): c.55+3161:TMPRSS2_c.237-9105:ERGdel | Protein fusion: out of frame (TMPRSS2-ERG)	NA
EVT-P-0006108-T01-IM5-126	P-0006108-T01-IM5		ERG-TMPRSS2	ERG	in-frame	five_prime	42869746	2	42	True	lost	0.0	False		Trypsin; Scavenger receptor cysteine-rich domain		TMPRSS2 (NM_001135099) - ERG (NM_182918) fusion (TMPRSS2 exons 1-2 with ERG exons 2-10) : c.126+300:TMPRSS2_c.18+8285:ERGdel | Protein fusion: in frame (TMPRSS2-ERG)	NA
EVT-P-0036791-T01-IM6-127	P-0036791-T01-IM6		ERG-TMPRSS2	ERG	out-of-frame	five_prime	42873619	1	19	True	lost	0.0	False		Trypsin; Scavenger receptor cysteine-rich domain		TMPRSS2 (NM_001135099) - ERG (NM_182918) fusion: c.56-3503:TMPRSS2_c.18+1131:ERGdel | Protein Fusion: out of frame  {TMPRSS2:ERG}	NA
EVT-P-0006108-T02-IM5-128	P-0006108-T02-IM5		ERG-TMPRSS2	ERG	in-frame	five_prime	42869746	2	42	True	lost	0.0	False		Trypsin; Scavenger receptor cysteine-rich domain		TMPRSS2 (NM_001135099) -ERG (NM_182918) fusion (TMPRSS2 exons 1 and 2 fused with ERG exons 3 to 10) : c.126+300:TMPRSS2_c.18+8285:ERGdel | Protein fusion: in frame (TMPRSS2-ERG)	NA
EVT-P-0036756-T01-IM6-129	P-0036756-T01-IM6		ERG-TMPRSS2	ERG	out-of-frame	five_prime	42877290	1	19	True	lost	0.0	False		Trypsin; Scavenger receptor cysteine-rich domain		TMPRSS2 (NM_001135099) - ERG (NM_182918) fusion: c.55+2587:TMPRSS2_c.19-4454:ERGdel | Protein Fusion: out of frame  {TMPRSS2:ERG}	NA
EVT-P-0036699-T01-IM6-130	P-0036699-T01-IM6		ERG-TMPRSS2	ERG	in-frame	five_prime	42868238	2	42	True	lost	0.0	False		Trypsin; Scavenger receptor cysteine-rich domain		TMPRSS2 (NM_001135099) - ERG (NM_004449) fusion: c.127-1733:TMPRSS2_c.40-58568:ERGdel | Protein Fusion: in frame  {TMPRSS2:ERG}	NA
EVT-P-0025044-T01-IM6-131	P-0025044-T01-IM6		ERG-TMPRSS2	ERG	out-of-frame	five_prime	42872368	1	19	True	lost	0.0	False		Trypsin; Scavenger receptor cysteine-rich domain		TMPRSS2 (NM_001135099) - ERG (NM_182918)  Fusion (TMPRSS2 exon1 fused with ERG exon 2) :  c.56-2252:TMPRSS2_c.18+17253:ERGdel | Protein Fusion: out of frame  {TMPRSS2:ERG}	NA
EVT-P-0006602-T02-IM5-132	P-0006602-T02-IM5		ERG-TMPRSS2	ERG	in-frame	five_prime	42867072	2	42	True	lost	0.0	False		Trypsin; Scavenger receptor cysteine-rich domain		TMPRSS2 (NM_001135099) - ERG (NM_004449) fusion (TMPRSS2 exons 1-2 with ERG exons 4-11) :c.127-567:TMPRSS2_c.40-17587:ERGdel | Protein fusion: in frame (TMPRSS2-ERG)	NA
EVT-P-0006602-T03-IM6-133	P-0006602-T03-IM6		ERG-TMPRSS2	ERG	in-frame	five_prime	42867073	2	42	True	lost	0.0	False		Trypsin; Scavenger receptor cysteine-rich domain		TMPRSS2 (NM_001135099) - ERG (NM_182918) fusion (TMPRSS2 exons 1-2 fused with ERG exons 3-10): c.127-568:TMPRSS2_c.19-17587:ERGdel | Protein Fusion: in frame  {TMPRSS2:ERG}	NA
EVT-P-0025030-T01-IM6-134	P-0025030-T01-IM6		ERG-TMPRSS2	ERG	out-of-frame	five_prime	42877633	1	19	True	lost	0.0	False		Trypsin; Scavenger receptor cysteine-rich domain		TMPRSS2 (NM_001135099) - ERG (NM_182918) fusion (TMPRRS2 exon 1 with ERG exons 2-10): c.55+2244:TMPRSS2_c.19-2444:ERGdel | Protein Fusion: out of frame  {TMPRSS2:ERG}	NA
EVT-P-0006619-T01-IM5-136	P-0006619-T01-IM5		ERG-TMPRSS2	ERG	in-frame	five_prime	42867571	2	42	True	lost	0.0	False		Trypsin; Scavenger receptor cysteine-rich domain		TMPRSS2 (NM_001135099) - ERG (NM_004449) fusion (TMPRSS2 exons 1-2 with ERG exons 4-11) : c.127-1066:TMPRSS2_c.40-44616:ERGdel | Protein fusion: in frame (TMPRSS2-ERG)	NA
EVT-P-0033575-T01-IM6-138	P-0033575-T01-IM6		ERG-TMPRSS2	ERG	out-of-frame	five_prime	42870354	1	19	True	lost	0.0	False		Trypsin; Scavenger receptor cysteine-rich domain		TMPRSS2 (NM_001135099) - ERG (NM_182918) Fusion (TMPRSS2 exon2 fused with ERG exon2) : c.56-238:TMPRSS2_c.18+8414:ERGdel | Protein Fusion: out of frame  {TMPRSS2:ERG}	NA
EVT-P-0012741-T01-IM5-139	P-0012741-T01-IM5		ERG-TMPRSS2	ERG	out-of-frame	five_prime	42878272	1	19	True	lost	0.0	False		Trypsin; Scavenger receptor cysteine-rich domain		TMPRSS2 (NM_001135099) - ERG (NM_004449) fusion (TMPRSS2 exon1 with ERG exons 4-11): c.55+1605:TMPRSS2_c.40-54554:ERGdel | Protein fusion: out of frame (TMPRSS2-ERG)	NA
EVT-P-0006837-T01-IM5-140	P-0006837-T01-IM5		ERG-TMPRSS2	ERG	out-of-frame	five_prime	42876181	1	19	True	lost	0.0	False		Trypsin; Scavenger receptor cysteine-rich domain		TMPRSS2 (NM_001135099) - ERG (NM_004449) Fusion (TMPRSS2 exon 1 fused to ERG exons 4 to 10) : c.55+3696:TMPRSS2:c.40-56077:ERG_del | Protein fusion: out of frame (TMPRSS2-ERG)	NA
EVT-P-0036438-T01-IM6-141	P-0036438-T01-IM6		ERG-TMPRSS2	ERG	in-frame	five_prime	42867649	2	42	True	lost	0.0	False		Trypsin; Scavenger receptor cysteine-rich domain		TMPRSS2 (NM_001135099) - ERG (NM_182918) fusion: c.127-1144:TMPRSS2_c.18+2770:ERGdel | Protein Fusion: in frame  {TMPRSS2:ERG}	NA
EVT-P-0006837-T02-IM5-142	P-0006837-T02-IM5		ERG-TMPRSS2	ERG	out-of-frame	five_prime	42876181	1	19	True	lost	0.0	False		Trypsin; Scavenger receptor cysteine-rich domain		TMPRSS2 (NM_001135099) - ERG (NM_182918) fusion (TMPRSS2 exon 1 fused to ERG exons 1-10): c.55+3696:TMPRSS2_c.-3317:ERGdel | Protein fusion: out of frame (TMPRSS2-ERG)	NA
EVT-P-0036351-T01-IM6-143	P-0036351-T01-IM6		ERG-TMPRSS2	ERG	out-of-frame	five_prime	42872264	1	19	True	lost	0.0	False		Trypsin; Scavenger receptor cysteine-rich domain		TMPRSS2 (NM_001135099) - ERG(NM_004449) Fusion (TMPRSS2 exon2 with ERG exon4) : c.56-2148:TMPRSS2_c.39+62508:ERG del | Protein Fusion: out of frame  {TMPRSS2:ERG}	NA
EVT-P-0006840-T01-IM5-144	P-0006840-T01-IM5		ERG-TMPRSS2	ERG	out-of-frame	five_prime	42872258	1	19	True	lost	0.0	False		Trypsin; Scavenger receptor cysteine-rich domain		TMPRSS2 (NM_001135099) - ERG (NM_004449) Fusion (TMPRSS2 exon 1 fused to ERG exons 4 to 10) : c.55+3696:TMPRSS2:c.39+61789:ERG_del | Protein fusion: out of frame (TMPRSS2-ERG)	NA
EVT-P-0001319-T03-IM5-145	P-0001319-T03-IM5		ERG-TMPRSS2	ERG	out-of-frame	five_prime	42879131	1	19	True	lost	0.0	False		Trypsin; Scavenger receptor cysteine-rich domain		TMPRSS2 (NM_001135099) - ERG (NM_004449) fusion (TMPRSS2 exon 1 fused with ERG exons 4-11) : c.55+746:TMPRSS2_c.40-60506:ERG_del | Protein fusion: out of frame (TMPRSS2-ERG)	NA
EVT-P-0001319-T05-IM5-146	P-0001319-T05-IM5		ERG-TMPRSS2	ERG	out-of-frame	five_prime	42879131	1	19	True	lost	0.0	False		Trypsin; Scavenger receptor cysteine-rich domain		TMPRSS2 (NM_001135099) - ERG (NM_004449)  fusion (TMPRSS2 exon 1  fused with ERG exons 4-11): c.55+746:TMPRSS2_c.40-60506:ERGdel | Protein fusion: out of frame (TMPRSS2-ERG)	NA
EVT-P-0006905-T01-IM5-148	P-0006905-T01-IM5		ERG-TMPRSS2	ERG	out-of-frame	five_prime	42871259	1	19	True	lost	0.0	False		Trypsin; Scavenger receptor cysteine-rich domain		TMPRSS2 (NM_001135099) - ERG (NM_004449) reciprocal fusion (TMPRSS exon1 fused with ERG exons 4-11) : c.56-1143:TMPRSS2_c.40-62829:ERGdel | Protein fusion: out of frame (TMPRSS2-ERG)	NA
EVT-P-0036346-T01-IM6-149	P-0036346-T01-IM6		ERG-TMPRSS2	ERG	out-of-frame	five_prime	42870600	1	19	True	lost	0.0	False		Trypsin; Scavenger receptor cysteine-rich domain		TMPRSS2 (NM_001135099) - ERG (NM_004449) Fusion (TMPRSS2 exon1 fused with ERG exon4): c.56-484:TMPRSS2_c.39+15996:ERGdel | Protein Fusion: out of frame  {TMPRSS2:ERG}	NA
EVT-P-0007025-T01-IM5-150	P-0007025-T01-IM5		ERG-TMPRSS2	ERG	unknown	five_prime	42873714	1	19	True	lost	0.0	False		Trypsin; Scavenger receptor cysteine-rich domain		TMPRSS2 (NM_001135099) - ERG (NM_004449) fusion (TMPRSS2 exon 1 fused with ERG exons 2-11) : c.56-3598:TMPRSS2_c.-150+4207:ERGdel | Transcript fusion (TMPRSS2-ERG)	NA
EVT-P-0007043-T01-IM5-151	P-0007043-T01-IM5		ERG-TMPRSS2	ERG	in-frame	five_prime	42869028	2	42	True	lost	0.0	False		Trypsin; Scavenger receptor cysteine-rich domain		TMPRSS2 (NM_001135099) - ERG (NM_182918) Fusion (TMPRSS2 exon 2 fused with ERG exons 2 to 10) :  c.126+1018:TMPRSS2_c.18+3315:ERGdel | Protein fusion: in frame (TMPRSS2-ERG)	NA
EVT-P-0007043-T02-IM6-152	P-0007043-T02-IM6		ERG-TMPRSS2	ERG	in-frame	five_prime	42869029	2	42	True	lost	0.0	False		Trypsin; Scavenger receptor cysteine-rich domain		TMPRSS2 (NM_001135099) - ERG (NM_182918) fusion (TMPRSS2 exons 1-2 fused to ERG exons  2-10  ): c.126+1017:TMPRSS2_c.18+3315:ERGdel | Protein Fusion: in frame  {TMPRSS2:ERG}	NA
EVT-P-0036294-T01-IM6-153	P-0036294-T01-IM6		ERG-TMPRSS2	ERG	in-frame	five_prime	42867521	2	42	True	lost	0.0	False		Trypsin; Scavenger receptor cysteine-rich domain		TMPRSS2 (NM_001135099) -  ERG (NM_182918) fusion: c.127-1016:TMPRSS2_c.18+4202:ERGdel | Protein Fusion: in frame  {TMPRSS2:ERG}	NA
EVT-P-0036176-T01-IM6-154	P-0036176-T01-IM6		ERG-TMPRSS2	ERG	out-of-frame	five_prime	42873939	1	19	True	lost	0.0	False		Trypsin; Scavenger receptor cysteine-rich domain		TMPRSS2 (NM_001135099) - ERG (NM_182918) fusion: c.56-3823:TMPRSS2_c.18+14211:ERGdel | Protein Fusion: out of frame  {TMPRSS2:ERG}	NA
EVT-P-0025851-T02-IM6-155	P-0025851-T02-IM6		ERG-TMPRSS2	ERG	in-frame	five_prime	42869297	2	42	True	lost	0.0	False		Trypsin; Scavenger receptor cysteine-rich domain		TMPRSS2 (NM_001135099) - ERG (NM_004449) fusion (TMPRSS2 exons 1-2 fused to ERG exons 4-11):  c.126+749:TMPRSS2_c.40-60753:ERGdel | Protein Fusion: in frame  {TMPRSS2:ERG}	NA
EVT-P-0007307-T01-IM5-156	P-0007307-T01-IM5		ERG-TMPRSS2	ERG	in-frame	five_prime	42869887	2	42	True	lost	0.0	False		Trypsin; Scavenger receptor cysteine-rich domain		TMPRSS2 (NM_001135099) - ERG (NM_182918) fusion (TMPRSS2 exons 1 to 2 fused with ERG exons 2 to 10) :  c.126+159:TMPRSS2_c.18+25874:ERGdel | Protein fusion: in frame (TMPRSS2-ERG)	NA
EVT-P-0007307-T02-IM5-157	P-0007307-T02-IM5		ERG-TMPRSS2	ERG	in-frame	five_prime	42869887	2	42	True	lost	0.0	False		Trypsin; Scavenger receptor cysteine-rich domain		TMPRSS2 (NM_001135099) - ERG (NM_182918) fusion (TMPRSS2 exons1-2 with ERG exon2-10) : c.126+159:TMPRSS2_c.18+25874:ERGdel | Protein fusion: in frame (TMPRSS2-ERG)	NA
EVT-P-0007307-T03-IM6-158	P-0007307-T03-IM6		ERG-TMPRSS2	ERG	in-frame	five_prime	42869901	2	42	True	lost	0.0	False		Trypsin; Scavenger receptor cysteine-rich domain		TMPRSS2 (NM_001135099) - ERG (NM_182918) fusion (TMPRSS2 exon 2 fused to ERG exon2): c.126+145:TMPRSS2_c.18+25873:ERG | Protein Fusion: in frame  {TMPRSS2:ERG}	NA
EVT-P-0007343-T01-IM5-159	P-0007343-T01-IM5		ERG-TMPRSS2	ERG	in-frame	five_prime	42869383	2	42	True	lost	0.0	False		Trypsin; Scavenger receptor cysteine-rich domain		TMPRSS2 (NM_001135099) -ERG (NM_004449) fusion (TMPRSS2 exons 1 and 2 fused with ERG exons 4 to 11) : c.126+663:TMPRSS2_c.39+64787:ERGdel | Protein fusion: in frame (TMPRSS2-ERG)	NA
EVT-P-0007343-T02-IM6-160	P-0007343-T02-IM6		ERG-TMPRSS2	ERG	in-frame	five_prime	42869384	2	42	True	lost	0.0	False		Trypsin; Scavenger receptor cysteine-rich domain		TMPRSS2 (NM_001135099) - ERG (NM_182918) fusion (TMPRSS2 exons 1-2 with ERG exons 4-10): c.126+662TMPRSS2_c.39+64787ERGdel. | Protein Fusion: in frame  {TMPRSS2:ERG}	NA
EVT-P-0007359-T01-IM5-162	P-0007359-T01-IM5		ERG-TMPRSS2	ERG	out-of-frame	five_prime	42873736	1	19	True	lost	0.0	False		Trypsin; Scavenger receptor cysteine-rich domain		TMPRSS2 (NM_001135099) -ERG (NM_182918) fusion (TMPRSS2 exons 1 and 2 fused with ERG exons 1 to 10) : c.56-3620:TMPRSS2_c.40-55852:ERGdel | Protein fusion: out of frame (TMPRSS2-ERG)	NA
EVT-P-0007366-T01-IM5-163	P-0007366-T01-IM5		ERG-TMPRSS2	ERG	out-of-frame	five_prime	42872445	1	19	True	lost	0.0	False		Trypsin; Scavenger receptor cysteine-rich domain		TMPRSS2 (NM_001135099) -ERG (NM_182918) fusion (TMPRSS2 exons 1 and 2 fused with ERG exons 2 to 10) : c.56-2329:TMPRSS2_c.40-19374:ERGdel | Protein fusion: out of frame (TMPRSS2-ERG)	NA
EVT-P-0007416-T01-IM5-164	P-0007416-T01-IM5		ERG-TMPRSS2	ERG	out-of-frame	five_prime	42875820	1	19	True	lost	0.0	False		Trypsin; Scavenger receptor cysteine-rich domain		TMPRSS2 (NM_001135099) -ERG (NM_182918) fusion (TMPRSS2 exons 1 and fused with ERG exons 2 to 10) : c.55+4057:TMPRSS2_c.-11:ERGdel | Protein fusion: out of frame (TMPRSS2-ERG)	NA
EVT-P-0007416-T02-IM5-165	P-0007416-T02-IM5		ERG-TMPRSS2	ERG	out-of-frame	five_prime	42875820	1	19	True	lost	0.0	False		Trypsin; Scavenger receptor cysteine-rich domain		TMPRSS2 (NM_001135099) - ERG (NM_182918) fusion (TMPRSS2 exon1 with ERG exons 1-10): c.55+4057:TMPRSS2_c.-11:ERGdel | Protein fusion: out of frame (TMPRSS2-ERG)	NA
EVT-P-0007538-T01-IM5-166	P-0007538-T01-IM5		ERG-TMPRSS2	ERG	out-of-frame	five_prime	42876973	1	19	True	lost	0.0	False		Trypsin; Scavenger receptor cysteine-rich domain		TMPRSS2 (NM_001135099) - ERG (NM_182918) Fusion (TMPRSS2 exon 1 with ERG exons 2 to 10) : c.55+2904:TMPRSS2_c.19-10639:ERGdel | Protein fusion: out of frame (TMPRSS2-ERG)	NA
EVT-P-0036120-T01-IM6-167	P-0036120-T01-IM6		ERG-TMPRSS2	ERG	in-frame	five_prime	42868693	2	42	True	lost	0.0	False		Trypsin; Scavenger receptor cysteine-rich domain		TMPRSS2 (NM_001135099) - ERG (NM_182918)  fusion (TMPRSS2 exons 1-2 fused with ERG exons 2-10): c.126+1353:TMPRSS2_c.19-13252:ERGdel | Protein Fusion: in frame  {TMPRSS2:ERG}	NA
EVT-P-0007576-T01-IM5-168	P-0007576-T01-IM5		ERG-TMPRSS2	ERG	in-frame	five_prime	42869584	2	42	True	lost	0.0	False		Trypsin; Scavenger receptor cysteine-rich domain		TMPRSS2 (NM_001135099) - ERG (NM_182918) fusion (TMPRSS2 exons 1-2 fused with ERG exons 2 to 10) :  c.126+462:TMPRSS2_c.19-14230:ERGdel | Protein fusion: in frame (TMPRSS2-ERG)	NA
EVT-P-0007749-T01-IM5-169	P-0007749-T01-IM5		ERG-TMPRSS2	ERG	out-of-frame	five_prime	42875524	1	19	True	lost	0.0	False		Trypsin; Scavenger receptor cysteine-rich domain		TMPRSS2 (NM_001135099) - ERG (NM_004449) fusion (TMPRSS2 exons 1 fused with ERG exons 4 to 10): c.55+4353:TMPRSS2_c.40-54655:ERGdel | Protein fusion: out of frame (TMPRSS2-ERG)	NA
EVT-P-0007770-T01-IM5-170	P-0007770-T01-IM5		ERG-TMPRSS2	ERG	in-frame	five_prime	42869589	2	42	True	lost	0.0	False		Trypsin; Scavenger receptor cysteine-rich domain		TMPRSS2 (NM_001135099)  - ERG (NM_004449) fusion (TMPRSS2 exon 1-2 fused with ERG exons 4-11) : c.126+457:TMPRSS2_c.39+35604:ERGdel | Protein fusion: in frame (TMPRSS2-ERG)	NA
EVT-P-0008077-T01-IM5-172	P-0008077-T01-IM5		ERG-TMPRSS2	ERG	in-frame	five_prime	42868270	2	42	True	lost	0.0	False		Trypsin; Scavenger receptor cysteine-rich domain		TMPRSS2 (NM_001135099) - ERG (NM_004449) fusion (TMPRSS2 exon1 fused with ERG exons 4 to 11): c.127-1765:TMPRSS2_c.39+64394:ERGdel | Protein fusion: in frame (TMPRSS2-ERG)	NA
EVT-P-0008139-T01-IM5-173	P-0008139-T01-IM5		ERG-TMPRSS2	ERG	in-frame	five_prime	42867120	2	42	True	lost	0.0	False		Trypsin; Scavenger receptor cysteine-rich domain		TMPRSS2 (NM_001135099) - ERG (NM_004449) fusion (TMPRSS2 exons 1-2 fused with ERG exons 3-11) : c.127-615:TMPRSS2_c.40-33298:ERGdel | Protein fusion: in frame (TMPRSS2-ERG)	NA
EVT-P-0008139-T02-IM5-174	P-0008139-T02-IM5		ERG-TMPRSS2	ERG	in-frame	five_prime	42867120	2	42	True	lost	0.0	False		Trypsin; Scavenger receptor cysteine-rich domain		TMPRSS2 (NM_001135099) - ERG (NM_004449) fusion (TMPRSS2 exons 1to 2 fused with ERG exons 3 to 11): c.127-615:TMPRSS2_c.40-33298:ERGdel | Protein fusion: in frame (TMPRSS2-ERG)	NA
EVT-P-0008139-T03-IM5-175	P-0008139-T03-IM5		ERG-TMPRSS2	ERG	in-frame	five_prime	42867120	2	42	True	lost	0.0	False		Trypsin; Scavenger receptor cysteine-rich domain		TMPRSS2 (NM_001135099) - ERG (NM_182918) fusion (TMPRSS2 exons 1-2 fused in-frame to ERG exons 2-10): c.127-615:TMPRSS2_c.18+19445:ERGdel | Protein fusion: in frame (TMPRSS2-ERG)	NA
EVT-P-0008147-T01-IM5-176	P-0008147-T01-IM5		ERG-TMPRSS2	ERG	out-of-frame	five_prime	42874297	1	19	True	lost	0.0	False		Trypsin; Scavenger receptor cysteine-rich domain		TMPRSS2 (NM_001135099) - ERG (NM_004449) fusion (TMPRSS2 exon1 fused with ERG exons 4-11) c.56-4181:TMPRSS2_c.40-58022:ERGdel | Protein fusion: out of frame (TMPRSS2-ERG)	NA
EVT-P-0008206-T01-IM5-177	P-0008206-T01-IM5		ERG-TMPRSS2	ERG	out-of-frame	five_prime	42870501	1	19	True	lost	0.0	False		Trypsin; Scavenger receptor cysteine-rich domain		TMPRSS2 (NM_001135099) - ERG (NM_004449) fusion (TMPRSS2 exon1 fused with ERG exons 4 to 11): c.56-385:TMPRSS2_c.39+41500:ERGdel | Protein fusion: out of frame (TMPRSS2-ERG)	NA
EVT-P-0008232-T01-IM5-178	P-0008232-T01-IM5		ERG-TMPRSS2	ERG	in-frame	five_prime	42868959	2	42	True	lost	0.0	False		Trypsin; Scavenger receptor cysteine-rich domain		TMPRSS2 (NM_001135099) - ERG (NM_004449) fusion (TMPRSS2 exons 1-2 fused with ERG exons 3-11) : c.126+1087:TMPRSS2_c.40-59158:ERGdel | Protein fusion: in frame (TMPRSS2-ERG)	NA
EVT-P-0036007-T01-IM6-179	P-0036007-T01-IM6		ERG-TMPRSS2	ERG	out-of-frame	five_prime	42874243	1	19	True	lost	0.0	False		Trypsin; Scavenger receptor cysteine-rich domain		TMPRSS2 (NM_001135099) - ERG (NM_182918) Fusion (TMPRSS2 exon 1 with ERG exon 2) : c.56-4127:TMPRSS2_c.18+10822:ERGdel | Protein Fusion: out of frame  {TMPRSS2:ERG}	NA
EVT-P-0008304-T01-IM5-180	P-0008304-T01-IM5		ERG-TMPRSS2	ERG	out-of-frame	five_prime	42871261	1	19	True	lost	0.0	False		Trypsin; Scavenger receptor cysteine-rich domain		TMPRSS2 (NM_001135099) - ERG (NM_004449) fusion (TMPRSS2 exon1 fused with ERG exons 4-11) : c.56-1145:TMPRSS2_c.40-48890:ERGdel | Protein fusion: out of frame (TMPRSS2-ERG)	NA
EVT-P-0035854-T01-IM6-181	P-0035854-T01-IM6		ERG-TMPRSS2	ERG	in-frame	five_prime	42869513	2	42	True	lost	0.0	False		Trypsin; Scavenger receptor cysteine-rich domain		TMPRSS2 (NM_001135099) - ERG (NM_004449) fusion: c.126+533:TMPRSS2_c.39+11353:ERGdel | Protein Fusion: in frame  {TMPRSS2:ERG}	NA
EVT-P-0008383-T01-IM5-182	P-0008383-T01-IM5		ERG-TMPRSS2	ERG	out-of-frame	five_prime	42874665	1	19	True	lost	0.0	False		Trypsin; Scavenger receptor cysteine-rich domain		TMPRSS2 (NM_001135099) - ERG (NM_004449) fusion (TMPRSS2 exon 1 fused with ERG exons 4-11) : c.56-4549:TMPRSS2_c.40-54245:ERGdel | Protein fusion: out of frame (TMPRSS2-ERG)	NA
EVT-P-0008441-T01-IM5-183	P-0008441-T01-IM5		ERG-TMPRSS2	ERG	in-frame	five_prime	42868117	2	42	True	lost	0.0	False		Trypsin; Scavenger receptor cysteine-rich domain		TMPRSS2 (NM_001135099) - ERG (NM_004449) fusion (TMPRSS2 exons 1-2 fused with ERG exons 4-11) : c.127-1612:TMPRSS2_c.39+60626:ERGdel | Protein fusion: in frame (TMPRSS2-ERG)	NA
EVT-P-0035818-T01-IM6-184	P-0035818-T01-IM6		ERG-TMPRSS2	ERG	in-frame	five_prime	42867727	2	42	True	lost	0.0	False		Trypsin; Scavenger receptor cysteine-rich domain		TMPRSS2 (NM_001135099) - ERG (NM_182918) Fusion (TMPRSS2 exon2 fused with ERG exon2) : c.127-1222:TMPRSS2_c.19-15806:ERGdel | Protein Fusion: in frame  {TMPRSS2:ERG}	NA
EVT-P-0008452-T01-IM5-185	P-0008452-T01-IM5		ERG-TMPRSS2	ERG	out-of-frame	five_prime	42872698	1	19	True	lost	0.0	False		Trypsin; Scavenger receptor cysteine-rich domain		TMPRSS2 (NM_001135099) - ERG (NM_004449) fusion (TMPRSS2 exon1 fused with ERG exons 4 to 11): c.56-2582:TMPRSS2_c.39+45360:ERGdel | Protein fusion: out of frame (TMPRSS2-ERG)	NA
EVT-P-0008525-T01-IM5-186	P-0008525-T01-IM5		ERG-TMPRSS2	ERG	in-frame	five_prime	42869423	2	42	True	lost	0.0	False		Trypsin; Scavenger receptor cysteine-rich domain		TMPRSS2 (NM_001135099) - ERG (NM_182918) Fusion (TMPRSS2 exons 1-2 fused with ERG exons 2-11) : c.126+623:TMPRSS2_c.18+8025:ERGdel | Protein fusion: in frame (TMPRSS2-ERG)	NA
EVT-P-0008525-T02-IM6-187	P-0008525-T02-IM6		ERG-TMPRSS2	ERG	in-frame	five_prime	42869424	2	42	True	lost	0.0	False		Trypsin; Scavenger receptor cysteine-rich domain		TMPRSS2 (NM_001135099)  - ERG (NM_182918) fusion (TMPRSS2 exons 1-2 with ERG exons 2-10): c.126+622:TMPRSS2_c.40-44718:ERGdel | Protein Fusion: in frame  {TMPRSS2:ERG}	NA
EVT-P-0008542-T01-IM5-188	P-0008542-T01-IM5		ERG-TMPRSS2	ERG	out-of-frame	five_prime	42875567	1	19	True	lost	0.0	False		Trypsin; Scavenger receptor cysteine-rich domain		TMPRSS2 (NM_001135099) - ERG (NM_182918) Fusion (TMPRSS2 exons 1 fused with ERG exons 2 -10 ) : c.55+4310:TMPRSS2_c.19-7094:ERGdel | Protein fusion: out of frame (TMPRSS2-ERG)	NA
EVT-P-0008591-T01-IM5-189	P-0008591-T01-IM5		ERG-TMPRSS2	ERG	in-frame	five_prime	42868017	2	42	True	lost	0.0	False		Trypsin; Scavenger receptor cysteine-rich domain		TMPRSS2 (NM_001135099) -ERG (NM_004449) fusion (TMPRSS2 exons 1 and 2 fused with ERG exons 4 to 11) : c.127-1512:TMPRSS2_c.39+64467:ERGdel | Protein fusion: in frame (TMPRSS2-ERG)	NA
EVT-P-0008592-T01-IM5-190	P-0008592-T01-IM5		ERG-TMPRSS2	ERG	out-of-frame	five_prime	42877519	1	19	True	lost	0.0	False		Trypsin; Scavenger receptor cysteine-rich domain		TMPRSS2 (NM_001135099 ) - ERG(NM_004449)  Fusion  (TMPRSS2 exon 1 fused with ERG exons 4-11) : c.55+2358:TMPRSS2_c.39+59122:ERGdel | Protein fusion: out of frame (TMPRSS2-ERG)	NA
EVT-P-0035561-T01-IM6-191	P-0035561-T01-IM6		ERG-TMPRSS2	ERG	out-of-frame	five_prime	42871825	1	19	True	lost	0.0	False		Trypsin; Scavenger receptor cysteine-rich domain		TMPRSS2 (NM_001135099) - ERG (NM_182918) Fusion (TMPRSS2 exon2 fused with ERG exon2) : c.56-1709:TMPRSS2_c.18+5540:ERGdel | Protein Fusion: out of frame  {TMPRSS2:ERG}	NA
EVT-P-0035506-T01-IM6-192	P-0035506-T01-IM6		ERG-TMPRSS2	ERG	out-of-frame	three_prime	42878701	2	19	True	retained	1.0	False	Trypsin; Scavenger receptor cysteine-rich domain			ERG (NM_182918) - TMPRSS2 (NM_001135099) rearrangement: c.19-16831:ERG_c.55+1176:TMPRSS2dup | Protein Fusion: out of frame  {ERG:TMPRSS2}	NA
EVT-P-0035445-T01-IM6-193	P-0035445-T01-IM6		ERG-TMPRSS2	ERG	out-of-frame	five_prime	42874445	1	19	True	lost	0.0	False		Trypsin; Scavenger receptor cysteine-rich domain		TMPRSS2 (NM_001135099) - ERG (NM_182918) fusion: c.56-4329:TMPRSS2_c.18+15866:ERGdel | Protein Fusion: out of frame  {TMPRSS2:ERG}	NA
EVT-P-0008812-T01-IM5-194	P-0008812-T01-IM5		ERG-TMPRSS2	ERG	in-frame	five_prime	42866528	2	42	True	lost	0.0	False		Trypsin; Scavenger receptor cysteine-rich domain		TMPRSS2 (NM_001135099) - ERG (NM_182918) fusion (TMPRSS2 exon1-2 with ERG exons 2-10): c.127-23:TMPRSS2_c.19-9142:ERGdel | Protein fusion: in frame (TMPRSS2-ERG)	NA
EVT-P-0008869-T01-IM5-195	P-0008869-T01-IM5		ERG-TMPRSS2	ERG	out-of-frame	five_prime	42872350	1	19	True	lost	0.0	False		Trypsin; Scavenger receptor cysteine-rich domain		TMPRSS2 (NM_001135099) - ERG (NM_182918) Fusion (TMPRSS2 exon 1 fused to ERG exons 2-10) : c.56-2234:TMPRSS2_c.19-7662:ERGdel | Protein fusion: out of frame (TMPRSS2-ERG)	NA
EVT-P-0008879-T01-IM5-196	P-0008879-T01-IM5		ERG-TMPRSS2	ERG	in-frame	five_prime	42869242	2	42	True	lost	0.0	False		Trypsin; Scavenger receptor cysteine-rich domain		TMPRSS2 (NM_001135099) - ERG (NM_182918) Fusion (TMPRSS2 exons 1-2 fused with ERG exons 2-10): c.126+804:TMPRSS2_c.18+212:ERGdel | Protein fusion: in frame (TMPRSS2-ERG)	NA
EVT-P-0035284-T01-IM6-197	P-0035284-T01-IM6		ERG-TMPRSS2	ERG	in-frame	five_prime	42869055	2	42	True	lost	0.0	False		Trypsin; Scavenger receptor cysteine-rich domain		TMPRSS2 (NM_001135099) - ERG (NM_004449) fusion: c.126+991:TMPRSS2_c.40-63565:ERGdel | Protein Fusion: in frame  {TMPRSS2:ERG}	NA
EVT-P-0024903-T01-IM6-199	P-0024903-T01-IM6		ERG-TMPRSS2	ERG	out-of-frame	five_prime	42873958	1	19	True	lost	0.0	False		Trypsin; Scavenger receptor cysteine-rich domain		TMPRSS2 (NM_001135099) -  ERG (NM_004449) Fusion : c.56-3842:TMPRSS2_c.40-40790:ERGdel | Protein Fusion: out of frame  {TMPRSS2:ERG}	NA
EVT-P-0008960-T01-IM5-200	P-0008960-T01-IM5		ERG-TMPRSS2	ERG	in-frame	five_prime	42867649	2	42	True	lost	0.0	False		Trypsin; Scavenger receptor cysteine-rich domain		TMPRSS2 (NM_001135099) - ERG (NM_004449) fusion (TMPRSS2 exons 1 and 2 fused with ERG exons 4 to 11): c.127-1144:TMPRSS2_c.39+62016:ERGdel | Protein fusion: in frame (TMPRSS2-ERG)	NA
EVT-P-0008960-T02-IM6-201	P-0008960-T02-IM6		ERG-TMPRSS2	ERG	in-frame	five_prime	42867650	2	42	True	lost	0.0	False		Trypsin; Scavenger receptor cysteine-rich domain		TMPRSS2 (NM_001135099) - ERG (NM_004449) fusion (TMPRSS2 exons 1 and 2 fused with ERG exons 4 to 11): c.127-1145:TMPRSS2_c.39+62016:ERGdel | Protein Fusion: in frame  {TMPRSS2:ERG}	NA
EVT-P-0009002-T01-IM5-202	P-0009002-T01-IM5		ERG-TMPRSS2	ERG	unknown	five_prime	42870306	1	19	True	lost	0.0	False		Trypsin; Scavenger receptor cysteine-rich domain		TMPRSS2 (NM_001135099) - ERG (NM_004449) fusion (TMPRSS2 exon1 fused with ERG exons1-11) : c.56-190:TMPRSS2_c.-150+10247:ERGdel | Transcript fusion (TMPRSS2-ERG)	NA
EVT-P-0009006-T01-IM5-203	P-0009006-T01-IM5		ERG-TMPRSS2	ERG	out-of-frame	five_prime	42874595	1	19	True	lost	0.0	False		Trypsin; Scavenger receptor cysteine-rich domain		TMPRSS2 (NM_001135099) - ERG (NM_004449) fusion (TMPRSS2 exon1 fused with ERG exons 4-11) : c.56-4479:TMPRSS2_c.40-50329:ERGdel | Protein fusion: out of frame (TMPRSS2-ERG)	NA
EVT-P-0009006-T02-IM6-204	P-0009006-T02-IM6		ERG-TMPRSS2	ERG	out-of-frame	five_prime	42874596	1	19	True	lost	0.0	False		Trypsin; Scavenger receptor cysteine-rich domain		TMPRSS2 (NM_001135099) rearrangement: c.56-4480:TMPRSS2_chr21:g.39867873del | Protein Fusion: out of frame  {TMPRSS2:ERG}	NA
EVT-P-0009056-T01-IM5-205	P-0009056-T01-IM5		ERG-TMPRSS2	ERG	out-of-frame	five_prime	42870979	1	19	True	lost	0.0	False		Trypsin; Scavenger receptor cysteine-rich domain		TMPRSS2 (NM_001135099) - ERG (NM_004449) fusion (TMPRSS2 exon1 fused with ERG exons 4-11) : c.56-863:TMPRSS2_c.40-40299:ERGdel | Protein fusion: out of frame (TMPRSS2-ERG)	NA
EVT-P-0009056-T02-IM6-206	P-0009056-T02-IM6		ERG-TMPRSS2	ERG	out-of-frame	five_prime	42870980	1	19	True	lost	0.0	False		Trypsin; Scavenger receptor cysteine-rich domain		TMPRSS2 (NM_001135099) - ERG (NM_182918) fusion (TMPRSS2 exon 1 fused with ERG exons 2-10): c.56-864:TMPRSS2_c.18+12444:ERGdel | Protein Fusion: out of frame  {TMPRSS2:ERG}	NA
EVT-P-0009073-T01-IM5-207	P-0009073-T01-IM5		ERG-TMPRSS2	ERG	out-of-frame	five_prime	42873613	1	19	True	lost	0.0	False		Trypsin; Scavenger receptor cysteine-rich domain		TMPRSS2 (NM_001135099) - ERG (NM_004449) fusion (TMPRSS2 exon1 fused with ERG exons 4-11) : c.56-3497:TMPRSS2_c.40-8505:ERGdel | Protein fusion: out of frame (TMPRSS2-ERG)	NA
EVT-P-0009077-T01-IM5-208	P-0009077-T01-IM5		ERG-TMPRSS2	ERG	out-of-frame	five_prime	42870787	1	19	True	lost	0.0	False		Trypsin; Scavenger receptor cysteine-rich domain		TMPRSS2 (NM_001135099) - ERG (NM_004449) fusion (TMPRSS2 exon1 fused with ERG exons 4-11) : c.56-671:TMPRSS2_c.40-59954:ERGdel | Protein fusion: out of frame (TMPRSS2-ERG)	NA
EVT-P-0009082-T01-IM5-209	P-0009082-T01-IM5		ERG-TMPRSS2	ERG	out-of-frame	five_prime	42872956	1	19	True	lost	0.0	False		Trypsin; Scavenger receptor cysteine-rich domain		TMPRSS2 (NM_001135099) - ERG (NM_004449) fusion (TMPRSS2 exon1 fused with ERG exons 4-11) : c.56-2840:TMPRSS2_c.40-50568:ERGdel | Protein fusion: out of frame (TMPRSS2-ERG)	NA
EVT-P-0035221-T01-IM6-210	P-0035221-T01-IM6		ERG-TMPRSS2	ERG	out-of-frame	five_prime	42874805	1	19	True	lost	0.0	False		Trypsin; Scavenger receptor cysteine-rich domain		TMPRSS2 (NM_001135099) - ERG (NM_004449) fusion: c.56-4689:TMPRSS2_c.39+50100:ERGdel | Protein Fusion: out of frame  {TMPRSS2:ERG}	NA
EVT-P-0009361-T01-IM5-211	P-0009361-T01-IM5		ERG-TMPRSS2	ERG	in-frame	five_prime	42867892	2	42	True	lost	0.0	False		Trypsin; Scavenger receptor cysteine-rich domain		TMPRSS2 (NM_001135099) - ERG (NM_004449) fusion (TMPRSS2 exons 1-2 fused in frame with ERG exons 4-11): c.127-1387:TMPRSS2_c.40-63140:ERGdel | Protein fusion: in frame (TMPRSS2-ERG)	NA
EVT-P-0009374-T02-IM5-212	P-0009374-T02-IM5		ERG-TMPRSS2	ERG	in-frame	five_prime	42867657	2	42	True	lost	0.0	False		Trypsin; Scavenger receptor cysteine-rich domain		TMPRSS2 (NM_001135099) - ERG (NM_182918) fusion (TMPRSS2 exons1-2 with ERG exon2-10) : c.127-1152:TMPRSS2_c.18+82:ERGdel | Protein fusion: in frame (TMPRSS2-ERG)	NA
EVT-P-0035065-T01-IM6-213	P-0035065-T01-IM6		ERG-TMPRSS2	ERG	out-of-frame	five_prime	42875047	1	19	True	lost	0.0	False		Trypsin; Scavenger receptor cysteine-rich domain		TMPRSS2 (NM_001135099) - ERG (NM_004449) fusion: c.55+4830:TMPRSS2_c.39+38144:ERGdel | Protein Fusion: out of frame  {TMPRSS2:ERG}	NA
EVT-P-0026153-T01-IM6-215	P-0026153-T01-IM6		ERG-TMPRSS2	ERG	in-frame	five_prime	42868435	2	42	True	lost	0.0	False		Trypsin; Scavenger receptor cysteine-rich domain		TMPRSS2 (NM_001135099) - ERG (NM_004449) Fusion (TMPRSS2 exon2 fused to ERG exon4) : c.126+1611:TMPRSS2_c.39+54119:ERGdel | Protein Fusion: in frame  {TMPRSS2:ERG}	NA
EVT-P-0009687-T01-IM5-216	P-0009687-T01-IM5		ERG-TMPRSS2	ERG	out-of-frame	five_prime	42876697	1	19	True	lost	0.0	False		Trypsin; Scavenger receptor cysteine-rich domain		TMPRSS2 (NM_001135099) - ERG (NM_182918) fusion (TMPRSS2 exon 1 fused with ERG exons 2-10): c.55+3180:TMPRSS2_c.18+6016:ERGdel | Protein fusion: out of frame (TMPRSS2-ERG)	NA
EVT-P-0009687-T02-IM6-217	P-0009687-T02-IM6		ERG-TMPRSS2	ERG	out-of-frame	five_prime	42876698	1	19	True	lost	0.0	False		Trypsin; Scavenger receptor cysteine-rich domain		TMPRSS2 (NM_001135099) - ERG (NM_182918) fusion (TMPRSS2 exon 1 fused with ERG exons 2-10): c.55+3180:TMPRSS2_c.18+6016:ERGdel | Protein Fusion: out of frame  {TMPRSS2:ERG}	NA
EVT-P-0009728-T01-IM5-218	P-0009728-T01-IM5		ERG-TMPRSS2	ERG	in-frame	five_prime	42867606	2	42	True	lost	0.0	False		Trypsin; Scavenger receptor cysteine-rich domain		TMPRSS2 (NM_001135099) - ERG (NM_004449) fusion (TMPRSS2 exons 1-2 fused with ERG exons 4-11) : c.127-1101:TMPRSS2_c.40-52949:ERGdel | Protein fusion: in frame (TMPRSS2-ERG)	NA
EVT-P-0009786-T01-IM5-219	P-0009786-T01-IM5		ERG-TMPRSS2	ERG	in-frame	five_prime	42869553	2	42	True	lost	0.0	False		Trypsin; Scavenger receptor cysteine-rich domain		TMPRSS2(NM_001135099)  -ERG (NM_004449)Fusion (TMPRS22 exon1 fused with ERG exons  4-10) :  c.126+493:TMPRSS2_c.40-60552:ERGdel | Protein fusion: in frame (TMPRSS2-ERG)	NA
EVT-P-0009786-T02-IM5-220	P-0009786-T02-IM5		ERG-TMPRSS2	ERG	in-frame	five_prime	42869553	2	42	True	lost	0.0	False		Trypsin; Scavenger receptor cysteine-rich domain		TMPRSS2 (NM_001135099) - ERG (NM_004449) fusion (TMPRSS2 exons 1-2 fused with ERG exons 4-11) : c.126+493:TMPRSS2_c.40-60552:ERG | Protein fusion: in frame (TMPRSS2-ERG)	NA
EVT-P-0009787-T01-IM5-221	P-0009787-T01-IM5		ERG-TMPRSS2	ERG	out-of-frame	five_prime	42875609	1	19	True	lost	0.0	False		Trypsin; Scavenger receptor cysteine-rich domain		TMPRSS2(NM_001135099)  -ERG ()Fusion (TMPRS22 exon1 fused with ERG exons  4-10) :  c.55+4268:TMPRSS2_c.40-58604:ERGdel | Protein fusion: out of frame (TMPRSS2-ERG)	NA
EVT-P-0009787-T02-IM5-222	P-0009787-T02-IM5		ERG-TMPRSS2	ERG	out-of-frame	five_prime	42875609	1	19	True	lost	0.0	False		Trypsin; Scavenger receptor cysteine-rich domain		TMPRSS2 (NM_001135099) - ERG (NM_004449) fusion:  c.55+4268:TMPRSS2_c.40-58604:ERGdel | Protein fusion: out of frame (TMPRSS2-ERG)	NA
EVT-P-0009819-T01-IM5-223	P-0009819-T01-IM5		ERG-TMPRSS2	ERG	in-frame	five_prime	42867985	2	42	True	lost	0.0	False		Trypsin; Scavenger receptor cysteine-rich domain		TMPRSS2 (NM_001135099) - ERG (NM_004449) fusion (TMPRSS2 exons 1-2 fused with ERG exons 4-11) : c.127-1480:TMPRSS2_c.40-52376:ERGdel | Protein fusion: in frame (TMPRSS2-ERG)	NA
EVT-P-0034865-T01-IM6-224	P-0034865-T01-IM6		ERG-TMPRSS2	ERG	out-of-frame	five_prime	42874660	1	19	True	lost	0.0	False		Trypsin; Scavenger receptor cysteine-rich domain		TMPRSS2 (NM_001135099) - ERG (NM_004449) fusion: c.56-4544:TMPRSS2_c.40-63678:ERGdel | Protein Fusion: out of frame  {TMPRSS2:ERG}	NA
EVT-P-0009892-T01-IM5-225	P-0009892-T01-IM5		ERG-TMPRSS2	ERG	in-frame	five_prime	42867056	2	42	True	lost	0.0	False		Trypsin; Scavenger receptor cysteine-rich domain		TMPRSS2 (NM_001135099) - ERG (NM_182918) fusion (TMPRSS2 exons 1-2 fused in frame with ERG exons 2-10): c.127-551:TMPRSS2_c.18+3860:ERGdel | Protein fusion: in frame (TMPRSS2-ERG)	NA
EVT-P-0010015-T01-IM5-226	P-0010015-T01-IM5		ERG-TMPRSS2	ERG	out-of-frame	five_prime	42871490	1	19	True	lost	0.0	False		Trypsin; Scavenger receptor cysteine-rich domain		TMPRSS2 (NM_001135099) - ERG (NM_182918) fusion (TMPRSS2 exon1 fused with ERG exons 2-9): c.56-1374:TMPRSS2_c.18+8903:ERGdel | Protein fusion: out of frame (TMPRSS2-ERG)	NA
EVT-P-0010071-T01-IM5-227	P-0010071-T01-IM5		ERG-TMPRSS2	ERG	in-frame	five_prime	42869039	2	42	True	lost	0.0	False		Trypsin; Scavenger receptor cysteine-rich domain		TMPRSS2 (NM_001135099) - ERG (NM_182918) fusion (TMPRSS2 exons 1 to 2 fused to ERG exons 3 to 10) : c.126+1007:TMPRSS2_c.19-18011:ERGdel | Protein fusion: in frame (TMPRSS2-ERG)	NA
EVT-P-0010659-T01-IM5-228	P-0010659-T01-IM5		ERG-TMPRSS2	ERG	in-frame	five_prime	42867516	2	42	True	lost	0.0	False		Trypsin; Scavenger receptor cysteine-rich domain		TMPRSS2 (NM_001135099) - ERG (NM_182918) fusion (TMPRSS2 exons 1-2 fused in frame with ERG exons 2-10): c.127-1011:TMPRSS2_c.18+2079:ERGdel | Protein fusion: in frame (TMPRSS2-ERG)	NA
EVT-P-0010794-T01-IM5-230	P-0010794-T01-IM5		ERG-TMPRSS2	ERG	out-of-frame	five_prime	42870148	1	19	True	lost	0.0	False		Trypsin; Scavenger receptor cysteine-rich domain		TMPRSS2 (NM_001135099) - ERG (NM_182918) fusion (TMPRSS2 exon1 with ERG exons 2-10) : c.56-32:TMPRSS2_c.18+3305:ERGdel | Protein fusion: out of frame (TMPRSS2-ERG)	NA
EVT-P-0010796-T01-IM5-231	P-0010796-T01-IM5		ERG-TMPRSS2	ERG	out-of-frame	five_prime	42871526	1	19	True	lost	0.0	False		Trypsin; Scavenger receptor cysteine-rich domain		TMPRSS2 (NM_001135099) - ERG (NM_182918) fusion (TMPRSS2 exon1 with ERG exons 2-10) : c.56-1410:TMPRSS2_c.19-20820:ERGdel | Protein fusion: out of frame (TMPRSS2-ERG)	NA
EVT-P-0010796-T02-IM6-232	P-0010796-T02-IM6		ERG-TMPRSS2	ERG	out-of-frame	five_prime	42871527	1	19	True	lost	0.0	False		Trypsin; Scavenger receptor cysteine-rich domain		TMPRSS2 (NM_001135099) - ERG (NM_182918) fusion (TMPRSS2 exon1 with ERG exons 2-10) : c.56-1410:TMPRSS2_c.19-20820:ERGdel | Protein Fusion: out of frame  {TMPRSS2:ERG}	NA
EVT-P-0010953-T01-IM5-233	P-0010953-T01-IM5		ERG-TMPRSS2	ERG	out-of-frame	five_prime	42872263	1	19	True	lost	0.0	False		Trypsin; Scavenger receptor cysteine-rich domain		TMPRSS2 (NM_001135099) - ERG (NM_004449) Fusion (TMPRSS2 exon 1 fused with ERG exons 4-11): c.56-2147:TMPRSS2_c.40-37761:ERGdel | Protein fusion: out of frame (TMPRSS2-ERG)	NA
EVT-P-0011156-T01-IM5-234	P-0011156-T01-IM5		ERG-TMPRSS2	ERG	out-of-frame	five_prime	42875503	1	19	True	lost	0.0	False		Trypsin; Scavenger receptor cysteine-rich domain		TMPRSS2 (NM_001135099) - ERG (NM_182918) fusion (TMPRSS2 exon 1 fused with ERG exons 2-10): c.55+4374:TMPRSS2_c.18+15905:ERGdel | Protein fusion: out of frame (TMPRSS2-ERG)	NA
EVT-P-0034815-T01-IM6-235	P-0034815-T01-IM6		ERG-TMPRSS2	ERG	out-of-frame	five_prime	42873156	1	19	True	lost	0.0	False		Trypsin; Scavenger receptor cysteine-rich domain		TMPRSS2 (NM_001135099) - ERG (NM_182918) fusion: c.56-3040:TMPRSS2_c.18+3720:ERGdel | Protein Fusion: out of frame  {TMPRSS2:ERG}	NA
EVT-P-0034674-T01-IM6-236	P-0034674-T01-IM6		ERG-TMPRSS2	ERG	out-of-frame	five_prime	42875738	1	19	True	lost	0.0	False		Trypsin; Scavenger receptor cysteine-rich domain		TMPRSS2 (NM_001135099) - ERG (NM_182918) fusion: c.55+4139:TMPRSS2_c.19-24509:ERGdel | Protein Fusion: out of frame  {TMPRSS2:ERG}	NA
EVT-P-0011364-T01-IM5-237	P-0011364-T01-IM5		ERG-TMPRSS2	ERG	out-of-frame	five_prime	42877201	1	19	True	lost	0.0	False		Trypsin; Scavenger receptor cysteine-rich domain		TMPRSS2 (NM_001135099) - ERG (NM_004449) fusion (TMPRSS2 exon1 with ERG exons 4-11) : c.55+2676:TMPRSS2_c.40-58736:ERGdel | Protein fusion: out of frame (TMPRSS2-ERG)	NA
EVT-P-0034620-T01-IM6-238	P-0034620-T01-IM6		ERG-TMPRSS2	ERG	out-of-frame	five_prime	42875887	1	19	True	lost	0.0	False		Trypsin; Scavenger receptor cysteine-rich domain		TMPRSS2 (NM_001135099) - ERG (NM_182918) fusion: c.55+3990:TMPRSS2_c.18+9776:ERGdel | Protein Fusion: out of frame  {TMPRSS2:ERG}	NA
EVT-P-0011377-T01-IM5-239	P-0011377-T01-IM5		ERG-TMPRSS2	ERG	in-frame	five_prime	42867668	2	42	True	lost	0.0	False		Trypsin; Scavenger receptor cysteine-rich domain		TMPRSS2 (NM_001135099) - ERG (NM_182918) fusion (TMPRSS2 exons 1-2 fused in frame with ERG exons 4-10): c.127-1163:TMPRSS2_c.19-14268:ERGdel | Protein fusion: in frame (TMPRSS2-ERG)	NA
EVT-P-0011429-T01-IM5-240	P-0011429-T01-IM5		ERG-TMPRSS2	ERG	out-of-frame	five_prime	42876141	1	19	True	lost	0.0	False		Trypsin; Scavenger receptor cysteine-rich domain		TMPRSS2 (NM_001135099) - ERG (NM_004449) fusion (TMPRSS2 exon1 fused with ERG exons 4-11) : c.55+3736:TMRPSS2_c.40-43016:ERGdel | Protein fusion: out of frame (TMPRSS2-ERG)	NA
EVT-P-0034480-T01-IM6-241	P-0034480-T01-IM6		ERG-TMPRSS2	ERG	out-of-frame	five_prime	42871949	1	19	True	lost	0.0	False		Trypsin; Scavenger receptor cysteine-rich domain		TMPRSS2 (NM_001135099) - ERG (NM_004449) fusion (TMPRSS2 exon 1 fused to ERG exons 4-11 ): c.56-1833:TMPRSS2_c.39+53541:ERGdel | Protein Fusion: out of frame  {TMPRSS2:ERG}	NA
EVT-P-0011472-T01-IM5-242	P-0011472-T01-IM5		ERG-TMPRSS2	ERG	out-of-frame	five_prime	42872511	1	19	True	lost	0.0	False		Trypsin; Scavenger receptor cysteine-rich domain		TMPRSS2 (NM_001135099) - ERG (NM_182918) fusion (exon 1 of TMPRSS2 with exons 2-10 of ERG): c.56-2395:TMPRSS2_c.18+9580:ERGdel | Protein fusion: out of frame (TMPRSS2-ERG)	NA
EVT-P-0034431-T01-IM6-243	P-0034431-T01-IM6		ERG-TMPRSS2	ERG	out-of-frame	five_prime	42872774	1	19	True	lost	0.0	False		Trypsin; Scavenger receptor cysteine-rich domain		TMPRSS2 (NM_001135099) - ERG (NM_182918) fusion (TMPRRS2 exon 1 fused to ERG exons 2-10): c.56-2658:TMPRSS2_c.18+15598:ERGdel | Protein Fusion: out of frame  {TMPRSS2:ERG}	NA
EVT-P-0034384-T01-IM6-244	P-0034384-T01-IM6		ERG-TMPRSS2	ERG	out-of-frame	five_prime	42872622	1	19	True	lost	0.0	False		Trypsin; Scavenger receptor cysteine-rich domain		TMPRSS2 (NM_001135099) - ERG (NM_182918) fusion: c.56-2506:TMPRSS2_c.18+6601:ERGdel | Protein Fusion: out of frame  {TMPRSS2:ERG}	NA
EVT-P-0011534-T01-IM5-246	P-0011534-T01-IM5		ERG-TMPRSS2	ERG	out-of-frame	five_prime	42877936	1	19	True	lost	0.0	False		Trypsin; Scavenger receptor cysteine-rich domain		TMPRSS2 (NM_001135099) - ERG (NM_004449) Fusion (TMPRSS2 exon 1 fused to ERG exon 4-11):  c.55+1941:TMPRSS2_c.39+64333:ERGdel | Protein fusion: out of frame (TMPRSS2-ERG)	NA
EVT-P-0011577-T01-IM5-247	P-0011577-T01-IM5		ERG-TMPRSS2	ERG	in-frame	five_prime	42867016	2	42	True	lost	0.0	False		Trypsin; Scavenger receptor cysteine-rich domain		TMPRSS2 (NM_001135099) - ERG (NM_004449) fusion (TMPRSS2 exons 1-2 fused with ERG exons 4-11) : c.127-511:TMPRSS2_c.40-47146:ERGdel | Protein fusion: in frame (TMPRSS2-ERG)	NA
EVT-P-0012029-T01-IM5-248	P-0012029-T01-IM5		ERG-TMPRSS2	ERG	in-frame	five_prime	42868158	2	42	True	lost	0.0	False		Trypsin; Scavenger receptor cysteine-rich domain		TMPRSS2 (NM_001135099) - ERG (NM_004449) fusion (TMPRSS2 exons 1-2 fused with ERG exons 4-11) : c.127-1653:TMPRSS2_c.19-13747:ERGdel | Protein fusion: in frame (TMPRSS2-ERG)	NA
EVT-P-0034296-T01-IM6-249	P-0034296-T01-IM6		ERG-TMPRSS2	ERG	out-of-frame	five_prime	42871419	1	19	True	lost	0.0	False		Trypsin; Scavenger receptor cysteine-rich domain		TMPRSS2 (NM_001135099) - ERG (NM_004449) fusion: c.56-1303:TMPRSS2_c.40-58938:ERGdel | Protein Fusion: out of frame  {TMPRSS2:ERG}	NA
EVT-P-0012046-T01-IM5-250	P-0012046-T01-IM5		ERG-TMPRSS2	ERG	out-of-frame	three_prime	42872227	2	19	True	retained	1.0	False	Trypsin; Scavenger receptor cysteine-rich domain			ERG (NM_004449) - TMPRSS2 (NM_001135099) rearrangement : c.40-45795:ERG_c.56-2111:TMPRSS2dup | Protein fusion: out of frame (ERG-TMPRSS2)	NA
EVT-P-0012048-T01-IM5-251	P-0012048-T01-IM5		ERG-TMPRSS2	ERG	in-frame	five_prime	42869860	2	42	True	lost	0.0	False		Trypsin; Scavenger receptor cysteine-rich domain		TMPRSS2 (NM_001135099) - ERG (NM_004449) fusion (TMPRSS2 exons 1-2 fused with ERG exons 4-11) : c.126+186:TMPRSS2_c.39+62923:ERGdel | Protein fusion: in frame (TMPRSS2-ERG)	NA
EVT-P-0033934-T01-IM6-252	P-0033934-T01-IM6		ERG-TMPRSS2	ERG	out-of-frame	five_prime	42879212	1	19	True	lost	0.0	False		Trypsin; Scavenger receptor cysteine-rich domain		TMPRSS2 (NM_001135099) - ERG (NM_004449) fusion: c.55+665:TMPRSS2_c.40-58822:ERGdel | Protein Fusion: out of frame  {TMPRSS2:ERG}	NA
EVT-P-0012104-T01-IM5-253	P-0012104-T01-IM5		ERG-TMPRSS2	ERG	unknown	five_prime	42869622	2	42	True	lost	0.0	False		Trypsin; Scavenger receptor cysteine-rich domain		TMPRSS2 (NM_001135099) - ERG (NM_001243428) fusion (TMPRSS2 exons 1-2 fused with ERG exons 4-11): (c.126+879:TMRPSS2_c.40-63033:ERGdel) | Transcript fusion (TMPRSS2-ERG)	NA
EVT-P-0012109-T01-IM5-255	P-0012109-T01-IM5		ERG-TMPRSS2	ERG	out-of-frame	five_prime	42875429	1	19	True	lost	0.0	False		Trypsin; Scavenger receptor cysteine-rich domain		TMPRSS2 (NM_001135099) - ERG (NM_004449) fusion  (TMPRSS2 exon1 fused with ERG exons 4-11) : c.55+4448:TMPRSS2_c.40-56700:ERGdel | Protein fusion: out of frame (TMPRSS2-ERG)	NA
EVT-P-0012109-T02-IM6-256	P-0012109-T02-IM6		ERG-TMPRSS2	ERG	out-of-frame	five_prime	42875429	1	19	True	lost	0.0	False		Trypsin; Scavenger receptor cysteine-rich domain		TMPRSS2 (NM_001135099) - ERG (NM_004449) fusion (TMPRSS2 exon 1 with ERG exons 4-11) : c.55+4448:TMPRSS2_c.40-56700:ERGdel | Protein fusion: out of frame (TMPRSS2-ERG)	NA
EVT-P-0012132-T01-IM5-257	P-0012132-T01-IM5		ERG-TMPRSS2	ERG	in-frame	five_prime	42868520	2	42	True	lost	0.0	False		Trypsin; Scavenger receptor cysteine-rich domain		TMPRSS2 (NM_001135099) - ERG (NM_182918) fusion: c.126+1526:TMPRSS2_c.18+2872:ERGdel | Protein fusion: in frame (TMPRSS2-ERG)	NA
EVT-P-0012375-T01-IM5-258	P-0012375-T01-IM5		ERG-TMPRSS2	ERG	out-of-frame	five_prime	42870175	1	19	True	lost	0.0	False		Trypsin; Scavenger receptor cysteine-rich domain		TMPRSS2 (NM_001135099) - ERG (NM_004449) fusion (TMPRSS2 exon1 with ERG exons 4-11): c.56-59:TMPRSS2_c.40-58424:ERGdel | Protein fusion: out of frame (TMPRSS2-ERG)	NA
EVT-P-0012197-T02-IM5-261	P-0012197-T02-IM5		ERG-TMPRSS2	ERG	out-of-frame	five_prime	42872650	1	19	True	lost	0.0	False		Trypsin; Scavenger receptor cysteine-rich domain		TMPRSS2 (NM_001135099 - ERG (NM_004449) fusion (TMPRSS2 exon 1 with ERG exons 4-11 ): c.56-2534_c.39+38157del | Protein fusion: out of frame (TMPRSS2-ERG)	NA
EVT-P-0012271-T01-IM5-262	P-0012271-T01-IM5		ERG-TMPRSS2	ERG	out-of-frame	five_prime	42872883	1	19	True	lost	0.0	False		Trypsin; Scavenger receptor cysteine-rich domain		TMPRSS2 (NM_001135099) - ERG (NM_004449) fusion (TMPRSS2 exon1 with ERG exons 4-11): c.56-2767:TMPRSS2_c.39+13672:ERGdel | Protein fusion: out of frame (TMPRSS2-ERG)	NA
EVT-P-0033701-T02-IM6-263	P-0033701-T02-IM6		ERG-TMPRSS2	ERG	out-of-frame	five_prime	42873967	1	19	True	lost	0.0	False		Trypsin; Scavenger receptor cysteine-rich domain		TMPRSS2 (NM_001135099) - ERG (NM_182918) fusion: c.56-3851:TMPRSS2_c.19-2454:ERGdel | Protein Fusion: out of frame  {TMPRSS2:ERG}	NA
EVT-P-0012321-T01-IM5-264	P-0012321-T01-IM5		ERG-TMPRSS2	ERG	in-frame	five_prime	42868127	2	42	True	lost	0.0	False		Trypsin; Scavenger receptor cysteine-rich domain		TMPRSS2 (NM_001135099) -ERG (NM_004449) Fusion (TMPRSS2 exons 1-2 fused with ERG exons 4-11) : c.127-1622:TMPRSS2_c.40-58417:ERGdel | Protein fusion: in frame (TMPRSS2-ERG)	NA
EVT-P-0012327-T01-IM5-266	P-0012327-T01-IM5		ERG-TMPRSS2	ERG	unknown	five_prime	42871029	1	19	True	lost	0.0	False		Trypsin; Scavenger receptor cysteine-rich domain		TMPRSS2 (NM_001135099) -ERG (NM_004449) fusion (TMPRSS2 exon 1 fused with ERG exons 2-11) : c.56-913:TMPRSS2_c.-150+10700:ERGdel | Transcript fusion (TMPRSS2-ERG)	NA
EVT-P-0012328-T01-IM5-267	P-0012328-T01-IM5		ERG-TMPRSS2	ERG	out-of-frame	five_prime	42877085	1	19	True	lost	0.0	False		Trypsin; Scavenger receptor cysteine-rich domain		TMPRSS2 (NM_001135099) -ERG (NM_182918) Fusion (TMPRSS2 exon 1 fused with ERG exons 2-10) : c.55+2792:TMPRSS2_c.19-6300:ERGdel | Protein fusion: out of frame (TMPRSS2-ERG)	NA
EVT-P-0012368-T01-IM5-268	P-0012368-T01-IM5		ERG-TMPRSS2	ERG	in-frame	five_prime	42869637	2	42	True	lost	0.0	False		Trypsin; Scavenger receptor cysteine-rich domain		TMPRSS2 (NM_001135099) - ERG (NM_182918)  fusion (TMPRSS2 exons 1-2  with ERG exons 2-10): c.126+409:TMPRSS2_c.18+18604:ERGdel | Protein fusion: in frame (TMPRSS2-ERG)	NA
EVT-P-0025650-T01-IM6-269	P-0025650-T01-IM6		ERG-TMPRSS2	ERG	out-of-frame	five_prime	42872614	1	19	True	lost	0.0	False		Trypsin; Scavenger receptor cysteine-rich domain		TMPRSS2 (NM_001135099) - ERG (NM_004449) Fusion (TMPRSS2 exon 1 with ERG exon 3) : c.56-2498:TMPRSS2_c.39+45031:ERGdel | Protein Fusion: out of frame  {TMPRSS2:ERG}	NA
EVT-P-0012507-T01-IM5-270	P-0012507-T01-IM5		ERG-TMPRSS2	ERG	out-of-frame	five_prime	42872292	1	19	True	lost	0.0	False		Trypsin; Scavenger receptor cysteine-rich domain		TMPRSS2 (NM_001135099) - ERG (NM_182918) fusion: c.56-2176:TMPRSS2_c.18+2263:ERGdel | Protein fusion: out of frame (TMPRSS2-ERG)	NA
EVT-P-0012555-T01-IM5-271	P-0012555-T01-IM5		ERG-TMPRSS2	ERG	out-of-frame	five_prime	42875301	1	19	True	lost	0.0	False		Trypsin; Scavenger receptor cysteine-rich domain		TMPRSS2 (NM_001135099) - ERG (NM_182918) fusion: c.55+4576:TMPRSS2_c.-4791:ERGdel | Protein fusion: out of frame (TMPRSS2-ERG)	NA
EVT-P-0012555-T02-IM6-272	P-0012555-T02-IM6		ERG-TMPRSS2	ERG	out-of-frame	five_prime	42875302	1	19	True	lost	0.0	False		Trypsin; Scavenger receptor cysteine-rich domain		TMPRSS2 (NM_001135099) - ERG (NM_004449) fusion: c.55+4576:TMPRSS2_c.40-57551:ERGdel | Protein Fusion: out of frame  {TMPRSS2:ERG}	NA
EVT-P-0012630-T01-IM5-273	P-0012630-T01-IM5		ERG-TMPRSS2	ERG	unknown	five_prime	42871597	1	19	True	lost	0.0	False		Trypsin; Scavenger receptor cysteine-rich domain		TMPRSS2 (NM_001135099) - ERG (NM_004449) fusion (TMPRSS2 exon 1 fused with ERG exons 3-11) : c.56-1481:TMPRSS2_c.-47-4326:ERG_del | Transcript fusion (TMPRSS2-ERG)	NA
EVT-P-0006856-T01-IM5-276	P-0006856-T01-IM5		ERG-TMPRSS2	ERG	out-of-frame	five_prime	42872207	1	19	True	lost	0.0	False		Trypsin; Scavenger receptor cysteine-rich domain		TMPRSS2 (NM_001135099) -ERG (NM_004449) Fusion (TMPRSS2 exon 1 fused with ERG exons 4-11) :  c.56-2091:TMPRSS2_c.40-13213:ERGdel | Protein fusion: out of frame (TMPRSS2-ERG)	NA
EVT-P-0018713-T01-IM6-277	P-0018713-T01-IM6		ERG-TMPRSS2	ERG	in-frame	five_prime	42867931	2	42	True	lost	0.0	False		Trypsin; Scavenger receptor cysteine-rich domain		TMPRSS2 (NM_001135099) - ERG (NM_004449) fusion (TMRPSS2 exon 1 fused with ERG exons 4-11): c.127-1426:TMPRSS2_c.40-60631:ERGdel | Protein Fusion: in frame  {TMPRSS2:ERG}	NA
EVT-P-0012914-T01-IM5-278	P-0012914-T01-IM5		ERG-TMPRSS2	ERG	in-frame	five_prime	42869111	2	42	True	lost	0.0	False		Trypsin; Scavenger receptor cysteine-rich domain		TMPRSS2 (NM_001135099) - ERG (NM_182918) fusion (TMPRSS2 exons 1-2 with ERG exons 2-10): c.126+935:TMPRSS2_c.18+7096:ERGdel | Protein fusion: in frame (TMPRSS2-ERG)	NA
EVT-P-0012930-T01-IM5-279	P-0012930-T01-IM5		ERG-TMPRSS2	ERG	out-of-frame	five_prime	42870218	1	19	True	lost	0.0	False		Trypsin; Scavenger receptor cysteine-rich domain		TMPRSS2 (NM_001135099) - ERG (NM_182918) fusion: c.56-102:TMPRSS2_c.18+5504:ERGdel | Protein fusion: out of frame (TMPRSS2-ERG)	NA
EVT-P-0013116-T01-IM5-281	P-0013116-T01-IM5		ERG-TMPRSS2	ERG	out-of-frame	five_prime	42872374	1	19	True	lost	0.0	False		Trypsin; Scavenger receptor cysteine-rich domain		TMPRSS2 (NM_001135099) - ERG (NM_182918) fusion: c.56-2258:TMPRSS2_c.18+16764:ERGdel | Protein fusion: out of frame (TMPRSS2-ERG)	NA
EVT-P-0013336-T01-IM5-282	P-0013336-T01-IM5		ERG-TMPRSS2	ERG	out-of-frame	five_prime	42874388	1	19	True	lost	0.0	False		Trypsin; Scavenger receptor cysteine-rich domain		TMPRSS2 (NM_001135099) - ERG (NM_182918) fusion (TMPRSS2 exons 1-2 fused with ERG exons 2 to 10) : c.56-4272:TMPRSS2_c.19-13796:ERGdel | Protein fusion: out of frame (TMPRSS2-ERG)	NA
EVT-P-0013372-T01-IM5-283	P-0013372-T01-IM5		ERG-TMPRSS2	ERG	out-of-frame	five_prime	42868312	2	42	True	lost	0.0	False		Trypsin; Scavenger receptor cysteine-rich domain		TMPRSS2 (NM_001135099) - ERG (NM_182918) fusion: c.126+1734:TMPRSS2_c.237-2384:ERGdel | Protein fusion: out of frame (TMPRSS2-ERG)	NA
EVT-P-0013401-T01-IM5-284	P-0013401-T01-IM5		ERG-TMPRSS2	ERG	out-of-frame	five_prime	42875769	1	19	True	lost	0.0	False		Trypsin; Scavenger receptor cysteine-rich domain		TMPRSS2 (NM_001135099) - ERG (NM_182918) fusion: c.55+4108:TMPRSS2_c.19-22056:ERGdel | Protein fusion: out of frame (TMPRSS2-ERG)	NA
EVT-P-0013457-T01-IM5-285	P-0013457-T01-IM5		ERG-TMPRSS2	ERG	unknown	three_prime	42864658	4	117	True	retained	1.0	False	Trypsin; Scavenger receptor cysteine-rich domain			ERG (NM_182918) - TMPRSS2 (NM_001135099) rearrangement: c.5:ERG_c.349+1625:TMPRSS2dup | Protein fusion: mid-exon (ERG-TMPRSS2)	NA
EVT-P-0013465-T01-IM5-286	P-0013465-T01-IM5		ERG-TMPRSS2	ERG	in-frame	five_prime	42869204	2	42	True	lost	0.0	False		Trypsin; Scavenger receptor cysteine-rich domain		TMPRSS2 (NM_001135099) - ERG (NM_004449) fusion: c.126+842:TMPRSS2_c.40-57378:ERGdel | Protein fusion: in frame (TMPRSS2-ERG)	NA
EVT-P-0013503-T01-IM5-287	P-0013503-T01-IM5		ERG-TMPRSS2	ERG	out-of-frame	five_prime	42875717	1	19	True	lost	0.0	False		Trypsin; Scavenger receptor cysteine-rich domain		TMPRSS2 (NM_001135099) - ERG (NM_182918) fusion (TMPRSS2 exon 1 fused with ERG exons 2-10): c.55+4160:TMPRSS2_c.18+11744:ERGdel | Protein fusion: out of frame (TMPRSS2-ERG)	NA
EVT-P-0033226-T01-IM6-288	P-0033226-T01-IM6		ERG-TMPRSS2	ERG	out-of-frame	five_prime	42871204	1	19	True	lost	0.0	False		Trypsin; Scavenger receptor cysteine-rich domain		TMPRSS2 (NM_001135099) - ERG (NM_004449) Fusion (TMPRSS2 exon1 fused with ERG exon2) : c.56-1088:TMPRSS2_c.40-47540:ERGdel | Protein Fusion: out of frame  {TMPRSS2:ERG}	NA
EVT-P-0026159-T01-IM6-289	P-0026159-T01-IM6		ERG-TMPRSS2	ERG	out-of-frame	five_prime	42877818	1	19	True	lost	0.0	False		Trypsin; Scavenger receptor cysteine-rich domain		TMPRSS2 (NM_001135099) - ERG (NM_182918) Fusion (TMPRSS2 exon1 fused to ERG exon2) : c.55+2059:TMPRSS2_c.19-16879:ERGdel | Protein Fusion: out of frame  {TMPRSS2:ERG}	NA
EVT-P-0013729-T01-IM5-290	P-0013729-T01-IM5		ERG-TMPRSS2	ERG	out-of-frame	five_prime	42876881	1	19	True	lost	0.0	False		Trypsin; Scavenger receptor cysteine-rich domain		TMPRSS2 (NM_001135099) - ERG (NM_182918) fusion (TMPRSS2 exon 1 fused with ERG exons 2-10): c.55+2996:TMPRSS2_c.18+1445:ERGdel | Protein fusion: out of frame (TMPRSS2-ERG)	NA
EVT-P-0013733-T01-IM5-291	P-0013733-T01-IM5		ERG-TMPRSS2	ERG	in-frame	five_prime	42868379	2	42	True	lost	0.0	False		Trypsin; Scavenger receptor cysteine-rich domain		TMPRSS2 (NM_001135099) - ERG (NM_182918) fusion (TMPRSS2 exons 1-2 fused in-frame with ERG exons 2-10): c.126+1667:TMPRSS2_c.18+2781:ERGdel | Protein fusion: in frame (TMPRSS2-ERG)	NA
EVT-P-0013791-T01-IM5-292	P-0013791-T01-IM5		ERG-TMPRSS2	ERG	in-frame	five_prime	42869530	2	42	True	lost	0.0	False		Trypsin; Scavenger receptor cysteine-rich domain		TMPRSS2 (NM_001135099) - ERG (NM_004449) Fusion (TMPRSS2 exons 1-2 fused with ERG exons 4-11) : c.126+516:TMPRSS2_c.40-64952:ERGdel | Protein fusion: in frame (TMPRSS2-ERG)	NA
EVT-P-0013810-T01-IM5-293	P-0013810-T01-IM5		ERG-TMPRSS2	ERG	in-frame	five_prime	42867882	2	42	True	lost	0.0	False		Trypsin; Scavenger receptor cysteine-rich domain		TMPRSS2 (NM_001135099) - ERG (NM_004449) fusion (TMPRSS2 exons 1-2 fused in-frame to ERG exons 4-11): c.127-1377:TMPRSS2_c.40-64863:ERGdel | Protein fusion: in frame (TMPRSS2-ERG)	NA
EVT-P-0013837-T01-IM5-294	P-0013837-T01-IM5		ERG-TMPRSS2	ERG	unknown	five_prime	42875045	1	19	True	lost	0.0	False		Trypsin; Scavenger receptor cysteine-rich domain		TMPRSS2 (NM_001135099) - ERG (NM_004449) fusion (TMPRSS2 exon 1 fused to ERG exons 3-11): c.55+4832:TMPRSS2_c.-149-29687:ERGdel | Transcript fusion (TMPRSS2-ERG)	NA
EVT-P-0013844-T01-IM5-295	P-0013844-T01-IM5		ERG-TMPRSS2	ERG	in-frame	three_prime	42867863	3	43	True	retained	1.0	False	Trypsin; Scavenger receptor cysteine-rich domain			ERG (NM_004449) - TMPRSS2 (NM_001135099) rearrangement: c.40-54335:ERG_c.127-1358:TMPRSS2dup | Protein fusion: in frame (ERG-TMPRSS2)	NA
EVT-P-0013844-T02-IM6-296	P-0013844-T02-IM6		ERG-TMPRSS2	ERG	in-frame	three_prime	42867863	3	43	True	retained	1.0	False	Trypsin; Scavenger receptor cysteine-rich domain			ERG (NM_004449) - TMPRSS2 (NM_001135099) rearrangement: c.40-54335:ERG_c.127-1358:TMPRSS2dup | Protein fusion: in frame (ERG-TMPRSS2)	NA
EVT-P-0013858-T01-IM5-297	P-0013858-T01-IM5		ERG-TMPRSS2	ERG	out-of-frame	five_prime	42875533	1	19	True	lost	0.0	False		Trypsin; Scavenger receptor cysteine-rich domain		TMPRSS2 (NM_001135099) - ERG (NM_004449) Fusion (TMPRSS2 exon 1 fused with ERG exons  4-11) c.55+4344:TMPRSS2_c.39+49391:ERGdel | Protein fusion: out of frame (TMPRSS2-ERG)	NA
EVT-P-0013957-T01-IM5-300	P-0013957-T01-IM5		ERG-TMPRSS2	ERG	out-of-frame	five_prime	42875289	1	19	True	lost	0.0	False		Trypsin; Scavenger receptor cysteine-rich domain		TMPRSS2 (NM_001135099)  - ERG (NM_004449) fusion: c.55+4588:TMPRSS2_c.40-54610:ERGdel | Protein fusion: out of frame (TMPRSS2-ERG)	NA
EVT-P-0014004-T01-IM5-301	P-0014004-T01-IM5		ERG-TMPRSS2	ERG	out-of-frame	five_prime	42876049	1	19	True	lost	0.0	False		Trypsin; Scavenger receptor cysteine-rich domain		TMPRSS2 (NM_001135099) - ERG (NM_004449) fusion: c.55+3828_c.40-59410del | Protein fusion: out of frame (TMPRSS2-ERG)	NA
EVT-P-0014004-T02-IM6-302	P-0014004-T02-IM6		ERG-TMPRSS2	ERG	out-of-frame	five_prime	42876049	1	19	True	lost	0.0	False		Trypsin; Scavenger receptor cysteine-rich domain		TMPRSS2 (NM_001135099) - ERG (NM_004449) fusion: c.55+3828_c.40-59410del | Protein fusion: out of frame (TMPRSS2-ERG)	NA
EVT-P-0014004-T03-IM6-303	P-0014004-T03-IM6		ERG-TMPRSS2	ERG	out-of-frame	five_prime	42876050	1	19	True	lost	0.0	False		Trypsin; Scavenger receptor cysteine-rich domain		TMPRSS2 (NM_001135099) - ERG (NM_004449) fusion: c.55+3827_c.40-59410del | Protein Fusion: out of frame  {TMPRSS2:ERG}	NA
EVT-P-0014076-T01-IM5-304	P-0014076-T01-IM5		ERG-TMPRSS2	ERG	out-of-frame	five_prime	42873749	1	19	True	lost	0.0	False		Trypsin; Scavenger receptor cysteine-rich domain		TMPRSS2 (NM_001135099) - ERG (NM_182918) fusion (TMPRSS2 exon 1 fused to ERG exons 2-10): c.56-3633:TMPRSS2_c.18+24406:ERGdel | Protein fusion: out of frame (TMPRSS2-ERG)	NA
EVT-P-0014202-T01-IM6-306	P-0014202-T01-IM6		ERG-TMPRSS2	ERG	in-frame	five_prime	42869590	2	42	True	lost	0.0	False		Trypsin; Scavenger receptor cysteine-rich domain		TMPRSS2 (NM_001135099) - ERG (NM_182918) fusion (TMPRSS2 exons 1-2 fused in-frame to ERG exons 2-10): c.126+456:TMPRSS2_c.18+59:ERGdel | Protein fusion: in frame (TMPRSS2-ERG)	NA
EVT-P-0026162-T01-IM6-307	P-0026162-T01-IM6		ERG-TMPRSS2	ERG	out-of-frame	five_prime	42872550	1	19	True	lost	0.0	False		Trypsin; Scavenger receptor cysteine-rich domain		TMPRSS2 (NM_001135099) - ERG (NM_004449) Fusion (fTMPRSS2 exon 1 with ERG exons 4-10): c.56-2434:TMPRSS2_c.40-58863:ERGdel | Protein Fusion: out of frame  {TMPRSS2:ERG}	NA
EVT-P-0014341-T01-IM6-308	P-0014341-T01-IM6		ERG-TMPRSS2	ERG	out-of-frame	five_prime	42872363	1	19	True	lost	0.0	False		Trypsin; Scavenger receptor cysteine-rich domain		TMPRSS2 (NM_001135099) - ERG (NM_182918) fusion (TMPRSS2 exon 1 fused to ERG exons 4-10): c.56-2247:TMPRSS2_c.-4097:ERGdel | Protein fusion: out of frame (TMPRSS2-ERG)	NA
EVT-P-0032801-T01-IM6-309	P-0032801-T01-IM6		ERG-TMPRSS2	ERG	out-of-frame	five_prime	42870711	1	19	True	lost	0.0	False		Trypsin; Scavenger receptor cysteine-rich domain		TMPRSS2 (NM_001135099) - ERG (NM_182918) fusion (TMPRSS2 exon 1 fused with ERG exons 2-10): c.56-595:TMPRSS2_c.19-12368:ERGdel | Protein Fusion: out of frame  {TMPRSS2:ERG}	NA
EVT-P-0032799-T01-IM6-311	P-0032799-T01-IM6		ERG-TMPRSS2	ERG	out-of-frame	five_prime	42879062	1	19	True	lost	0.0	False		Trypsin; Scavenger receptor cysteine-rich domain		TMPRSS2 (NM_001135099) - ERG (NM_004449) fusion (TMPRRS2 exon 1 fused to ERG exons 4-11): c.55+815:TMPRSS2_c.39+61431:ERGdel | Protein Fusion: out of frame  {TMPRSS2:ERG}	NA
EVT-P-0014414-T01-IM6-312	P-0014414-T01-IM6		ERG-TMPRSS2	ERG	out-of-frame	three_prime	42872504	2	19	True	retained	1.0	False	Trypsin; Scavenger receptor cysteine-rich domain			ERG (NM_004449) - TMPRRS2 (NM_001135099) rearrangement: c.39+51460:ERG_c.56-2388:TMPRRS2dup | Protein fusion: out of frame (ERG-TMPRSS2)	NA
EVT-P-0014425-T01-IM6-313	P-0014425-T01-IM6		ERG-TMPRSS2	ERG	out-of-frame	five_prime	42872644	1	19	True	lost	0.0	False		Trypsin; Scavenger receptor cysteine-rich domain		TMPRSS2 (NM_001135099) - ERG (NM_182918) fusion (TMPRSS2 exon 1 fused with ERG exons 2-10): c.56-2528:TMPRSS2_c.19-4354:ERGdel | Protein fusion: out of frame (TMPRSS2-ERG)	NA
EVT-P-0014438-T01-IM6-314	P-0014438-T01-IM6		ERG-TMPRSS2	ERG	out-of-frame	five_prime	42875935	1	19	True	lost	0.0	False		Trypsin; Scavenger receptor cysteine-rich domain		TMPRSS2 (NM_001135099) - ERG (NM_004449) fusion (TMPRSS2 exon 1 fused to ERG exons 4-10): c.55+3942:TMPRSS2_c.39+50799:ERGdel | Protein fusion: out of frame (TMPRSS2-ERG)	NA
EVT-P-0026196-T01-IM6-315	P-0026196-T01-IM6		ERG-TMPRSS2	ERG	out-of-frame	five_prime	42873713	1	19	True	lost	0.0	False		Trypsin; Scavenger receptor cysteine-rich domain		TMPRSS2 (NM_001135099) - ERG (NM_004449) fusion (TMPRSS2 exons 1-2 fused to ERG exons 4-11):  c.126+749:TMPRSS2_c.40-60753:ERGdel | Protein Fusion: out of frame  {TMPRSS2:ERG}	NA
EVT-P-0000373-T02-IM5-316	P-0000373-T02-IM5		ERG-TMPRSS2	ERG	out-of-frame	five_prime	42874110	1	19	True	lost	0.0	False		Trypsin; Scavenger receptor cysteine-rich domain		TMPRSS2 (NM_001135099) - ERG (NM_182918) fusion: c.56-3994:TMPRSS2_c.19-24499:ERGdel | Protein fusion: out of frame (TMPRSS2-ERG)	NA
EVT-P-0014531-T01-IM6-317	P-0014531-T01-IM6		ERG-TMPRSS2	ERG	out-of-frame	five_prime	42874070	1	19	True	lost	0.0	False		Trypsin; Scavenger receptor cysteine-rich domain		TMPRRS2 (NM_001135099) -ERG (NM_004449) Fusion: c.56-3954:TMPRSS2_c.18+11943:ERGdel | Protein fusion: out of frame (TMPRSS2-ERG)	NA
EVT-P-0032663-T01-IM6-318	P-0032663-T01-IM6		ERG-TMPRSS2	ERG	out-of-frame	five_prime	42877555	1	19	True	lost	0.0	False		Trypsin; Scavenger receptor cysteine-rich domain		TMPRSS2 (NM_001135099) - ERG (NM_182918) fusion (TMPRRS2 exon 1 fused to ERG exons 2-10): c.55+2322:TMPRSS2_c.18+12726:ERGdel | Protein Fusion: out of frame  {TMPRSS2:ERG}	NA
EVT-P-0032646-T01-IM6-319	P-0032646-T01-IM6		ERG-TMPRSS2	ERG	out-of-frame	five_prime	42872447	1	19	True	lost	0.0	False		Trypsin; Scavenger receptor cysteine-rich domain		TMPRSS2 (NM_001135099) - ERG (NM_182918) fusion (TMPRSS2 exons 1 fused to ERG exons 2-10): c.56-2331:TMPRSS2_c.18+11761:ERGdel | Protein Fusion: out of frame  {TMPRSS2:ERG}	NA
EVT-P-0032573-T01-IM6-320	P-0032573-T01-IM6		ERG-TMPRSS2	ERG	in-frame	five_prime	42868708	2	42	True	lost	0.0	False		Trypsin; Scavenger receptor cysteine-rich domain		TMPRSS2 (NM_001135099) -ERG (NM_004449) Fusion (TMPRSS2 exon2 fused with ERG exon4: c.126+133:TMPRSS2_c.40-60824:ERGdel | Protein Fusion: in frame  {TMPRSS2:ERG}	NA
EVT-P-0014841-T01-IM6-321	P-0014841-T01-IM6		ERG-TMPRSS2	ERG	out-of-frame	five_prime	42873166	1	19	True	lost	0.0	False		Trypsin; Scavenger receptor cysteine-rich domain		TMPRSS2 (NM_001135099)  - ERG (NM_004449) fusion (TMPRSS2 exon2 fused to ERG exon 4) : c.56-3050:TMPRSS2_c.39+61126:ERGdel | Protein fusion: out of frame (TMPRSS2-ERG)	NA
EVT-P-0014992-T01-IM6-323	P-0014992-T01-IM6		ERG-TMPRSS2	ERG	out-of-frame	five_prime	42877448	1	19	True	lost	0.0	False		Trypsin; Scavenger receptor cysteine-rich domain		TMPRSS2 (NM_001135099) -ERG (NM_182918) Fusion (TMPRSS2 exon 1 fused with ERG exons 2-10) : c.55+2429:TMPRSS2_c.18+5301:ERGdel | Protein fusion: out of frame (TMPRSS2-ERG)	NA
EVT-P-0032046-T01-IM6-324	P-0032046-T01-IM6		ERG-TMPRSS2	ERG	out-of-frame	five_prime	42875015	1	19	True	lost	0.0	False		Trypsin; Scavenger receptor cysteine-rich domain		TMPRSS2 (NM_001135099) - ERG (NM_004449) fusion: c.55+4862:TMPRSS2_c.40-58959:ERGdel | Protein Fusion: out of frame  {TMPRSS2:ERG}	NA
EVT-P-0015015-T01-IM6-325	P-0015015-T01-IM6		ERG-TMPRSS2	ERG	in-frame	five_prime	42868021	2	42	True	lost	0.0	False		Trypsin; Scavenger receptor cysteine-rich domain		TMPRSS2 (NM_001135099)  - ERG (NM_004449) fusion (TMPRSS2 exons 1-2 fused to ERG exons 4-11) : c.127-1516:TMPRSS2_c.40-44007:ERGdel | Protein fusion: in frame (TMPRSS2-ERG)	NA
EVT-P-0032027-T01-IM6-326	P-0032027-T01-IM6		ERG-TMPRSS2	ERG	unknown	five_prime	42866329	3	101	False	lost	0.0	False		Trypsin; Scavenger receptor cysteine-rich domain		TMPRSS2 (NM_001135099) - ERG (NM_182918) Fusion (TMPRSS2 exon3 with ERG exon2) : c.303:TMPRSS2_c.19-1548:ERGdel | Protein Fusion: mid-exon  {TMPRSS2:ERG}	NA
EVT-P-0031719-T01-IM6-327	P-0031719-T01-IM6		ERG-TMPRSS2	ERG	unknown	five_prime	42871355	1	19	True	lost	0.0	False		Trypsin; Scavenger receptor cysteine-rich domain		TMPRSS2 (NM_001135099) - ERG(NM_182918) Fusion (TMPRSS2 exon2 fused with ERG exon1 )  : c.56-1239.3:TMPRSS2_c.-901:ERGdel | Transcript Fusion {TMPRSS2:ERG}	NA
EVT-P-0031599-T01-IM6-328	P-0031599-T01-IM6		ERG-TMPRSS2	ERG	out-of-frame	five_prime	42875715	1	19	True	lost	0.0	False		Trypsin; Scavenger receptor cysteine-rich domain		TMPRSS2 (NM_001135099) - ERG (NM_182918) fusion: c.55+4162:TMPRSS2_c.19-26160:ERGdel | Protein Fusion: out of frame  {TMPRSS2:ERG}	NA
EVT-P-0024679-T01-IM6-329	P-0024679-T01-IM6		ERG-TMPRSS2	ERG	unknown	five_prime	42874863	1	19	True	lost	0.0	False		Trypsin; Scavenger receptor cysteine-rich domain		TMPRSS2 (NM_001135099) -  ERG (NM_004449) Fusion (TMPRSS2 exon 1 fused to ERG exon 4-11 ) : c.56-4747:TMPRSS2_c.40-54816:ERGdel | Transcript Fusion {TMPRSS2:ERG}	NA
EVT-P-0031536-T01-IM6-330	P-0031536-T01-IM6		ERG-TMPRSS2	ERG	in-frame	five_prime	42869029	2	42	True	lost	0.0	False		Trypsin; Scavenger receptor cysteine-rich domain		TMPRSS2 (NM_001135099) - ERG (NM_182918) fusion: c.126+1017:TMPRSS2_c.18+13014:ERGdel | Protein Fusion: in frame  {TMPRSS2:ERG}	NA
EVT-P-0015132-T01-IM6-332	P-0015132-T01-IM6		ERG-TMPRSS2	ERG	in-frame	five_prime	42867130	2	42	True	lost	0.0	False		Trypsin; Scavenger receptor cysteine-rich domain		TMPRSS2 (NM_001135099) - ERG (NM_004449) Fusion (TMPRSS2 exons 1-2 fused with ERG exons 4-11):c.127-625:TMPRSS2_c.40-56456:ERGdel | Protein fusion: in frame (TMPRSS2-ERG)	NA
EVT-P-0015209-T01-IM6-333	P-0015209-T01-IM6		ERG-TMPRSS2	ERG	out-of-frame	five_prime	42877685	1	19	True	lost	0.0	False		Trypsin; Scavenger receptor cysteine-rich domain		TMPRSS2 (NM_001135099) - ERG (NM_182918) fusion (TMPRSS2 exon1 fused to ERG exon2): c.55+2192:TMPRSS2_c.18+13090:ERGdel | Protein fusion: out of frame (TMPRSS2-ERG)	NA
EVT-P-0015250-T01-IM6-334	P-0015250-T01-IM6		ERG-TMPRSS2	ERG	out-of-frame	five_prime	42874426	1	19	True	lost	0.0	False		Trypsin; Scavenger receptor cysteine-rich domain		TMPRSS2 (NM_001135099) - ERG (NM_182918) fusion (TMPRSS2 exon 1 fused to ERG exon 2): c.56-4310:TMPRSS2_c.19-20348:ERGdel | Protein fusion: out of frame (TMPRSS2-ERG)	NA
EVT-P-0031429-T01-IM6-335	P-0031429-T01-IM6		ERG-TMPRSS2	ERG	out-of-frame	five_prime	42872684	1	19	True	lost	0.0	False		Trypsin; Scavenger receptor cysteine-rich domain		TMPRSS2 (NM_001135099) - ERG (NM_182918) Fusion (TMPRSS2 exon 1 fused to ERG exon 2-10) :c.56-2568:TMPRSS2_c.40-46240:ERGdel | Protein Fusion: out of frame  {TMPRSS2:ERG}	NA
EVT-P-0031412-T01-IM6-336	P-0031412-T01-IM6		ERG-TMPRSS2	ERG	out-of-frame	five_prime	42876045	1	19	True	lost	0.0	False		Trypsin; Scavenger receptor cysteine-rich domain		TMPRSS2 (NM_001135099) - ERG (NM_182918) Fusion (TMPRSS2 exon2 fused with ERG exon2) : c.55+3832:TMPRSS2_c.19-22354:ERGdel | Protein Fusion: out of frame  {TMPRSS2:ERG}	NA
EVT-P-0031374-T01-IM6-338	P-0031374-T01-IM6		ERG-TMPRSS2	ERG	out-of-frame	five_prime	42873062	1	19	True	lost	0.0	False		Trypsin; Scavenger receptor cysteine-rich domain		TMPRSS2 (NM_001135099) - ERG (NM_004449) fusion: c.56-2946:TMPRSS2_c.40-59140:ERGdel | Protein Fusion: out of frame  {TMPRSS2:ERG}	NA
EVT-P-0015482-T01-IM6-339	P-0015482-T01-IM6		ERG-TMPRSS2	ERG	out-of-frame	five_prime	42871231	1	19	True	lost	0.0	False		Trypsin; Scavenger receptor cysteine-rich domain		TMPRSS2 (NM_001135099) - ERG (NM_182918) fusion (TMPRRS2 exon1 fused to ERG exon 2): c.56-1115:TMPRSS2_c.18+11715:ERGdel | Protein fusion: out of frame (TMPRSS2-ERG)	NA
EVT-P-0015628-T01-IM6-340	P-0015628-T01-IM6		ERG-TMPRSS2	ERG	out-of-frame	five_prime	42870143	1	19	True	lost	0.0	False		Trypsin; Scavenger receptor cysteine-rich domain		TMPRSS2 (NM_001135099) - ERG (NM_182918) fusion (TMPRSS2 exon 1 fused to ERG exons 2-10): c.56-27:TMPSS2_c.18+6821:ERGdel | Protein fusion: out of frame (TMPRSS2-ERG)	NA
EVT-P-0015744-T01-IM6-342	P-0015744-T01-IM6		ERG-TMPRSS2	ERG	out-of-frame	five_prime	42871033	1	19	True	lost	0.0	False		Trypsin; Scavenger receptor cysteine-rich domain		TMPRSS2 (NM_001135099) - ERG (NM_004449) fusion (TMPRSS2  exon 1 fused to ERG exons 4-11): c.56-917:TMPRSS2_c.39+7155:ERGdel | Protein fusion: out of frame (TMPRSS2-ERG)	NA
EVT-P-0015744-T02-IM6-343	P-0015744-T02-IM6		ERG-TMPRSS2	ERG	out-of-frame	five_prime	42871034	1	19	True	lost	0.0	False		Trypsin; Scavenger receptor cysteine-rich domain		TMPRSS2 (NM_001135099) - ERG (NM_004449) fusion (TMPRSS2  exon 1 fused to ERG exons 4-11): c.56-918:TMPRSS2_c.39+7155:ERGdel | Protein Fusion: out of frame  {TMPRSS2:ERG}	NA
EVT-P-0015837-T01-IM6-344	P-0015837-T01-IM6		ERG-TMPRSS2	ERG	out-of-frame	five_prime	42871440	1	19	True	lost	0.0	False		Trypsin; Scavenger receptor cysteine-rich domain		TMPRSS2 (NM_001135099) - ERG (NM_182918) fusion (TMPRSS2 exon 1 fused to ERG exons 2-10): c.56-1324:TMPSS2_c.18+10744:ERGdel | Protein Fusion: out of frame  {TMPRSS2:ERG}	NA
EVT-P-0015850-T01-IM6-345	P-0015850-T01-IM6		ERG-TMPRSS2	ERG	out-of-frame	five_prime	42878843	1	19	True	lost	0.0	False		Trypsin; Scavenger receptor cysteine-rich domain		TMPRSS2 (NM_001135099) - ERG (NM_004449) fusion (TMPRSS2 exon 1 to ERG exon 4): c.55+1034:TMPRSS2_c.39+9192:ERG | Protein Fusion: out of frame  {TMPRSS2:ERG}	NA
EVT-P-0031269-T01-IM6-346	P-0031269-T01-IM6		ERG-TMPRSS2	ERG	out-of-frame	five_prime	42870853	1	19	True	lost	0.0	False		Trypsin; Scavenger receptor cysteine-rich domain		TMPRSS2 (NM_001135099) -ERG (NM_182918) Fusion (TMPRSS2 exon2 fused with ERG exon2) : c.56-737:TMPRSS2_ c.19-13490:ERGdel | Protein Fusion: out of frame  {TMPRSS2:ERG}	NA
EVT-P-0015960-T01-IM6-347	P-0015960-T01-IM6		ERG-TMPRSS2	ERG	out-of-frame	five_prime	42870232	1	19	True	lost	0.0	False		Trypsin; Scavenger receptor cysteine-rich domain		TMPRSS2 (NM_001135099) - ERG (NM_004449) fusion (TMPRSS2 exon 1 fused to ERG exon 4): c.56-116:TMPRSS2_c.40-64777:ERG | Protein Fusion: out of frame  {TMPRSS2:ERG}	NA
EVT-P-0015960-T02-IM6-348	P-0015960-T02-IM6		ERG-TMPRSS2	ERG	out-of-frame	five_prime	42870232	1	19	True	lost	0.0	False		Trypsin; Scavenger receptor cysteine-rich domain		TMPRSS2 (NM_001135099) - ERG (NM_004449) fusion (TMPRRS2 exon 1 fused to ERG exons 4-11):c.56-116:TMPRSS2_c.40-64777:ERGdel | Protein Fusion: out of frame  {TMPRSS2:ERG}	NA
EVT-P-0016015-T01-IM6-349	P-0016015-T01-IM6		ERG-TMPRSS2	ERG	out-of-frame	five_prime	42870664	1	19	True	lost	0.0	False		Trypsin; Scavenger receptor cysteine-rich domain		TMPRSS2 (NM_001135099) - ERG (NM_004449) fusion (TMPRSS2 exon 1 fused to ERG exon 4) : c.56-548:TMPRSS2_c.40-58734:ERGdel | Protein Fusion: out of frame  {TMPRSS2:ERG}	NA
EVT-P-0016063-T01-IM6-350	P-0016063-T01-IM6		ERG-TMPRSS2	ERG	in-frame	five_prime	42867018	2	42	True	lost	0.0	False		Trypsin; Scavenger receptor cysteine-rich domain		TMPRSS2 (NM_001135099) -ERG (NM_004449) Fusion (TMPRSS2 exon 1-2 with ERG exon 4-11) : c.127-513:TMPRSS2_c.40-57914:ERGdel | Protein Fusion: in frame  {TMPRSS2:ERG}	NA
EVT-P-0016087-T01-IM6-351	P-0016087-T01-IM6		ERG-TMPRSS2	ERG	out-of-frame	five_prime	42874068	1	19	True	lost	0.0	False		Trypsin; Scavenger receptor cysteine-rich domain		TMPRSS2 (NM_001135099) -ERG (NM_004449) fusion (TMPRSS2 exon 1 with ERG exons 4-11) : c.56-3952:TMPRSS2_c.39+61847:ERGdel | Protein Fusion: out of frame  {TMPRSS2:ERG}	NA
EVT-P-0016134-T01-IM6-352	P-0016134-T01-IM6		ERG-TMPRSS2	ERG	out-of-frame	five_prime	42870509	1	19	True	lost	0.0	False		Trypsin; Scavenger receptor cysteine-rich domain		TMPRSS2 (NM_001135099) -ERG (NM_182918) fusion (TMPRSS2 exon 1 with ERG exons 2-10) : c.56-393:TMPRSS2_c.18+26221:ERGdel | Protein Fusion: out of frame  {TMPRSS2:ERG}	NA
EVT-P-0016236-T01-IM6-354	P-0016236-T01-IM6		ERG-TMPRSS2	ERG	out-of-frame	five_prime	42872990	1	19	True	lost	0.0	False		Trypsin; Scavenger receptor cysteine-rich domain		TMPRSS2 (NM_001135099) - ERG (NM_004449) fusion (TMPRSS2 exon 1 fused to ERG exon 4): c.56-2874:TMPRSS2_c.39+13664:ERGdel | Protein Fusion: out of frame  {TMPRSS2:ERG}	NA
EVT-P-0016296-T01-IM6-355	P-0016296-T01-IM6		ERG-TMPRSS2	ERG	in-frame	five_prime	42867024	2	42	True	lost	0.0	False		Trypsin; Scavenger receptor cysteine-rich domain		TMPRSS2 (NM_001135099) -ERG (NM_182918) fusion (TMPRSS2 exon 1 with ERG exons 2-10) : c.40-46781:TMPRSS2_c.18+5962:ERGdel | Protein Fusion: in frame  {TMPRSS2:ERG}	NA
EVT-P-0016325-T01-IM6-357	P-0016325-T01-IM6		ERG-TMPRSS2	ERG	unknown	five_prime	42868979	2	42	True	lost	0.0	False		Trypsin; Scavenger receptor cysteine-rich domain		TMPRSS2 (NM_001135099) - ERG (NM_004449) fusion (TMPRSS2 exons 1-2 fused to ERG exons 4-11): c.126+1067:TMPRSS2_c.40-55287:ERGdel | Transcript Fusion {TMPRSS2:ERG}	NA
EVT-P-0031178-T02-IM6-358	P-0031178-T02-IM6		ERG-TMPRSS2	ERG	out-of-frame	five_prime	42874466	1	19	True	lost	0.0	False		Trypsin; Scavenger receptor cysteine-rich domain		TMPRSS2 (NM_001135099) - ERG (NM_182918) fusion (TMPRSS2 exon 1 fused with ERG exons 2-10): c.56-4350:TMPRSS2_c.18+11076:ERGdel | Protein Fusion: out of frame  {TMPRSS2:ERG}	NA
EVT-P-0031178-T01-IM6-359	P-0031178-T01-IM6		ERG-TMPRSS2	ERG	out-of-frame	five_prime	42874466	1	19	True	lost	0.0	False		Trypsin; Scavenger receptor cysteine-rich domain		TMPRSS2 (NM_001135099) - ERG (NM_182918) fusion: c.56-4350:TMPRSS2_c.18+11076:ERGdel | Protein Fusion: out of frame  {TMPRSS2:ERG}	NA
EVT-P-0016396-T01-IM6-360	P-0016396-T01-IM6		ERG-TMPRSS2	ERG	in-frame	five_prime	42869249	2	42	True	lost	0.0	False		Trypsin; Scavenger receptor cysteine-rich domain		TMPRSS2 (NM_001135099) - ERG (NM_182918) fusion (TMPRSS2 exon 1-2 with ERG exons 2-10) : c.126+797:TMPRSS2_c.18+1126:ERGdel | Protein Fusion: in frame  {TMPRSS2:ERG}	NA
EVT-P-0030984-T01-IM6-363	P-0030984-T01-IM6		ERG-TMPRSS2	ERG	out-of-frame	five_prime	42874857	1	19	True	lost	0.0	False		Trypsin; Scavenger receptor cysteine-rich domain		TMPRSS2 (NM_001135099) - ERG (NM_004449) fusion: c.56-4741:TMPRSS2_c.40-57465:ERGdel | Protein Fusion: out of frame  {TMPRSS2:ERG}	NA
EVT-P-0026212-T01-IM6-364	P-0026212-T01-IM6		ERG-TMPRSS2	ERG	out-of-frame	five_prime	42873852	1	19	True	lost	0.0	False		Trypsin; Scavenger receptor cysteine-rich domain		TMPRSS2 (NM_001135099) - ERG (NM_004449) fusion (TMPRSS2 exons 1-2 fused to ERG exons 4-11):  c.126+749:TMPRSS2_c.40-60753:ERGdel | Protein Fusion: out of frame  {TMPRSS2:ERG}	NA
EVT-P-0016698-T01-IM6-365	P-0016698-T01-IM6		ERG-TMPRSS2	ERG	out-of-frame	five_prime	42872715	1	19	True	lost	0.0	False		Trypsin; Scavenger receptor cysteine-rich domain		TMPRSS2 (NM_001135099) - ERG (NM_182918) fusion (TMPRSS2 exon 1 fused to ERG exons 2-10): c.56-2599:TMPRSS2_c.18+9969:ERGdel | Protein Fusion: out of frame  {TMPRSS2:ERG}	NA
EVT-P-0016733-T01-IM6-366	P-0016733-T01-IM6		ERG-TMPRSS2	ERG	out-of-frame	five_prime	42873910	1	19	True	lost	0.0	False		Trypsin; Scavenger receptor cysteine-rich domain		TMPRSS2 (NM_001135099) - ERG fusion (NM_182918) fusion (TMPRSS2 exon 1 fused to ERG exons 2-10): c.56-3794:TMRPSS2_c.19-6151:ERGdel | Protein Fusion: out of frame  {TMPRSS2:ERG}	NA
EVT-P-0030872-T01-IM6-368	P-0030872-T01-IM6		ERG-TMPRSS2	ERG	out-of-frame	five_prime	42872678	1	19	True	lost	0.0	False		Trypsin; Scavenger receptor cysteine-rich domain		TMPRSS2 (NM_001135099) - ERG (NM_182918) fusion: c.56-2562:TMPRSS2_c.18+12161:ERGdel | Protein Fusion: out of frame  {TMPRSS2:ERG}	NA
EVT-P-0030845-T01-IM6-369	P-0030845-T01-IM6		ERG-TMPRSS2	ERG	out-of-frame	five_prime	42870695	1	19	True	lost	0.0	False		Trypsin; Scavenger receptor cysteine-rich domain		TMPRSS2 (NM_001135099) - ERG (NM_004449) Fusion (fTMPRSS2 exon 1 with ERG exons 4-10): c.56-579:TMPRSS2_c.40-59079:ERGdel | Protein Fusion: out of frame  {TMPRSS2:ERG}	NA
EVT-P-0030812-T01-IM6-370	P-0030812-T01-IM6		ERG-TMPRSS2	ERG	in-frame	five_prime	42867559	2	42	True	lost	0.0	False		Trypsin; Scavenger receptor cysteine-rich domain		TMPRSS2 (NM_001135099) - ERG (NM_004449) fusion: c.127-1054:TMPRSS2_c.40-56880:ERGdel | Protein Fusion: in frame  {TMPRSS2:ERG}	NA
EVT-P-0016895-T01-IM6-372	P-0016895-T01-IM6		ERG-TMPRSS2	ERG	out-of-frame	five_prime	42873673	1	19	True	lost	0.0	False		Trypsin; Scavenger receptor cysteine-rich domain		TMPRSS2 (NM_001135099) -ERG (NM_182918) Fusion (TMPRSS2 exons 1-2 fused with ERG exons 2-10) : c.56-3557:TMPRSS2_c.19-13783:ERGdel | Protein Fusion: out of frame  {TMPRSS2:ERG}	NA
EVT-P-0016933-T01-IM6-373	P-0016933-T01-IM6		ERG-TMPRSS2	ERG	out-of-frame	five_prime	42875065	1	19	True	lost	0.0	False		Trypsin; Scavenger receptor cysteine-rich domain		TMPRSS2 (NM_001135099) -ERG (NM_004449) Fusion (TMPRSS2 exon1 fused with ERG exons 4-11) : c.55+4812:TMPRSS2_c.40-58894:ERGdel | Protein Fusion: out of frame  {TMPRSS2:ERG}	NA
EVT-P-0016983-T01-IM6-374	P-0016983-T01-IM6		ERG-TMPRSS2	ERG	in-frame	five_prime	42867872	2	42	True	lost	0.0	False		Trypsin; Scavenger receptor cysteine-rich domain		TMPRSS2 (NM_001135099) - ERG fusion (NM_182918) fusion (TMPRSS2 exon 1-2 fused to ERG exons 2-10): c.127-1367:TMRPSS2_c.19-15431:ERGdel | Protein Fusion: in frame  {TMPRSS2:ERG}	NA
EVT-P-0017065-T01-IM6-376	P-0017065-T01-IM6		ERG-TMPRSS2	ERG	out-of-frame	five_prime	42871083	1	19	True	lost	0.0	False		Trypsin; Scavenger receptor cysteine-rich domain		TMPRSS2 (NM_001135099) - ERG Fusion (TMPRSS2 exon1 fused with ERG exons 4-11) : c.56-967:TMPRSS2_c.40-42355:ERGdel | Protein Fusion: out of frame  {TMPRSS2:ERG}	NA
EVT-P-0017168-T01-IM6-377	P-0017168-T01-IM6		ERG-TMPRSS2	ERG	in-frame	five_prime	42868343	2	42	True	lost	0.0	False		Trypsin; Scavenger receptor cysteine-rich domain		TMPRSS2 (NM_001135099) -ERG (NM_182918) fusion (TMPRSS2 exon 1-2 with ERG exons 2-10) : c.126+1703:TMPRSS2_c.19-17382:ERGdel | Protein Fusion: in frame  {TMPRSS2:ERG}	NA
EVT-P-0017235-T01-IM6-378	P-0017235-T01-IM6		ERG-TMPRSS2	ERG	out-of-frame	five_prime	42874411	1	19	True	lost	0.0	False		Trypsin; Scavenger receptor cysteine-rich domain		TMPRSS2 (NM_001135099) -ERG (NM_004449) Fusion (TMPRSS2 exon 1-2 with ERG exon 4-11) : c.56-4295:TMPRSS2_c.39+62371:ERGdel | Protein Fusion: out of frame  {TMPRSS2:ERG}	NA
EVT-P-0026409-T01-IM6-379	P-0026409-T01-IM6		ERG-TMPRSS2	ERG	out-of-frame	five_prime	42878494	1	19	True	lost	0.0	False		Trypsin; Scavenger receptor cysteine-rich domain		TMPRSS2 (NM_001135099) - ERG (NM_182918) fusion (TMPRRS2 exon 1 fused to ERG exons 2-10): c.55+1383:TMPRSS2_c.18+21976:ERGdel | Protein Fusion: out of frame  {TMPRSS2:ERG}	NA
EVT-P-0033300-T01-IM6-381	P-0033300-T01-IM6		ERG-TMPRSS2	ERG	out-of-frame	five_prime	42878752	1	19	True	lost	0.0	False		Trypsin; Scavenger receptor cysteine-rich domain		TMPRSS2 (NM_001135099) - ERG (NM_182918) fusion: c.55+1125:TMPRSS2_c.19-12860:ERGdel | Protein Fusion: out of frame  {TMPRSS2:ERG}	NA
EVT-P-0017376-T01-IM6-382	P-0017376-T01-IM6		ERG-TMPRSS2	ERG	out-of-frame	five_prime	42872320	1	19	True	lost	0.0	False		Trypsin; Scavenger receptor cysteine-rich domain		TMPRSS2 (NM_001135099) - ERG (NM_004449) fusion (TMPRSS2 exon 1 fused to ERG exons 4-11): c.56-2204:TMPRSS2_c.40-61559:ERGdel | Protein Fusion: out of frame  {TMPRSS2:ERG}	NA
EVT-P-0026228-T01-IM6-384	P-0026228-T01-IM6		ERG-TMPRSS2	ERG	in-frame	five_prime	42868990	2	42	True	lost	0.0	False		Trypsin; Scavenger receptor cysteine-rich domain		TMPRSS2 (NM_001135099) - ERG (NM_182918) fusion (TMPRSS2 exons 1-2 fused in-frame to ERG exons 2-10): c.126+1056:TMPRSS2_c.18+9:ERGdel | Protein Fusion: in frame  {TMPRSS2:ERG}	NA
EVT-P-0017548-T01-IM5-385	P-0017548-T01-IM5		ERG-TMPRSS2	ERG	out-of-frame	five_prime	42872954	1	19	True	lost	0.0	False		Trypsin; Scavenger receptor cysteine-rich domain		TMPRSS2 (NM_001135099) - ERG (NM_004449) fusion (TMPRRS2 exon 1 fused to ERG exons 4-11):c.56-2838:TMPRSS2_c.40-58598:ERGdel | Protein Fusion: out of frame  {TMPRSS2:ERG}	NA
EVT-P-0017548-T02-IM6-386	P-0017548-T02-IM6		ERG-TMPRSS2	ERG	out-of-frame	five_prime	42872954	1	19	True	lost	0.0	False		Trypsin; Scavenger receptor cysteine-rich domain		TMPRSS2 (NM_001135099) - ERG (NM_004449) fusion (TMPRRS2 exon 1 fused to ERG exons 4-11):c.56-2838:TMPRSS2_c.40-58598:ERGdel | Protein Fusion: out of frame  {TMPRSS2:ERG}	NA
EVT-P-0017708-T01-IM6-387	P-0017708-T01-IM6		ERG-TMPRSS2	ERG	out-of-frame	five_prime	42874792	1	19	True	lost	0.0	False		Trypsin; Scavenger receptor cysteine-rich domain		TMPRSS2 (NM_001135099) - ERG (NM_004449) fusion (TMPRSS2 exon 1 fused with ERG exons 4-11): c.56-4676:TMPRSS2_c.40-56300:ERGdel | Protein Fusion: out of frame  {TMPRSS2:ERG}	NA
EVT-P-0017730-T01-IM6-388	P-0017730-T01-IM6		ERG-TMPRSS2	ERG	out-of-frame	five_prime	42874582	1	19	True	lost	0.0	False		Trypsin; Scavenger receptor cysteine-rich domain		TMPRSS2 (NM_001135099) - ERG (NM_182918) fusion (TMPRRS2 exon 1 fused to ERG exons 2-10): c.56-4466:TMPRSS2_c.19-8247:ERGdel | Protein Fusion: out of frame  {TMPRSS2:ERG}	NA
EVT-P-0024488-T01-IM6-389	P-0024488-T01-IM6		ERG-TMPRSS2	ERG	out-of-frame	five_prime	42876909	1	19	True	lost	0.0	False		Trypsin; Scavenger receptor cysteine-rich domain		TMPRSS2 (NM_001135099) -ERG (NM_004449) Fusion (TMPRSS2 exon1 fused with ERG exons 4-11) : c.55+2968:TMPRSS2_c.39+16108:ERGdel | Protein Fusion: out of frame  {TMPRSS2:ERG}	NA
EVT-P-0030675-T01-IM6-390	P-0030675-T01-IM6		ERG-TMPRSS2	ERG	out-of-frame	five_prime	42877973	1	19	True	lost	0.0	False		Trypsin; Scavenger receptor cysteine-rich domain		TMPRSS2 (NM_001135099) - ERG (NM_004449) fusion (TMPRSS2 exon 1 fused to ERG exons 5-11): c.55+1904:TMPRSS2_c.40-59905:ERGdel | Protein Fusion: out of frame  {TMPRSS2:ERG}	NA
EVT-P-0030580-T01-IM6-391	P-0030580-T01-IM6		ERG-TMPRSS2	ERG	out-of-frame	five_prime	42873112	1	19	True	lost	0.0	False		Trypsin; Scavenger receptor cysteine-rich domain		TMPRSS2 (NM_001135099) - ERG (NM_182918) fusion: c.56-2996:TMPRSS2_c.18+1813:ERGdel | Protein Fusion: out of frame  {TMPRSS2:ERG}	NA
EVT-P-0030465-T01-IM6-392	P-0030465-T01-IM6		ERG-TMPRSS2	ERG	out-of-frame	five_prime	42872882	1	19	True	lost	0.0	False		Trypsin; Scavenger receptor cysteine-rich domain		TMPRSS2 (NM_001135099) - ERG (NM_182918) fusion (TMPRSS2 exon 1 fused to ERG exons 2-10): c.56-2766:TMPRSS2_c.19-5647:ERGdel | Protein Fusion: out of frame  {TMPRSS2:ERG}	NA
EVT-P-0030381-T01-IM6-393	P-0030381-T01-IM6		ERG-TMPRSS2	ERG	out-of-frame	five_prime	42876014	1	19	True	lost	0.0	False		Trypsin; Scavenger receptor cysteine-rich domain		TMPRSS2 (NM_001135099) - ERG (NM_182918) Fusion : c.55+3863:TMPRSS2_c.18+9727:ERGdel | Protein Fusion: out of frame  {TMPRSS2:ERG}	NA
EVT-P-0018038-T01-IM6-394	P-0018038-T01-IM6		ERG-TMPRSS2	ERG	out-of-frame	five_prime	42873173	1	19	True	lost	0.0	False		Trypsin; Scavenger receptor cysteine-rich domain		TMPRSS2 (NM_001135099) - ERG (NM_182918) Fusion : c.56-3057:TMPRSS2_c.18+11021:ERGdel | Protein Fusion: out of frame  {TMPRSS2:ERG}	NA
EVT-P-0018090-T01-IM6-395	P-0018090-T01-IM6		ERG-TMPRSS2	ERG	in-frame	five_prime	42867125	2	42	True	lost	0.0	False		Trypsin; Scavenger receptor cysteine-rich domain		TMPRSS2 (NM_001135099) - ERG (NM_182918) fusion (TMPRRS2 exons 1-2 fused to ERG exons 2-10):c.127-620:TMPRSS2_c.19-2241:ERGdel | Protein Fusion: in frame  {TMPRSS2:ERG}	NA
EVT-P-0030261-T01-IM6-396	P-0030261-T01-IM6		ERG-TMPRSS2	ERG	out-of-frame	five_prime	42875512	1	19	True	lost	0.0	False		Trypsin; Scavenger receptor cysteine-rich domain		TMPRSS2 (NM_001135099) - ERG (NM_004449) fusion: c.55+4365:TMPRSS2_c.39+58079:ERGdel | Protein Fusion: out of frame  {TMPRSS2:ERG}	NA
EVT-P-0018149-T01-IM6-398	P-0018149-T01-IM6		ERG-TMPRSS2	ERG	out-of-frame	five_prime	42876321	1	19	True	lost	0.0	False		Trypsin; Scavenger receptor cysteine-rich domain		TMPRSS2 (NM_001135099) -ERG (NM_004449) Fusion (TMPRSS2 exon 1 with ERG exon 4) : c.55+3556:TMPRSS2_c.40-56840:ERGdel | Protein Fusion: out of frame  {TMPRSS2:ERG}	NA
EVT-P-0018315-T01-IM6-400	P-0018315-T01-IM6		ERG-TMPRSS2	ERG	in-frame	five_prime	42868471	2	42	True	lost	0.0	False		Trypsin; Scavenger receptor cysteine-rich domain		TMPRSS2 (NM_001135099) - ERG (NM_182918) fusion (TMPRSS2 exons 1-2 fused in-frame with ERG exons 2-10): c.126+1575:TMPRSS2_c.18+18761:ERGdel | Protein Fusion: in frame  {TMPRSS2:ERG}	NA
EVT-P-0018395-T01-IM6-401	P-0018395-T01-IM6		ERG-TMPRSS2	ERG	unknown	five_prime	42877413	1	19	True	lost	0.0	False		Trypsin; Scavenger receptor cysteine-rich domain		TMPRSS2 (NM_001135099) - ERG (NM_004449) fusion: c.55+2464:TMPRSS2_c.40-54367:ERGdel | Transcript Fusion {TMPRSS2:ERG}	NA
EVT-P-0018489-T01-IM6-402	P-0018489-T01-IM6		ERG-TMPRSS2	ERG	out-of-frame	five_prime	42873976	1	19	True	lost	0.0	False		Trypsin; Scavenger receptor cysteine-rich domain		TMPRSS2 (NM_001135099) -ERG (NM_004449) fusion (TMPRSS2 exon 1 fused with ERG exons 2-11): c.56-3860:TMPRSS2_c.40-6101:ERGdel | Protein Fusion: out of frame  {TMPRSS2:ERG}	NA
EVT-P-0030187-T01-IM6-403	P-0030187-T01-IM6		ERG-TMPRSS2	ERG	out-of-frame	five_prime	42874662	1	19	True	lost	0.0	False		Trypsin; Scavenger receptor cysteine-rich domain		TMPRSS2 (NM_001135099) - ERG (NM_182918) fusion: c.56-4546:TMPRSS2_c.18+5296:ERGdel | Protein Fusion: out of frame  {TMPRSS2:ERG}	NA
EVT-P-0018581-T01-IM6-404	P-0018581-T01-IM6		ERG-TMPRSS2	ERG	in-frame	five_prime	42868059	2	42	True	lost	0.0	False		Trypsin; Scavenger receptor cysteine-rich domain		TMPRSS2 (NM_001135099) - ERG (NM_182918) fusion (TMPRRS2 exons 1-2 fused to ERG exons 2-10): c.127-1554:TMPRSS2_c.18+8829:ERGdel | Protein Fusion: in frame  {TMPRSS2:ERG}	NA
EVT-P-0018704-T01-IM6-405	P-0018704-T01-IM6		ERG-TMPRSS2	ERG	out-of-frame	five_prime	42872458	1	19	True	lost	0.0	False		Trypsin; Scavenger receptor cysteine-rich domain		TMPRSS2 (NM_001135099) - ERG (NM_004449) fusion (TMRPSS2 exon 1 fused with ERG exons 4-11): c.56-2342:TMPRSS2_c.39+63678:ERGdel | Protein Fusion: out of frame  {TMPRSS2:ERG}	NA
EVT-P-0025650-T02-IM6-406	P-0025650-T02-IM6		ERG-TMPRSS2	ERG	out-of-frame	five_prime	42872614	1	19	True	lost	0.0	False		Trypsin; Scavenger receptor cysteine-rich domain		TMPRSS2 (NM_001135099) - ERG (NM_004449) fusion (TMPRRS2 exon 1 fused to ERG exons 4-11):c.56-2498:TMPRSS2_c.39+45031:ERGdel | Protein Fusion: out of frame  {TMPRSS2:ERG}	NA
EVT-P-0025455-T01-IM6-407	P-0025455-T01-IM6		ERG-TMPRSS2	ERG	out-of-frame	five_prime	42872283	1	19	True	lost	0.0	False		Trypsin; Scavenger receptor cysteine-rich domain		TMPRSS2 (NM_001135099) - ERG (NM_182918) fusion (TMPRSS2 exons 1-2 fused with ERG exons 2-10): c.56-2167:TMPRSS2_c.18+1698:ERGdel | Protein Fusion: out of frame  {TMPRSS2:ERG}	NA
EVT-P-0025571-T01-IM6-408	P-0025571-T01-IM6		ERG-TMPRSS2	ERG	out-of-frame	five_prime	42872864	1	19	True	lost	0.0	False		Trypsin; Scavenger receptor cysteine-rich domain		TMPRSS2 (NM_001135099) - ERG (NM_182918) fusion (TMPRSS2 exon 1 fused to ERG exons 2-10 ):  c.56-2748:TMPRSS2_c.18+2970:ERGdel | Protein Fusion: out of frame  {TMPRSS2:ERG}	NA
EVT-P-0018886-T01-IM6-410	P-0018886-T01-IM6		ERG-TMPRSS2	ERG	out-of-frame	five_prime	42872880	1	19	True	lost	0.0	False		Trypsin; Scavenger receptor cysteine-rich domain		TMPRSS2 (NM_001135099) - ERG (NM_182918) fusion (TMRPSS2 exon 1 fused  with ERG exons 2-10): c.56-2764:TMPRSS2_c.18+8733:ERGdel | Protein Fusion: out of frame  {TMPRSS2:ERG}	NA
EVT-P-0030109-T01-IM6-411	P-0030109-T01-IM6		ERG-TMPRSS2	ERG	in-frame	five_prime	42867208	2	42	True	lost	0.0	False		Trypsin; Scavenger receptor cysteine-rich domain		TMPRSS2 (NM_001135099) - ERG (NM_004449) fusion: c.56-2838:TMPRSS2_c.40-58598:ERGdel | Protein Fusion: in frame  {TMPRSS2:ERG}	NA
EVT-P-0024461-T01-IM6-412	P-0024461-T01-IM6		ERG-TMPRSS2	ERG	out-of-frame	five_prime	42872210	1	19	True	lost	0.0	False		Trypsin; Scavenger receptor cysteine-rich domain		TMPRSS2 (NM_001135099) - ERG (NM_004449): c.56-2094:TMPRSS2_:c.40-59950:ERGdel | Protein Fusion: out of frame  {TMPRSS2:ERG}	NA
EVT-P-0019212-T01-IM6-413	P-0019212-T01-IM6		ERG-TMPRSS2	ERG	out-of-frame	five_prime	42876132	1	19	True	lost	0.0	False		Trypsin; Scavenger receptor cysteine-rich domain		TMPRSS2 (NM_001135099) - ERG (NM_182918) fusion (TMPRSS2 exon 1 fused to ERG exon 2): c.55+3745:TMPRSS2_c.19-4616:ERGdel | Protein Fusion: out of frame  {TMPRSS2:ERG}	NA
EVT-P-0019212-T02-IM6-414	P-0019212-T02-IM6		ERG-TMPRSS2	ERG	out-of-frame	five_prime	42876132	1	19	True	lost	0.0	False		Trypsin; Scavenger receptor cysteine-rich domain		TMPRSS2 (NM_001135099) - ERG (NM_182918) fusion (TMPRSS2 exon 1 fused to ERG exon 2): c.55+3745:TMPRSS2_c.19-4616:ERGdel | Protein Fusion: out of frame  {TMPRSS2:ERG}	NA
EVT-P-0019212-T03-IM6-415	P-0019212-T03-IM6		ERG-TMPRSS2	ERG	out-of-frame	five_prime	42876132	1	19	True	lost	0.0	False		Trypsin; Scavenger receptor cysteine-rich domain		TMPRSS2 (NM_001135099) - ERG (NM_182918) fusion (TMPRSS2 exon 1 fused to ERG exon 2): c.55+3745:TMPRSS2_c.19-4616:ERGdel | Protein Fusion: out of frame  {TMPRSS2:ERG}	NA
EVT-P-0030086-T01-IM6-416	P-0030086-T01-IM6		ERG-TMPRSS2	ERG	in-frame	three_prime	42866765	3	43	True	retained	1.0	False	Trypsin; Scavenger receptor cysteine-rich domain			ERG (NM_182918) - TMPRSS2 (NM_001135099) rearrangement: c.19-5914:ERG_c.127-260:TMPRSS2dup | Protein Fusion: in frame  {ERG:TMPRSS2}	NA
EVT-P-0019347-T01-IM6-417	P-0019347-T01-IM6		ERG-TMPRSS2	ERG	out-of-frame	five_prime	42872535	1	19	True	lost	0.0	False		Trypsin; Scavenger receptor cysteine-rich domain		TMPRSS2 (NM_001135099) - ERG (NM_182918) fusion (TMPRRS2 exon 1 fused to ERG exons 2-10): c.56-2419:TMPRSS2_c.19-7767:ERGdel | Protein Fusion: out of frame  {TMPRSS2:ERG}	NA
EVT-P-0019692-T01-IM6-419	P-0019692-T01-IM6		ERG-TMPRSS2	ERG	out-of-frame	five_prime	42878273	1	19	True	lost	0.0	False		Trypsin; Scavenger receptor cysteine-rich domain		TMPRSS2 (NM_001135099) - ERG (NM_004449) fusion (TMPRRS2 exon 1 fused to ERG exons 4-11):c.55+1604:TMPRSS2_c.40-60431:ERGdel | Protein Fusion: out of frame  {TMPRSS2:ERG}	NA
EVT-P-0019695-T01-IM6-420	P-0019695-T01-IM6		ERG-TMPRSS2	ERG	out-of-frame	five_prime	42871057	1	19	True	lost	0.0	False		Trypsin; Scavenger receptor cysteine-rich domain		TMPRSS2 (NM_001135099) - ERG (NM_004449) fusion (TMPRRS2 exon 1 fused to ERG exons 4-11):c.56-941:TMPRSS2_c.40-61030:ERGdel | Protein Fusion: out of frame  {TMPRSS2:ERG}	NA
EVT-P-0019797-T01-IM6-421	P-0019797-T01-IM6		ERG-TMPRSS2	ERG	out-of-frame	five_prime	42872215	1	19	True	lost	0.0	False		Trypsin; Scavenger receptor cysteine-rich domain		TMPRSS2 (NM_001135099) - ERG (NM_182918) (TMPRSS2 exon 1 fused with ERG exons 2-10): c.56-2099:TMPRSS2_c.19-24707:ERGdel | Protein Fusion: out of frame  {TMPRSS2:ERG}	NA
EVT-P-0019840-T01-IM6-422	P-0019840-T01-IM6		ERG-TMPRSS2	ERG	out-of-frame	five_prime	42874233	1	19	True	lost	0.0	False		Trypsin; Scavenger receptor cysteine-rich domain		TMPRSS2 (NM_001135099) - ERG (NM_182918) Fusion (TMPRSS2 exon1 with ERG exons 2-10) : c.56-4117:TMPRSS2_c.18+11302:ERGdel | Protein Fusion: out of frame  {TMPRSS2:ERG}	NA
EVT-P-0029939-T01-IM6-423	P-0029939-T01-IM6		ERG-TMPRSS2	ERG	out-of-frame	five_prime	42875025	1	19	True	lost	0.0	False		Trypsin; Scavenger receptor cysteine-rich domain		TMPRSS2 (NM_001135099) - ERG (NM_004449) fusion: c.55+4852:TMPRSS2_c.40-56952:ERG | Protein Fusion: out of frame  {TMPRSS2:ERG}	NA
EVT-P-0019930-T01-IM6-424	P-0019930-T01-IM6		ERG-TMPRSS2	ERG	out-of-frame	five_prime	42870942	1	19	True	lost	0.0	False		Trypsin; Scavenger receptor cysteine-rich domain		TMPRSS2 (NM_001135099) - ERG (NM_004449) fusion (TMPRSS2 exon 1 fused with ERG exons 4-11): c.56-826:TMPRSS2_c.40-59325:ERGdel | Protein Fusion: out of frame  {TMPRSS2:ERG}	NA
EVT-P-0019933-T01-IM6-425	P-0019933-T01-IM6		ERG-TMPRSS2	ERG	out-of-frame	five_prime	42874808	1	19	True	lost	0.0	False		Trypsin; Scavenger receptor cysteine-rich domain		TMPRSS2 (NM_001135099) - ERG (NM_004449) fusion ( TMPRSS2 exon 1 fused with ERG exons 4-11): c.56-4692:TMPRSS2_c.39+60021:ERGdel | Protein Fusion: out of frame  {TMPRSS2:ERG}	NA
EVT-P-0026238-T01-IM6-426	P-0026238-T01-IM6		ERG-TMPRSS2	ERG	out-of-frame	five_prime	42875622	1	19	True	lost	0.0	False		Trypsin; Scavenger receptor cysteine-rich domain		TMPRSS2 (NM_001135099) - ERG (NM_182918) fusion (TMPRSS2 exon 1 fused to ERG exons 2-10): c.55+4255:TMPRSS2_c.18+13682:ERGdel | Protein Fusion: out of frame  {TMPRSS2:ERG}	NA
EVT-P-0020078-T01-IM6-427	P-0020078-T01-IM6		ERG-TMPRSS2	ERG	out-of-frame	five_prime	42872724	1	19	True	lost	0.0	False		Trypsin; Scavenger receptor cysteine-rich domain		TMPRSS2 (NM_001135099) - ERG (NM_182918) (TMPRSS2 exon 1 fused with ERG exons 2-10): c.56-2608:TMPRSS2_c.236+3010:ERGdel | Protein Fusion: out of frame  {TMPRSS2:ERG}	NA
EVT-P-0020083-T01-IM6-428	P-0020083-T01-IM6		ERG-TMPRSS2	ERG	out-of-frame	five_prime	42873200	1	19	True	lost	0.0	False		Trypsin; Scavenger receptor cysteine-rich domain		TMPRSS2 (NM_001135099) - ERG (NM_182918) (TMPRSS2 exon 1 fused with ERG exons 2-10): c.56-3084:TMPRSS2_c.18+8091:ERGdel | Protein Fusion: out of frame  {TMPRSS2:ERG}	NA
EVT-P-0020132-T01-IM6-430	P-0020132-T01-IM6		ERG-TMPRSS2	ERG	in-frame	five_prime	42867623	2	42	True	lost	0.0	False		Trypsin; Scavenger receptor cysteine-rich domain		TMPRSS2 (NM_001135099) - ERG (NM_004449) fusion (TMPRSS2 exons 1-2 fused to ERG exons 4-11):c.127-1118:TMPRSS2_c.39+56940:ERGdel | Protein Fusion: in frame  {TMPRSS2:ERG}	NA
EVT-P-0000373-T01-IM3-431	P-0000373-T01-IM3		ERG-TMPRSS2	ERG	out-of-frame	five_prime	42874110	1	19	True	lost	0.0	False		Trypsin; Scavenger receptor cysteine-rich domain		TMPRSS2 (NM_001135099) - ERG (NM_182918) c.56-3994_c.19-24499del | Protein fusion: out of frame (TMPRSS2-ERG)	NA
EVT-P-0029811-T01-IM6-432	P-0029811-T01-IM6		ERG-TMPRSS2	ERG	out-of-frame	five_prime	42871857	1	19	True	lost	0.0	False		Trypsin; Scavenger receptor cysteine-rich domain		TMPRSS2 (NM_001135099) - ERG (NM_182918) fusion (TMPRSS2 exon 2 fused to ERG exons 2-10): c.56-1741:TMPRSS2_c.18+17833:ERGdel | Protein Fusion: out of frame  {TMPRSS2:ERG}	NA
EVT-P-0020424-T01-IM6-434	P-0020424-T01-IM6		ERG-TMPRSS2	ERG	out-of-frame	five_prime	42879287	1	19	True	lost	0.0	False		Trypsin; Scavenger receptor cysteine-rich domain		TMPRSS2 (NM_001135099) - ERG (NM_004449) fusion (TMPRRS2 exon 1 fused to ERG exons 4-11):c.55+590:TMPRSS2_c.40-60250:ERGdel | Protein Fusion: out of frame  {TMPRSS2:ERG}	NA
EVT-P-0020750-T01-IM6-435	P-0020750-T01-IM6		ERG-TMPRSS2	ERG	in-frame	three_prime	42867090	3	43	True	retained	1.0	False	Trypsin; Scavenger receptor cysteine-rich domain			ERG (NM_004449) - TMPRSS2 (NM_001135099) rearrangement: c.39+2008:ERG_c.127-585:TMPRSS2dup | Protein Fusion: in frame  {ERG:TMPRSS2}	NA
EVT-P-0029809-T01-IM6-437	P-0029809-T01-IM6		ERG-TMPRSS2	ERG	in-frame	five_prime	42868449	2	42	True	lost	0.0	False		Trypsin; Scavenger receptor cysteine-rich domain		TMPRSS2 (NM_001135099) - ERG (NM_004449) fusion (TMPRSS2 exon 1-2 with ERG exons 4-10) : c.126+1597:TMPRSS2_c.39+39940:ERGdel | Protein Fusion: in frame  {TMPRSS2:ERG}	NA
EVT-P-0020812-T01-IM6-438	P-0020812-T01-IM6		ERG-TMPRSS2	ERG	out-of-frame	five_prime	42876239	1	19	True	lost	0.0	False		Trypsin; Scavenger receptor cysteine-rich domain		TMPRSS2 (NM_001135099) - ERG (NM_004449) (TMPRSS2 exon 1 fused with ERG exons 4-11): c.55+3638:TMPRSS2_c.39+63429:ERGdel | Protein Fusion: out of frame  {TMPRSS2:ERG}	NA
EVT-P-0020812-T02-IM6-439	P-0020812-T02-IM6		ERG-TMPRSS2	ERG	out-of-frame	five_prime	42876239	1	19	True	lost	0.0	False		Trypsin; Scavenger receptor cysteine-rich domain		TMPRSS2 (NM_001135099) - ERG (NM_004449) fusion (TMPRSS2 exon 1 fused with ERG exons 4-11): c.55+3638:TMPRSS2_c.39+63429:ERGdel | Protein Fusion: out of frame  {TMPRSS2:ERG}	NA
EVT-P-0029796-T01-IM6-440	P-0029796-T01-IM6		ERG-TMPRSS2	ERG	out-of-frame	five_prime	42876388	1	19	True	lost	0.0	False		Trypsin; Scavenger receptor cysteine-rich domain		TMPRSS2 (NM_001135099) - ERG (NM_004449) fusion: c.55+3489:TMPRSS2_c.40-58375:ERGdel | Protein Fusion: out of frame  {TMPRSS2:ERG}	NA
EVT-P-0020844-T01-IM6-441	P-0020844-T01-IM6		ERG-TMPRSS2	ERG	in-frame	five_prime	42868131	2	42	True	lost	0.0	False		Trypsin; Scavenger receptor cysteine-rich domain		TMPRSS2 (NM_001135099) - ERG (NM_004449) fusion (TMPRRS2 exons 1-2 fused to ERG exons 4-11):c.127-1626:TMPRSS2_c.40-61304:ERGdel | Protein Fusion: in frame  {TMPRSS2:ERG}	NA
EVT-P-0020847-T02-IM6-442	P-0020847-T02-IM6		ERG-TMPRSS2	ERG	in-frame	five_prime	42867106	2	42	True	lost	0.0	False		Trypsin; Scavenger receptor cysteine-rich domain		TMPRSS2 (NM_001135099) - ERG (NM_182918) fusion (TMPRSS2 exons 1-2 fused with ERG exons 2-10): c.127-601:TMPRSS2_c.19-17357:ERGdel | Protein Fusion: in frame  {TMPRSS2:ERG}	NA
EVT-P-0029405-T01-IM6-443	P-0029405-T01-IM6		ERG-TMPRSS2	ERG	in-frame	five_prime	42867932	2	42	True	lost	0.0	False		Trypsin; Scavenger receptor cysteine-rich domain		TMPRSS2 (NM_001135099) - ERG (NM_182918) fusion (TMPRRS2 exons 1-2 fused to ERG exons 2-10):c.127-1427:TMPRSS2_c.18+20762:ERGdel | Protein Fusion: in frame  {TMPRSS2:ERG}	NA
EVT-P-0021104-T01-IM6-444	P-0021104-T01-IM6		ERG-TMPRSS2	ERG	unknown	five_prime	42866560	2	42	True	lost	0.0	False		Trypsin; Scavenger receptor cysteine-rich domain		TMPRSS2 (NM_001135099) - ERG (NM_004449) fusion (TMPRRS2 exons 1-2 fused to ERG exons 4-11):c.127-55:TMPRSS2_c.40-55445:ERGdel | Transcript Fusion {TMPRSS2:ERG}	NA
EVT-P-0029333-T01-IM6-445	P-0029333-T01-IM6		ERG-TMPRSS2	ERG	out-of-frame	five_prime	42873997	1	19	True	lost	0.0	False		Trypsin; Scavenger receptor cysteine-rich domain		TMPRSS2 (NM_001135099) - ERG (NM_004449) fusion (TMPRSS2 exons 1 - ERG exons 4-11):  c.56-3881:TMPRSS2_c.40-57209:ERG | Protein Fusion: out of frame  {TMPRSS2:ERG}	NA
EVT-P-0021183-T01-IM6-446	P-0021183-T01-IM6		ERG-TMPRSS2	ERG	in-frame	five_prime	42869387	2	42	True	lost	0.0	False		Trypsin; Scavenger receptor cysteine-rich domain		TMPRSS2 (NM_001135099) - ERG (NM_182918) fusion (TMPRSS2 exons 1-2 fused with ERG exons 2-10): c.126+659:TMPRSS2_c.18+25615:ERGdel | Protein Fusion: in frame  {TMPRSS2:ERG}	NA
EVT-P-0021239-T01-IM6-447	P-0021239-T01-IM6		ERG-TMPRSS2	ERG	out-of-frame	five_prime	42873552	1	19	True	lost	0.0	False		Trypsin; Scavenger receptor cysteine-rich domain		TMPRSS2 (NM_001135099) - ERG (NM_004449) fusion (TMPRRS2 exon 1 fused to ERG exons 4-11):c.56-3436:TMPRSS2_c.40-63140:ERGdel | Protein Fusion: out of frame  {TMPRSS2:ERG}	NA
EVT-P-0024249-T01-IM6-448	P-0024249-T01-IM6		ERG-TMPRSS2	ERG	out-of-frame	five_prime	42870724	1	19	True	lost	0.0	False		Trypsin; Scavenger receptor cysteine-rich domain		TMPRSS2 (NM_001135099) - ERG (NM_004449) fusion ( TMPRSS2 exon 1 fused to ERG exons 4 -11): c.56-608:TMPRSS2_c.39+56905:ERGdel | Protein Fusion: out of frame  {TMPRSS2:ERG}	NA
EVT-P-0029163-T01-IM6-449	P-0029163-T01-IM6		ERG-TMPRSS2	ERG	out-of-frame	five_prime	42870139	1	19	True	lost	0.0	False		Trypsin; Scavenger receptor cysteine-rich domain		TMPRSS2 (NM_001135099) - ERG (NM_004449) Fusion (TMPRSS2 exons 1-2 fused to ERG exons 4-11): c.56-23:TMPRSS2_c.39+33015:ERGdel | Protein Fusion: out of frame  {TMPRSS2:ERG}	NA
EVT-P-0029105-T02-IM6-450	P-0029105-T02-IM6		ERG-TMPRSS2	ERG	out-of-frame	five_prime	42873116	1	19	True	lost	0.0	False		Trypsin; Scavenger receptor cysteine-rich domain		TMPRSS2 (NM_001135099)  - ERG (NM_182918) fusion (TMPRSS2 exon 1 fused to ERG exons 2-10): c.56-3000:TMPRSS2_c.18+16661:ERGdel | Protein Fusion: out of frame  {TMPRSS2:ERG}	NA
EVT-P-0029105-T01-IM6-451	P-0029105-T01-IM6		ERG-TMPRSS2	ERG	out-of-frame	five_prime	42873116	1	19	True	lost	0.0	False		Trypsin; Scavenger receptor cysteine-rich domain		TMPRSS2 (NM_001135099)  - ERG (NM_182918) fusion (TMPRSS2 exon 1 fused to ERG exons 2-10): c.56-3000:TMPRSS2_c.18+16661:ERGdel | Protein Fusion: out of frame  {TMPRSS2:ERG}	NA
EVT-P-0021310-T01-IM6-452	P-0021310-T01-IM6		ERG-TMPRSS2	ERG	in-frame	three_prime	42868727	3	43	True	retained	1.0	False	Trypsin; Scavenger receptor cysteine-rich domain			ERG (NM_004449) - TMPRSS2 (NM_001135099) rearrangement: c.39+53911:ERG_c.126+1319:TMPRSS2dup | Protein Fusion: in frame  {ERG:TMPRSS2}	NA
EVT-P-0021342-T01-IM6-453	P-0021342-T01-IM6		ERG-TMPRSS2	ERG	in-frame	five_prime	42868257	2	42	True	lost	0.0	False		Trypsin; Scavenger receptor cysteine-rich domain		TMPRSS2 (NM_001135099) - ERG (NM_004449) fusion (TMPRSS2 exons 1-2 fused to ERG exons 4-11): c.127-1752:TMPRSS2_c.39+51696:ERGdel | Protein Fusion: in frame  {TMPRSS2:ERG}	NA
EVT-P-0021388-T01-IM6-454	P-0021388-T01-IM6		ERG-TMPRSS2	ERG	in-frame	five_prime	42866534	2	42	True	lost	0.0	False		Trypsin; Scavenger receptor cysteine-rich domain		TMPRSS2 (NM_001135099) - ERG (NM_004449) fusion (TMPRSS2 exons 1-2 fused to ERG exons 4-11): c.127-29:TMPRSS2_c.39+17938:ERGdel | Protein Fusion: in frame  {TMPRSS2:ERG}	NA
EVT-P-0024217-T02-IM6-455	P-0024217-T02-IM6		ERG-TMPRSS2	ERG	out-of-frame	five_prime	42874589	1	19	True	lost	0.0	False		Trypsin; Scavenger receptor cysteine-rich domain		TMPRSS2 (NM_001135099) - ERG (NM_00444) fusion (TMPRSS2 exons 1-2 fused with ERG exons 4-10): c.56-4473:TMPRSS2_c.39+19351:ERG | Protein Fusion: out of frame  {TMPRSS2:ERG}	NA
EVT-P-0028587-T01-IM6-456	P-0028587-T01-IM6		ERG-TMPRSS2	ERG	out-of-frame	five_prime	42871201	1	19	True	lost	0.0	False		Trypsin; Scavenger receptor cysteine-rich domain		TMPRSS2 (NM_001135099) - ERG (NM_182918) fusion (TMPRSS2 exon 1 fused with ERG exons 2-10): c.-56-1085:TMPRSS2_c.18+6551:ERGdel | Protein Fusion: out of frame  {TMPRSS2:ERG}	NA
EVT-P-0021577-T01-IM6-457	P-0021577-T01-IM6		ERG-TMPRSS2	ERG	in-frame	five_prime	42869477	2	42	True	lost	0.0	False		Trypsin; Scavenger receptor cysteine-rich domain		TMPRSS2 (NM_001135099) - ERG (NM_182918) fusion (TMPRRS2 exons 1-2 fused to ERG exons 2-10): c.126+569:TMPRSS2_c.19-13687:ERGdel | Protein Fusion: in frame  {TMPRSS2:ERG}	NA
EVT-P-0021673-T01-IM6-458	P-0021673-T01-IM6		ERG-TMPRSS2	ERG	out-of-frame	five_prime	42874055	1	19	True	lost	0.0	False		Trypsin; Scavenger receptor cysteine-rich domain		TMPRSS2 (NM_001135099) - ERG (NM_182918) fusion (TMPRSS2 exon 1 fused to ERG exons 2-10): c.56-3939:TMPRSS2_c.18+2925:ERGdel | Protein Fusion: out of frame  {TMPRSS2:ERG}	NA
EVT-P-0028569-T01-IM6-459	P-0028569-T01-IM6		ERG-TMPRSS2	ERG	out-of-frame	five_prime	42871144	1	19	True	lost	0.0	False		Trypsin; Scavenger receptor cysteine-rich domain		TMPRSS2 (NM_001135099) - ERG (NM_004449) fusion (TMPRSS2 exon 2 fused with ERG exons 4-10): c.56-1028:TMPRSS2_c.39+40799:ERGdel | Protein Fusion: out of frame  {TMPRSS2:ERG}	NA
EVT-P-0021698-T01-IM6-460	P-0021698-T01-IM6		ERG-TMPRSS2	ERG	out-of-frame	five_prime	42872583	1	19	True	lost	0.0	False		Trypsin; Scavenger receptor cysteine-rich domain		TMPRSS2 (NM_001135099) - ERG (NM_182918) fusion (TMPRRS2 exons 1-2 fused to ERG exons 2-10): c.56-2467:TMPRSS2_c.19-2116:ERGdel | Protein Fusion: out of frame  {TMPRSS2:ERG}	NA
EVT-P-0028551-T01-IM6-461	P-0028551-T01-IM6		ERG-TMPRSS2	ERG	unknown	five_prime	42872253	1	19	True	lost	0.0	False		Trypsin; Scavenger receptor cysteine-rich domain		TMPRSS2 (NM_001135099) - ERG (NM_004449) Fusion (TMPRSS2 exon 1 fused to ERG exons 4-11): c.56-2137:TMPRSS_c.40-54306:ERGdel | Transcript Fusion {TMPRSS2:ERG}	NA
EVT-P-0021853-T01-IM6-462	P-0021853-T01-IM6		ERG-TMPRSS2	ERG	out-of-frame	five_prime	42873148	1	19	True	lost	0.0	False		Trypsin; Scavenger receptor cysteine-rich domain		TMPRSS2 (NM_001135099) -ERG (NM_004449) fusion (TMPRSS2 exon 1 fused with ERG exon4) : c.56-3032:TMPRSS2_c.40-59421:ERGdel | Protein Fusion: out of frame  {TMPRSS2:ERG}	NA
EVT-P-0022060-T01-IM6-463	P-0022060-T01-IM6		ERG-TMPRSS2	ERG	out-of-frame	three_prime	42861857	4	117	True	retained	1.0	False	Trypsin; Scavenger receptor cysteine-rich domain			ERG (NM_182918) - TMPRSS2 (NM_001135099) rearrangement: c.236+78:ERG_c.350-337:TMPRSS2dup | Protein Fusion: out of frame  {ERG:TMPRSS2}	NA
EVT-P-0022117-T01-IM6-464	P-0022117-T01-IM6		ERG-TMPRSS2	ERG	unknown	five_prime	42866328	3	102	False	lost	0.0	False		Trypsin; Scavenger receptor cysteine-rich domain		TMPRSS2 (NM_001135099) - ERG (NM_182918) fusion (TMPRRS2 exons 1-3 fused to ERG exons 2-10): c.304:TMPRSS2_c.18+8044:ERGdel | Protein Fusion: mid-exon  {TMPRSS2:ERG}	NA
EVT-P-0028430-T01-IM6-465	P-0028430-T01-IM6		ERG-TMPRSS2	ERG	out-of-frame	five_prime	42873954	1	19	True	lost	0.0	False		Trypsin; Scavenger receptor cysteine-rich domain		TMPRSS2 (NM_001135099) - ERG (NM_004449) Fusion (fTMPRSS2 exon 1 with ERG exons 4-10). | Protein Fusion: out of frame  {TMPRSS2:ERG}	NA
EVT-P-0024217-T01-IM6-467	P-0024217-T01-IM6		ERG-TMPRSS2	ERG	out-of-frame	five_prime	42874589	1	19	True	lost	0.0	False		Trypsin; Scavenger receptor cysteine-rich domain		TMPRSS2 (NM_001135099) - ERG (NM_004449) fusion (TMPRRS2 exon 1 fused to ERG exons 4-11):c.56-4473:TMPRSS2_c.39+19351:ERGdel | Protein Fusion: out of frame  {TMPRSS2:ERG}	NA
EVT-P-0027526-T01-IM6-470	P-0027526-T01-IM6		ERG-TMPRSS2	ERG	in-frame	five_prime	42869752	2	42	True	lost	0.0	False		Trypsin; Scavenger receptor cysteine-rich domain		TMPRSS2 (NM_001135099) - ERG (NM_004449.4) fusion (TMPRSS2 exon 1-2 with ERG exons 4-10) : c.126+294:TMPRSS2_c.40-60810:ERGdel | Protein Fusion: in frame  {TMPRSS2:ERG}	NA
EVT-P-0022446-T01-IM6-471	P-0022446-T01-IM6		ERG-TMPRSS2	ERG	in-frame	five_prime	42868538	2	42	True	lost	0.0	False		Trypsin; Scavenger receptor cysteine-rich domain		TMPRSS2 (NM_001135099) - ERG (NM_004449) fusion (TMPRSS2 exons 1-2 fused to ERG exons 4-11): c.126+1508:TMPRSS2_c.39+58986:ERGdel | Protein Fusion: in frame  {TMPRSS2:ERG}	NA
EVT-P-0022470-T01-IM6-472	P-0022470-T01-IM6		ERG-TMPRSS2	ERG	out-of-frame	five_prime	42872773	1	19	True	lost	0.0	False		Trypsin; Scavenger receptor cysteine-rich domain		TMPRSS2 (NM_001135099) - ERG (NM_004449) fusion (TMPRRS2 exon 1 fused to ERG exons 4-11):c.56-2657:TMPRSS2_c.40-63048:ERGdel | Protein Fusion: out of frame  {TMPRSS2:ERG}	NA
EVT-P-0027454-T01-IM6-473	P-0027454-T01-IM6		ERG-TMPRSS2	ERG	in-frame	five_prime	42869338	2	42	True	lost	0.0	False		Trypsin; Scavenger receptor cysteine-rich domain		TMPRSS2 (NM_001135099) - ERG (NM_182918) fusion (TMPRRS2 exons 1-2 fused to ERG exons 2-10): c.126+708:TMPRSS2_c.18+8974:ERGdel | Protein Fusion: in frame  {TMPRSS2:ERG}	NA
EVT-P-0022611-T01-IM6-474	P-0022611-T01-IM6		ERG-TMPRSS2	ERG	out-of-frame	five_prime	42873629	1	19	True	lost	0.0	False		Trypsin; Scavenger receptor cysteine-rich domain		TMPRSS2 (NM_001135099) - ERG (NM_182918) fusion (TMPRSS2 exon 1 fused to ERG exons 2-10): c.56-3513:TMPRSS2_c.18+11133:ERGdel | Protein Fusion: out of frame  {TMPRSS2:ERG}	NA
EVT-P-0022700-T01-IM6-475	P-0022700-T01-IM6		ERG-TMPRSS2	ERG	in-frame	five_prime	42869415	2	42	True	lost	0.0	False		Trypsin; Scavenger receptor cysteine-rich domain		TMPRSS2 (NM_001135099) - ERG (NM_004449) fusion (TMPRRS2 exons 1-2 fused to ERG exons 4-11):c.126+631:TMPRSS2_c.40-60817:ERGdel | Protein Fusion: in frame  {TMPRSS2:ERG}	NA
EVT-P-0027453-T01-IM6-476	P-0027453-T01-IM6		ERG-TMPRSS2	ERG	out-of-frame	five_prime	42872283	1	19	True	lost	0.0	False		Trypsin; Scavenger receptor cysteine-rich domain		TMPRSS2 (NM_001135099) - ERG (NM_004449) fusion (TMPRRS2 exon 1 fused to ERG exons 4-11):c.56-2167:TMPRSS2_c.39+56989:ERGdel | Protein Fusion: out of frame  {TMPRSS2:ERG}	NA
EVT-P-0022782-T01-IM6-477	P-0022782-T01-IM6		ERG-TMPRSS2	ERG	out-of-frame	five_prime	42874883	1	19	True	lost	0.0	False		Trypsin; Scavenger receptor cysteine-rich domain		TMPRSS2 (NM_001135099) - ERG (NM_182918) fusion (TMPRSS2 exon 1 fused in-frame with ERG exons 2-10): c.56-4767:TMRPSS2_c.18+9054:ERGdel | Protein Fusion: out of frame  {TMPRSS2:ERG}	NA
EVT-P-0022865-T01-IM6-478	P-0022865-T01-IM6		ERG-TMPRSS2	ERG	unknown	five_prime	42873095	1	19	True	lost	0.0	False		Trypsin; Scavenger receptor cysteine-rich domain		TMPRSS2 (NM_001135099) ERG (NM_182918) Fusion (TMPRSS2 exons 1-2 fused with ERG exons 2-10): c.56-2979:TMPRSS2_c.90:ERGdel | Protein Fusion: mid-exon  {TMPRSS2:ERG}	NA
EVT-P-0027272-T01-IM6-479	P-0027272-T01-IM6		ERG-TMPRSS2	ERG	out-of-frame	five_prime	42872586	1	19	True	lost	0.0	False		Trypsin; Scavenger receptor cysteine-rich domain		TMPRSS2 (NM_001135099) - ERG (NM_182918) fusion: c.56-2470_c.19-26014del | Protein Fusion: out of frame  {TMPRSS2:ERG}	NA
EVT-P-0023067-T01-IM6-480	P-0023067-T01-IM6		ERG-TMPRSS2	ERG	out-of-frame	five_prime	42877648	1	19	True	lost	0.0	False		Trypsin; Scavenger receptor cysteine-rich domain		TMPRSS2 (NM_001135099) - ERG (NM_182918) fusion (TMPRSS2 exon 1 fused to ERG exons 2-10): c.55+2229:TMPRSS2_c.18+4015:ERGdel | Protein Fusion: out of frame  {TMPRSS2:ERG}	NA
EVT-P-0023270-T01-IM6-483	P-0023270-T01-IM6		ERG-TMPRSS2	ERG	out-of-frame	five_prime	42874061	1	19	True	lost	0.0	False		Trypsin; Scavenger receptor cysteine-rich domain		TMPRSS2 (NM_001135099) - ERG (NM_004449) Fusion (TMPRSS2 exon1 fused with exon4) : c.56-3945:TMPRSS2_c.40-62862:ERGdel | Protein Fusion: out of frame  {TMPRSS2:ERG}	NA
EVT-P-0027210-T01-IM6-484	P-0027210-T01-IM6		ERG-TMPRSS2	ERG	out-of-frame	five_prime	42870803	1	19	True	lost	0.0	False		Trypsin; Scavenger receptor cysteine-rich domain		TMPRSS2 (NM_001135099) - ERG (NM_004449) fusion (TMPRSS2 exon 1 fused with ERG exons 4-11): c.56-687:TMPRSS2_c.39+51208:ERGdel | Protein Fusion: out of frame  {TMPRSS2:ERG}	NA
EVT-P-0023404-T01-IM6-485	P-0023404-T01-IM6		ERG-TMPRSS2	ERG	out-of-frame	five_prime	42873536	1	19	True	lost	0.0	False		Trypsin; Scavenger receptor cysteine-rich domain		TMPRSS2 (NM_001135099) - ERG (NM_004449) fusion (TMPRSS2 exon 1 fused to ERG exons 4-11): c.56-3420:TMPRSS2_c.40-59054:ERGdel | Protein Fusion: out of frame  {TMPRSS2:ERG}	NA
EVT-P-0026808-T01-IM6-487	P-0026808-T01-IM6		ERG-TMPRSS2	ERG	out-of-frame	five_prime	42873838	1	19	True	lost	0.0	False		Trypsin; Scavenger receptor cysteine-rich domain		TMPRSS2 (NM_001135099) - ERG (NM_182918) fusion (TMPRSS2 exon 1 fused to ERG exons 2-10): c.56-3722:TMPRSS2_c.19-15805:ERGdel | Protein Fusion: out of frame  {TMPRSS2:ERG}	NA
EVT-P-0023605-T01-IM6-488	P-0023605-T01-IM6		ERG-TMPRSS2	ERG	in-frame	five_prime	42868088	2	42	True	lost	0.0	False		Trypsin; Scavenger receptor cysteine-rich domain		TMPRSS2 (NM_001135099) - ERG (NM_182918) Fusion (TMPRSS2 exons 1-2 fused with ERG exons 4-10): c.127-1583:TMPRSS2_c.-3842:ERGdel | Protein Fusion: in frame  {TMPRSS2:ERG}	NA
EVT-P-0023621-T01-IM6-489	P-0023621-T01-IM6		ERG-TMPRSS2	ERG	in-frame	five_prime	42869564	2	42	True	lost	0.0	False		Trypsin; Scavenger receptor cysteine-rich domain		TMPRSS2 (NM_001135099) - ERG (NM_182918) fusion (TMPRSS2 exons 1-2 fused to ERG exons 2-10): c.126+482:TMPRSS2_c.19-21174:ERGdel | Protein Fusion: in frame  {TMPRSS2:ERG}	NA
EVT-P-0023625-T01-IM6-490	P-0023625-T01-IM6		ERG-TMPRSS2	ERG	out-of-frame	five_prime	42870536	1	19	True	lost	0.0	False		Trypsin; Scavenger receptor cysteine-rich domain		TMPRSS2 (NM_001135099) rearrangement: c.-56-420:TMPRSS2_chr21:g.39863632del | Protein Fusion: out of frame  {TMPRSS2:ERG}	NA
EVT-P-0023663-T01-IM6-491	P-0023663-T01-IM6		ERG-TMPRSS2	ERG	in-frame	five_prime	42869591	2	42	True	lost	0.0	False		Trypsin; Scavenger receptor cysteine-rich domain		TMPRSS2 (NM_001135099) - ERG (NM_182918) fusion (TMPRSS2 exons 1-2 fused with ERG exons 3-10): c.126+455:TMPRSS2_c.19-16612:ERGdel | Protein Fusion: in frame  {TMPRSS2:ERG}	NA
EVT-P-0023707-T01-IM6-492	P-0023707-T01-IM6		ERG-TMPRSS2	ERG	in-frame	five_prime	42867991	2	42	True	lost	0.0	False		Trypsin; Scavenger receptor cysteine-rich domain		TMPRSS2 (NM_001135099) - ERG (NM_004449) Fusion (TMPRSS2 exon2 with ERG exon 4):c.127-1486:TMPRSS2_c.40-60882:ERGdel | Protein Fusion: in frame  {TMPRSS2:ERG}	NA
EVT-P-0023753-T01-IM6-493	P-0023753-T01-IM6		ERG-TMPRSS2	ERG	out-of-frame	five_prime	42872201	1	19	True	lost	0.0	False		Trypsin; Scavenger receptor cysteine-rich domain		TMPRSS2 (NM_001135099) - ERG (NM_182918) fusion (TMPRSS2 exon 1 fused to ERG exons 2-10): c.56-2085:TMPRSS2_:c.18+21555:ERGdel | Protein Fusion: out of frame  {TMPRSS2:ERG}	NA
EVT-P-0023838-T01-IM6-494	P-0023838-T01-IM6		ERG-TMPRSS2	ERG	in-frame	five_prime	42867929	2	42	True	lost	0.0	False		Trypsin; Scavenger receptor cysteine-rich domain		TMPRSS2 (NM_001135099) - ERG (NM_004449) fusion (TMPRRS2 exons 1-2 fused to ERG exons 4-11):c.127-1424:TMPRSS2_c.40-59243:ERGdel | Protein Fusion: in frame  {TMPRSS2:ERG}	NA
EVT-P-0023839-T02-IM6-495	P-0023839-T02-IM6		ERG-TMPRSS2	ERG	out-of-frame	five_prime	42873109	1	19	True	lost	0.0	False		Trypsin; Scavenger receptor cysteine-rich domain		TMPRSS2 (NM_001135099) - ERG (NM_182918) fusion (TMPRSS2 exons 1 fused with ERG exons 2-10): c.56-2993:TMPRSS2_c.19-8540:ERGdel | Protein Fusion: out of frame  {TMPRSS2:ERG}	NA
EVT-P-0026768-T01-IM6-496	P-0026768-T01-IM6		ERG-TMPRSS2	ERG	out-of-frame	five_prime	42871129	1	19	True	lost	0.0	False		Trypsin; Scavenger receptor cysteine-rich domain		TMPRSS2 (NM_001135099) - ERG (NM_004449) fusion (TMPRRS2 exon 1 fused to ERG exons 4-11):c.56-1013:TMPRSS2_c.39+54142:ERGdel | Protein Fusion: out of frame  {TMPRSS2:ERG}	NA
EVT-P-0023958-T02-IM6-497	P-0023958-T02-IM6		ERG-TMPRSS2	ERG	in-frame	three_prime	42868330	3	43	True	retained	1.0	False	Trypsin; Scavenger receptor cysteine-rich domain			ERG (NM_182918) - TMPRSS2 (NM_001135099) rearrangement: c.19-2153:ERG_c.126+1716:TMPRSS2dup | Protein Fusion: in frame  {ERG:TMPRSS2}	NA
EVT-P-0026428-T01-IM6-499	P-0026428-T01-IM6		ERG-TMPRSS2	ERG	out-of-frame	five_prime	42874436	1	19	True	lost	0.0	False		Trypsin; Scavenger receptor cysteine-rich domain		TMPRSS2 (NM_001135099) - ERG (NM_182918) fusion (TMPRSS2 exon 1 fused with ERG exons 2-10): c.56-4320:TMPRSS2_c.19-19161:ERGdel | Protein Fusion: out of frame  {TMPRSS2:ERG}	NA
EVT-P-0017245-T01-IM6-500	P-0017245-T01-IM6		ERG-TMPRSS2	ERG	out-of-frame	five_prime	42876604	1	19	True	lost	0.0	False		Trypsin; Scavenger receptor cysteine-rich domain		TMPRSS2 (NM_001135099) - ERG (NM_182918) Fusion (TMPRSS2 exon1 fused with ERG exon3) : c.55+3273:TMPRSS2_c.237-9598:ERGdel | Protein Fusion: out of frame  {TMPRSS2:ERG}	NA
EVT-P-0017262-T01-IM6-501	P-0017262-T01-IM6		ERG-TMPRSS2	ERG	in-frame	five_prime	42868297	2	42	True	lost	0.0	False		Trypsin; Scavenger receptor cysteine-rich domain		TMPRSS2 (NM_001135099) - ERG (NM_182918) fusion (TMPRSS2 exons 1-2 fused in-frame with ERG exons 2-10): c.126+1749:TMPRSS2_c.18+4187:ERGdel | Protein Fusion: in frame  {TMPRSS2:ERG}	NA
EVT-P-0033832-T01-IM6-502	P-0033832-T01-IM6		ERG-TMPRSS2	ERG	in-frame	five_prime	42868279	2	42	True	lost	0.0	False		Trypsin; Scavenger receptor cysteine-rich domain		TMPRSS2 (NM_001135099) - ERG (NM_004449) fusion: c.126+1767:TMPRSS2_c.39+62909:ERGdel | Protein Fusion: in frame  {TMPRSS2:ERG}	NA
EVT-P-0049439-T01-IM6-504	P-0049439-T01-IM6		KLK3-TMPRSS2	KLK3	unknown	three_prime	42843855	10	355	False	disrupted	0.7292576419213974	True		Scavenger receptor cysteine-rich domain	Trypsin	KLK3 (NM_001648) - TMPRSS2 (NM_001135099) rearrangement: t(19;21)(q13.33;q22.3)(chr19:g.51359165::chr21:g.42843855) | Protein Fusion: mid-exon  {KLK3:TMPRSS2}	NA
EVT-P-0049188-T02-IM7-519	P-0049188-T02-IM7		MAD1L1-TMPRSS2	MAD1L1	out-of-frame	three_prime	42874884	2	19	True	retained	1.0	False	Trypsin; Scavenger receptor cysteine-rich domain			MAD1L1 (NM_001013837) - TMPRSS2 (NM_001135099) rearrangement: t(7;21)(p22.3;q22.3)(chr7:g.2217379::chr21:g.42874884) | Protein Fusion: out of frame  {MAD1L1:TMPRSS2}	NA
EVT-P-0049188-T01-IM6-520	P-0049188-T01-IM6		MAD1L1-TMPRSS2	MAD1L1	out-of-frame	three_prime	42874884	2	19	True	retained	1.0	False	Trypsin; Scavenger receptor cysteine-rich domain			MAD1L1 (NM_001013837) - TMPRSS2 (NM_001135099) rearrangement: t(7;21)(p22.3;q22.3)(chr7:g.2217379::chr21:g.42874884) | Protein Fusion: out of frame  {MAD1L1:TMPRSS2}	NA
EVT-P-0019130-T01-IM6-522	P-0019130-T01-IM6		MRPS6-TMPRSS2	MRPS6	unknown	five_prime	42866482	3	50	False	lost	0.0	False		Trypsin; Scavenger receptor cysteine-rich domain		TMPRSS2 (NM_001135099) rearrangement:  chr21:g.35443032_c.150inv | Protein Fusion: mid-exon  {TMPRSS2:MRPS6}	NA
EVT-P-0004283-T01-IM5-524	P-0004283-T01-IM5		MX1-TMPRSS2	MX1	out-of-frame	three_prime	42874494	2	19	True	retained	1.0	False	Trypsin; Scavenger receptor cysteine-rich domain			MX1 (NM_001178046) - TMPRSS2 (NM_001135099) rearrangement : c.1759-351:MX1_c.56-4378:TMPRSS2inv | Protein fusion: out of frame (MX1-TMPRSS2)	NA
EVT-P-0030872-T01-IM6-525	P-0030872-T01-IM6		MX1-TMPRSS2	MX1	in-frame	three_prime	42872650	2	19	True	retained	1.0	False	Trypsin; Scavenger receptor cysteine-rich domain			MX1 (NM_001178046) - TMPRSS2 (NM_001135099) rearrangement: c.1432+622:MX1_c.56-2534:TMPRSS2inv | Protein Fusion: in frame  {MX1:TMPRSS2}	NA
EVT-P-0002901-T03-IM5-527	P-0002901-T03-IM5		NR3C2-TMPRSS2	NR3C2	out-of-frame	three_prime	42869155	3	43	True	retained	1.0	False	Trypsin; Scavenger receptor cysteine-rich domain			NR3C2 -TMPRSS2  fusion : t(4;21 (q22.3;q31.23 (chr4:g.149213311::chr21:g.42869155) | Protein fusion: out of frame (NR3C2-TMPRSS2)	NA
EVT-P-0044218-T01-IM6-530	P-0044218-T01-IM6		OSBPL2-TMPRSS2	OSBPL2	in-frame	three_prime	42872237	2	19	True	retained	1.0	False	Trypsin; Scavenger receptor cysteine-rich domain			OSBPL2 (NM_144498) - TMPRSS2 (NM_001135099) rearrangement: t(20;21)(q13.33;q22.3)(chr20:g.60866051::chr21:g.42872237) | Protein Fusion: in frame  {OSBPL2:TMPRSS2}	NA
EVT-P-0034876-T01-IM6-531	P-0034876-T01-IM6		PAXBP1-TMPRSS2	PAXBP1	out-of-frame	three_prime	42867134	3	43	True	retained	1.0	False	Trypsin; Scavenger receptor cysteine-rich domain			PAXBP1 (NM_016631) - TMPRSS2 (NM_001135099) rearrangement: c.649+322:PAXBP1_c.127-629:TMPRSS2dup | Protein Fusion: out of frame  {PAXBP1:TMPRSS2}	NA
EVT-P-0037608-T01-IM6-532	P-0037608-T01-IM6		PGM5-TMPRSS2	PGM5	in-frame	three_prime	42869299	3	43	True	retained	1.0	False	Trypsin; Scavenger receptor cysteine-rich domain			PGM5 (NM_021965) - TMPRSS2 (NM_001135099) rearrangement: t(9;21)(q21.11;q22.3)(chr9:g.71138173::chr21:g.42869299) | Protein Fusion: in frame  {PGM5:TMPRSS2}	NA
EVT-P-0030872-T01-IM6-533	P-0030872-T01-IM6		POLDIP3-TMPRSS2	POLDIP3	out-of-frame	five_prime	42867864	2	42	True	lost	0.0	False		Trypsin; Scavenger receptor cysteine-rich domain		TMPRSS2 (NM_001135099) - POLDIP3 (NM_032311) rearrangement: t(21;22)(q22.3;q13.2)(chr21:g.:42867864::chr22:g.43009989) | Protein Fusion: out of frame  {TMPRSS2:POLDIP3}	NA
EVT-P-0063301-T01-IM7-534	P-0063301-T01-IM7		PREX2-TMPRSS2	PREX2	unknown	three_prime	42852468	6	206	False	retained	1.0	False	Trypsin		Scavenger receptor cysteine-rich domain	PREX2 (NM_024870) - TMPRSS2 (NM_001135099) rearrangement: t(8;21)(q13.2;q22.3)(chr8:g.68911596::chr21:g.42852468) | Protein Fusion: mid-exon  {PREX2:TMPRSS2}	NA
EVT-P-0046175-T02-IM6-535	P-0046175-T02-IM6		RCN1-TMPRSS2	RCN1	out-of-frame	three_prime	42875275	2	19	True	retained	1.0	False	Trypsin; Scavenger receptor cysteine-rich domain			RCN1 (NM_002901) - TMPRSS2 (NM_001135099) rearrangement: t(11;21)(p13;q22.3)(chr11:g.32114150::chr21:g.42875275) | Protein Fusion: out of frame  {RCN1:TMPRSS2}	NA
EVT-P-0006603-T01-IM5-536	P-0006603-T01-IM5		SETD4-TMPRSS2	SETD4	out-of-frame	three_prime	42869417	3	43	True	retained	1.0	False	Trypsin; Scavenger receptor cysteine-rich domain			SETD4 (NM_017438) - TMPRSS2 (NM_001135099) rearrangement: c.169+807:SETD4_c.126+629:TMPRSS2del | Protein fusion: out of frame (SETD4-TMPRSS2)	NA
EVT-P-0029843-T01-IM6-537	P-0029843-T01-IM6		SH3BGR-TMPRSS2	SH3BGR	out-of-frame	three_prime	42872212	2	19	True	retained	1.0	False	Trypsin; Scavenger receptor cysteine-rich domain			SH3BGR (NM_007341) - TMPRSS2 (NM_001135099) rearrangement: c.421-1136:SH3BGR_c.56-2096:TMPRSS2inv | Protein Fusion: out of frame  {SH3BGR:TMPRSS2}	NA
EVT-P-0018122-T01-IM6-539	P-0018122-T01-IM6		TMPRSS2-ABCG1	ABCG1	out-of-frame	five_prime	42851084	7	265	True	lost	0.0	False		Trypsin	Scavenger receptor cysteine-rich domain	TMPRSS2 (NM_001135099) - ABCG1 (NM_207627) Rearrangement: c.794+15:TMPRSS2_c.48+6119:ABCG1inv | Protein Fusion: out of frame  {TMPRSS2:ABCG1}	NA
EVT-P-0002123-T02-IM5-540	P-0002123-T02-IM5		TMPRSS2-ACP3	ACP3	unknown	five_prime	42868047	2	42	True	lost	0.0	False		Trypsin; Scavenger receptor cysteine-rich domain		TMPRSS2 (NM_001135099) - ACPP (NM_001134194) rearrangement: t(3;21)(q22.1;q22.3)(chr3:g.132053847::chr21:g.42868047) | Antisense fusion	NA
EVT-P-0006689-T01-IM5-541	P-0006689-T01-IM5		TMPRSS2-AFDN	AFDN	in-frame	five_prime	42875775	1	19	True	lost	0.0	False		Trypsin; Scavenger receptor cysteine-rich domain		TMPRSS2 (NM_001135099) - MLLT4 (NM_001207008) rearrangement : t(6;21)(q27;q22.3)(chr6:168293792::chr21:42875775) | Protein fusion: in frame (TMPRSS2-MLLT4)	NA
EVT-P-0002398-T01-IM3-542	P-0002398-T01-IM3		TMPRSS2-ARF4	ARF4	out-of-frame	three_prime	42867618	3	43	True	retained	1.0	False	Trypsin; Scavenger receptor cysteine-rich domain			ARF4 (NM_001660) - TMPRSS2 (NM_001135099) Translocation :   t(3;21)(p14.3;q22.3)(chr3:g.57572612::chr21:g.42867618) | Protein fusion: out of frame (ARF4-TMPRSS2)	NA
EVT-P-0014395-T01-IM6-543	P-0014395-T01-IM6		TMPRSS2-ARHGAP26	ARHGAP26	in-frame	five_prime	42868024	2	42	True	lost	0.0	False		Trypsin; Scavenger receptor cysteine-rich domain		TMPRSS2 (NM_001135099) - ARHGAP26 (NM_015071) fusion (TMPRSS2 exons 1-2 fused in-frame to ARHGAP26 exons 12-23): t(5;21)(q31.3;q22.3)(chr5:g.142324441::chr21:g.42868024) | Protein fusion: in frame (TMPRSS2-ARHGAP26)	NA
EVT-P-0064697-T01-IM7-545	P-0064697-T01-IM7		TMPRSS2-ARRB1	ARRB1	out-of-frame	five_prime	42877301	1	19	True	lost	0.0	False		Trypsin; Scavenger receptor cysteine-rich domain		TMPRSS2 (NM_001135099) - ARRB1 (NM_004041) rearrangement: t(11;21)(q13.4;q22.3)(chr11:g.75013239::chr21:g.42877301) | Protein Fusion: out of frame  {TMPRSS2:ARRB1}	NA
EVT-P-0051214-T01-IM6-546	P-0051214-T01-IM6		TMPRSS2-BRAF	BRAF	in-frame	five_prime	42867846	2	42	True	lost	0.0	False		Trypsin; Scavenger receptor cysteine-rich domain		TMPRSS2 (NM_001135099) - BRAF (NM_004333) fusion: t(7;21)(q34;q22.3)(chr7:g.140502592::chr21:g.42867846) | Protein Fusion: in frame  {TMPRSS2:BRAF}	NA
EVT-P-0018524-T01-IM6-547	P-0018524-T01-IM6		TMPRSS2-BRAF	BRAF	out-of-frame	five_prime	42873801	1	19	True	lost	0.0	False		Trypsin; Scavenger receptor cysteine-rich domain		TMPRSS2 (NM_001135099) - BRAF (NM_004333) Rearrangement : t(21;7)(q22.3;q34)(chr21:g.42873801::chr7:g.140490337) | Protein Fusion: out of frame  {TMPRSS2:BRAF}	NA
EVT-P-0022778-T01-IM6-549	P-0022778-T01-IM6		TMPRSS2-BRAF	BRAF	in-frame	five_prime	42878796	1	19	True	lost	0.0	False		Trypsin; Scavenger receptor cysteine-rich domain		TMPRSS2 (NM_001135099) - BRAF (NM_004333) Rearrangement : t(7;21)(q34;q22.3)(chr7:g.140483147::chr21:g.42878796) | Protein Fusion: in frame  {TMPRSS2:BRAF}	NA
EVT-P-0013729-T01-IM5-551	P-0013729-T01-IM5		TMPRSS2-CASZ1	CASZ1	out-of-frame	five_prime	42868002	2	42	True	lost	0.0	False		Trypsin; Scavenger receptor cysteine-rich domain		TMPRSS2 (NM_001135099) - CASZ1 (NM_001079843) rearrangement: t(1;21)(p36.22;q22.3)(chr1:g.10703925::chr21:g.42868002) | Protein fusion: out of frame (TMPRSS2-CASZ1)	NA
EVT-P-0026514-T01-IM6-552	P-0026514-T01-IM6		TMPRSS2-CCN6	CCN6	out-of-frame	five_prime	42879671	1	19	True	lost	0.0	False		Trypsin; Scavenger receptor cysteine-rich domain		TMPRSS2 (NM_001135099) - WISP3 (NM_003880) Rearrangement : t(6,21)(q21,q22.2)(chr6:g.112390072::chr21:g.30301865) | Protein Fusion: out of frame  {TMPRSS2:WISP3}	NA
EVT-P-0022953-T01-IM6-553	P-0022953-T01-IM6		TMPRSS2-CERS6	CERS6	out-of-frame	five_prime	42873665	1	19	True	lost	0.0	False		Trypsin; Scavenger receptor cysteine-rich domain		TMPRSS2 (NM_001135099) - CERS6 (NM_203463) rearrangement: t(2;21)(q24.3;q22.3)(chr2:g.169560626::chr21:g.42873665) | Protein Fusion: out of frame  {TMPRSS2:CERS6}	NA
EVT-P-0017882-T02-IM6-554	P-0017882-T02-IM6		TMPRSS2-CHD3	CHD3	unknown	five_prime	42870483	1	19	True	lost	0.0	False		Trypsin; Scavenger receptor cysteine-rich domain		TMPRSS2 (NM_001135099) rearrangement: t(17;21)(p13.1;q22.3)(chr17:g.7790479::chr21:g.42870483) | Antisense Fusion	NA
EVT-P-0002971-T02-IM5-555	P-0002971-T02-IM5		TMPRSS2-CHD3	CHD3	in-frame	three_prime	42871618	2	19	True	retained	1.0	False	Trypsin; Scavenger receptor cysteine-rich domain			CHD3 (NM_001005271) - TMPRSS2 (NM_001135099)  Rearrangement : t(17;21)(17p13.1;21q22.3)(chr17:g.7811475::chr21:g.42871618) | Protein fusion: in frame (CHD3-TMPRSS2)	NA
EVT-P-0017882-T01-IM6-556	P-0017882-T01-IM6		TMPRSS2-CHD3	CHD3	unknown	five_prime	42870483	1	19	True	lost	0.0	False		Trypsin; Scavenger receptor cysteine-rich domain		TMPRSS2 (NM_001135099) rearrangement: t(17;21)(p13.1;q22.3)(chr17:g.7790479::chr21:g.42870483) | Antisense Fusion	NA
EVT-P-0016386-T01-IM6-557	P-0016386-T01-IM6		TMPRSS2-CHST12	CHST12	unknown	five_prime	42872453	1	19	True	lost	0.0	False		Trypsin; Scavenger receptor cysteine-rich domain		TMPRSS2 (NM_001135099) rearrangement: t(7;21)(p22.3;q22.3)(chr7:g.2452854::chr21:g.42872453) | Transcript Fusion {TMPRSS2:CHST12}	NA
EVT-P-0034620-T01-IM6-558	P-0034620-T01-IM6		TMPRSS2-CSK	CSK	unknown	three_prime	42875844	2	19	True	retained	1.0	False	Trypsin; Scavenger receptor cysteine-rich domain			CSK (NM_001127190) - TMPRSS2 (NM_001135099) rearrangement: t(15;21)(q24.1;q22.3)(chr15:g.75094115::chr21:g.42875844) | Protein Fusion: mid-exon  {CSK:TMPRSS2}	NA
EVT-P-0033701-T02-IM6-559	P-0033701-T02-IM6		TMPRSS2-CYP3A43	CYP3A43	in-frame	three_prime	42873843	2	19	True	retained	1.0	False	Trypsin; Scavenger receptor cysteine-rich domain			CYP3A43 (NM_022820) - TMPRSS2 (NM_001135099) rearrangement: t(7;21)(q22.1;q22.3)(chr7:g.99448887::chr21:g.42873843) | Protein Fusion: in frame  {CYP3A43:TMPRSS2}	NA
EVT-P-0005047-T01-IM5-560	P-0005047-T01-IM5		TMPRSS2-CYP4Z1	CYP4Z1	out-of-frame	three_prime	42874735	2	19	True	retained	1.0	False	Trypsin; Scavenger receptor cysteine-rich domain			CYP4Z1 (NM_178134) - TMPRSS2 (NM_001135099) rearrangement : t(1;21)(1p33;21q22.3)(chr1:g.47561132::chr21:g.42874735) | Protein fusion: out of frame (CYP4Z1-TMPRSS2)	NA
EVT-P-0012695-T01-IM5-561	P-0012695-T01-IM5		TMPRSS2-DENND3	DENND3	out-of-frame	three_prime	42873872	2	19	True	retained	1.0	False	Trypsin; Scavenger receptor cysteine-rich domain			DENND3 - TMPRSS2 rearrangement: t(8;21)(q24.3;q22.3)(chr8:g.142204112::chr21:g.42873872) | Protein fusion: out of frame (DENND3-TMPRSS2)	NA
EVT-P-0005459-T02-IM6-562	P-0005459-T02-IM6		TMPRSS2-DSCAM	DSCAM	out-of-frame	five_prime	42867910	2	42	True	lost	0.0	False		Trypsin; Scavenger receptor cysteine-rich domain		TMPRSS2 (NM_001135099) - DSCAM (NM_001389) rearrangement: c.127-1405:TMPRSS2_c.3562+3890:DSCAMdel | Protein Fusion: out of frame  {TMPRSS2:DSCAM}	NA
EVT-P-0059208-T01-IM7-564	P-0059208-T01-IM7		TMPRSS2-DYRK1A	DYRK1A	in-frame	five_prime	42867955	2	42	True	lost	0.0	False		Trypsin; Scavenger receptor cysteine-rich domain		TMPRSS2 (NM_001135099) - DYRK1A (NM_001396) rearrangement: c.127-1450:TMPRSS2_c.1240-2605:DYRK1Ainv | Protein Fusion: in frame  {TMPRSS2:DYRK1A}	NA
EVT-P-0039689-T01-IM6-566	P-0039689-T01-IM6		TMPRSS2-ERG	ERG	out-of-frame	five_prime	42870319	1	19	True	lost	0.0	False		Trypsin; Scavenger receptor cysteine-rich domain		TMPRSS2 (NM_001135099) - ERG (NM_182918) fusion: c.56-203:TMPRSS2_c.19-1128:ERGdel | Protein Fusion: out of frame  {TMPRSS2:ERG}	NA
EVT-P-0051162-T01-IM6-567	P-0051162-T01-IM6		TMPRSS2-ERG	ERG	in-frame	five_prime	42868272	2	42	True	lost	0.0	False		Trypsin; Scavenger receptor cysteine-rich domain		TMPRSS2 (NM_001135099) - ERG (NM_182918) rearrangement: c.127-1767:TMPRSS2_c.19-18536:ERGdel | Protein Fusion: in frame  {TMPRSS2:ERG}	NA
EVT-P-0034813-T03-IM6-568	P-0034813-T03-IM6		TMPRSS2-ERG	ERG	out-of-frame	five_prime	42876420	1	19	True	lost	0.0	False		Trypsin; Scavenger receptor cysteine-rich domain		TMPRSS2 (NM_001135099) - ERG (NM_182918) fusion: c.55+3457:TMPRSS2_c.18+4434:ERGdel | Protein Fusion: out of frame  {TMPRSS2:ERG}	NA
EVT-P-0040754-T01-IM6-569	P-0040754-T01-IM6		TMPRSS2-ERG	ERG	unknown	five_prime	42870317	1	19	True	lost	0.0	False		Trypsin; Scavenger receptor cysteine-rich domain		TMPRSS2 (NM_001135099) - ERG (NM_004449) fusion: c.56-201:TMPRSS2_c.40-54954:ERGdel | Transcript Fusion {TMPRSS2:ERG}	NA
EVT-P-0058200-T01-IM6-570	P-0058200-T01-IM6		TMPRSS2-ERG	ERG	out-of-frame	five_prime	42870336	1	19	True	lost	0.0	False		Trypsin; Scavenger receptor cysteine-rich domain		TMPRSS2 (NM_001135099) - ERG (NM_182918) fusion: c.56-220:TMPRSS2_c.18+15563:ERGdel | Protein Fusion: out of frame  {TMPRSS2:ERG}	NA
EVT-P-0067541-T02-IM7-571	P-0067541-T02-IM7		TMPRSS2-ERG	ERG	out-of-frame	five_prime	42877906	1	19	True	lost	0.0	False		Trypsin; Scavenger receptor cysteine-rich domain		TMPRSS2 (NM_001135099) - ERG (NM_182918) fusion: c.55+1971:TMPRSS2_c.18+22187:ERGdel | Protein Fusion: out of frame  {TMPRSS2:ERG}	NA
EVT-P-0054566-T02-IM6-572	P-0054566-T02-IM6		TMPRSS2-ERG	ERG	in-frame	five_prime	42867035	2	42	True	lost	0.0	False		Trypsin; Scavenger receptor cysteine-rich domain		TMPRSS2 (NM_001135099) - ERG (NM_004449) fusion: c.127-530:TMPRSS2_c.40-59799:ERGdel | Protein Fusion: in frame  {TMPRSS2:ERG}	NA
EVT-P-0054527-T01-IM6-573	P-0054527-T01-IM6		TMPRSS2-ERG	ERG	in-frame	five_prime	42868216	2	42	True	lost	0.0	False		Trypsin; Scavenger receptor cysteine-rich domain		TMPRSS2 (NM_001135099) - ERG (NM_182918) rearrangement: c.127-1711:TMPRSS2_c.19-24889:ERGdel | Protein Fusion: in frame  {TMPRSS2:ERG}	NA
EVT-P-0067290-T01-IM7-574	P-0067290-T01-IM7		TMPRSS2-ERG	ERG	out-of-frame	five_prime	42873135	1	19	True	lost	0.0	False		Trypsin; Scavenger receptor cysteine-rich domain		TMPRSS2 (NM_001135099) - ERG (NM_004449) fusion: c.56-3019:TMPRSS2_c.39+40804:ERGdel | Protein Fusion: out of frame  {TMPRSS2:ERG}	NA
EVT-P-0066853-T01-IM7-576	P-0066853-T01-IM7		TMPRSS2-ERG	ERG	in-frame	five_prime	42868519	2	42	True	lost	0.0	False		Trypsin; Scavenger receptor cysteine-rich domain		TMPRSS2 (NM_001135099) - ERG (NM_182918) fusion: c.126+1527:TMPRSS2_c.18+4887:ERGdel | Protein Fusion: in frame  {TMPRSS2:ERG}	NA
EVT-P-0066769-T01-IM7-577	P-0066769-T01-IM7		TMPRSS2-ERG	ERG	in-frame	five_prime	42869929	2	42	True	lost	0.0	False		Trypsin; Scavenger receptor cysteine-rich domain		TMPRSS2 (NM_001135099)  -ERG ()rearrangement: c.126+117:TMPRSS2_c.40-57447:ERGdel | Protein Fusion: in frame  {TMPRSS2:ERG}	NA
EVT-P-0066737-T01-IM7-578	P-0066737-T01-IM7		TMPRSS2-ERG	ERG	in-frame	five_prime	42868636	2	42	True	lost	0.0	False		Trypsin; Scavenger receptor cysteine-rich domain		TMPRSS2 (NM_001135099) - ERG (NM_004449) fusion: c.126+1410:TMPRSS2_c.39+61656:ERGdel | Protein Fusion: in frame  {TMPRSS2:ERG}	NA
EVT-P-0028080-T01-IM6-579	P-0028080-T01-IM6		TMPRSS2-ERG	ERG	out-of-frame	five_prime	42875020	1	19	True	lost	0.0	False		Trypsin; Scavenger receptor cysteine-rich domain		TMPRSS2 (NM_001135099) - ERG (NM_182918) fusion: c.55+4857:TMPRSS2_c.18+9341:ERGdel | Protein Fusion: out of frame  {TMPRSS2:ERG}	NA
EVT-P-0066733-T01-IM7-580	P-0066733-T01-IM7		TMPRSS2-ERG	ERG	in-frame	five_prime	42868387	2	42	True	lost	0.0	False		Trypsin; Scavenger receptor cysteine-rich domain		TMPRSS2 (NM_001135099) - ERG (NM_182918) fusion: c.126+1659:TMPRSS2_c.18+9645:ERGdel | Protein Fusion: in frame  {TMPRSS2:ERG}	NA
EVT-P-0022117-T04-IM7-581	P-0022117-T04-IM7		TMPRSS2-ERG	ERG	unknown	five_prime	42866328	3	102	False	lost	0.0	False		Trypsin; Scavenger receptor cysteine-rich domain		TMPRSS2 (NM_001135099) - ERG (NM_182918) fusion: c.304:TMPRSS2_c.18+8044:ERGdel | Protein Fusion: mid-exon  {TMPRSS2:ERG}	NA
EVT-P-0021782-T01-IM6-582	P-0021782-T01-IM6		TMPRSS2-ERG	ERG	out-of-frame	five_prime	42872868	1	19	True	lost	0.0	False		Trypsin; Scavenger receptor cysteine-rich domain		TMPRSS2 (NM_001135099) -ERG (NM_004449) Fusion (TMPRSS2 exon 1 with ERG exon4) : c.56-2752:TMPRSS2_c.39+30375:ERGdel | Protein Fusion: out of frame  {TMPRSS2:ERG}	NA
EVT-P-0021561-T01-IM6-584	P-0021561-T01-IM6		TMPRSS2-ERG	ERG	in-frame	five_prime	42867576	2	42	True	lost	0.0	False		Trypsin; Scavenger receptor cysteine-rich domain		TMPRSS2 (NM_001135099) -ERG (NM_004449) Fusion (TMPRSS2 exon2 with ERG exon4) :  c.127-1071:TMPRSS2_c.40-56818:ERGdel | Protein Fusion: in frame  {TMPRSS2:ERG}	NA
EVT-P-0067735-T01-IM7-585	P-0067735-T01-IM7		TMPRSS2-ERG	ERG	unknown	five_prime	42868218	2	42	True	lost	0.0	False		Trypsin; Scavenger receptor cysteine-rich domain		TMPRSS2 (NM_001135099) - ERG (NM_004449) fusion: c.127-1713:TMPRSS2_c.40-55247:ERGdel | Transcript Fusion {TMPRSS2:ERG}	NA
EVT-P-0021297-T01-IM6-586	P-0021297-T01-IM6		TMPRSS2-ERG	ERG	out-of-frame	five_prime	42869175	2	42	True	lost	0.0	False		Trypsin; Scavenger receptor cysteine-rich domain		TMPRSS2 (NM_001135099) - ERG (NM_182918) (TMPRSS2 exons 1-2 fused with ERG exons 3-10):c.126+871:TMPRSS2_c.237-7837:ERGdel | Protein Fusion: out of frame  {TMPRSS2:ERG}	NA
EVT-P-0054521-T01-IM6-587	P-0054521-T01-IM6		TMPRSS2-ERG	ERG	unknown	five_prime	42873849	1	19	True	lost	0.0	False		Trypsin; Scavenger receptor cysteine-rich domain		TMPRSS2 (NM_001135099) - ERG (NM_004449) rearrangement: c.56-3733:TMPRSS2_c.40-54513:ERGdel | Transcript Fusion {TMPRSS2:ERG}	NA
EVT-P-0054506-T01-IM6-588	P-0054506-T01-IM6		TMPRSS2-ERG	ERG	out-of-frame	five_prime	42874701	1	19	True	lost	0.0	False		Trypsin; Scavenger receptor cysteine-rich domain		TMPRSS2 (NM_001135099) - ERG (NM_004449) rearrangement: c.56-4585:TMPRSS2_c.40-59474:ERGdel | Protein Fusion: out of frame  {TMPRSS2:ERG}	NA
EVT-P-0054972-T01-IM6-589	P-0054972-T01-IM6		TMPRSS2-ERG	ERG	out-of-frame	five_prime	42878690	1	19	True	lost	0.0	False		Trypsin; Scavenger receptor cysteine-rich domain		TMPRSS2 (NM_001135099) - ERG (NM_182918) fusion: c.55+1187:TMPRSS2_c.236+9326:ERGdel | Protein Fusion: out of frame  {TMPRSS2:ERG}	NA
EVT-P-0021104-T02-IM6-590	P-0021104-T02-IM6		TMPRSS2-ERG	ERG	unknown	five_prime	42866560	2	42	True	lost	0.0	False		Trypsin; Scavenger receptor cysteine-rich domain		TMPRSS2 (NM_001135099) - ERG (NM_004449 rearrangement: c.127-55:TMPRSS2_c.40-55445:ERGdel | Transcript Fusion {TMPRSS2:ERG}	NA
EVT-P-0020984-T01-IM6-591	P-0020984-T01-IM6		TMPRSS2-ERG	ERG	out-of-frame	five_prime	42871570	1	19	True	lost	0.0	False		Trypsin; Scavenger receptor cysteine-rich domain		TMPRSS2 (NM_001135099) - ERG (NM_182918) fusion (TMPRRS2 exon 1 fused to ERG exons 2-10): c.56-1454:TMPRSS2_c.18+8460:ERGdel | Protein Fusion: out of frame  {TMPRSS2:ERG}	NA
EVT-P-0020843-T01-IM6-592	P-0020843-T01-IM6		TMPRSS2-ERG	ERG	in-frame	five_prime	42868436	2	42	True	lost	0.0	False		Trypsin; Scavenger receptor cysteine-rich domain		TMPRSS2 (NM_001135099) - ERG (NM_004449) fusion (TMPRRS2 exon 1 fused to ERG exons 4-11):c.126+1610:TMPRSS2_c.40-60543:ERGdel | Protein Fusion: in frame  {TMPRSS2:ERG}	NA
EVT-P-0066255-T01-IM7-593	P-0066255-T01-IM7		TMPRSS2-ERG	ERG	out-of-frame	five_prime	42875043	1	19	True	lost	0.0	False		Trypsin; Scavenger receptor cysteine-rich domain		TMPRSS2 (NM_001135099) - ERG (NM_182918) fusion: c.55+4834:TMPRSS2_c.18+12901:ERGdel | Protein Fusion: out of frame  {TMPRSS2:ERG}	NA
EVT-P-0020150-T02-IM6-594	P-0020150-T02-IM6		TMPRSS2-ERG	ERG	in-frame	five_prime	42867836	2	42	True	lost	0.0	False		Trypsin; Scavenger receptor cysteine-rich domain		TMPRSS2 (NM_001135099) - ERG (NM_004449) fusion: c.127-1331:TMPRSS2_c.40-57667:ERGdel | Protein Fusion: in frame  {TMPRSS2:ERG}	NA
EVT-P-0066217-T02-IM7-595	P-0066217-T02-IM7		TMPRSS2-ERG	ERG	out-of-frame	five_prime	42875326	1	19	True	lost	0.0	False		Trypsin; Scavenger receptor cysteine-rich domain		TMPRSS2 (NM_001135099) - ERG (NM_182918) fusion: c.55+4551:TMPRSS2_c.19-5123:ERGdel | Protein Fusion: out of frame  {TMPRSS2:ERG}	NA
EVT-P-0066052-T01-IM7-596	P-0066052-T01-IM7		TMPRSS2-ERG	ERG	out-of-frame	five_prime	42875678	1	19	True	lost	0.0	False		Trypsin; Scavenger receptor cysteine-rich domain		TMPRSS2 (NM_001135099) - ERG (NM_182918) fusion: c.55+4199:TMPRSS2_c.18+9391:ERGdel | Protein Fusion: out of frame  {TMPRSS2:ERG}	NA
EVT-P-0000675-T04-IM7-597	P-0000675-T04-IM7		TMPRSS2-ERG	ERG	out-of-frame	five_prime	42870248	1	19	True	lost	0.0	False		Trypsin; Scavenger receptor cysteine-rich domain		TMPRSS2 (NM_001135099) - ERG (NM_182918) fusion: c.56-132:TMPRSS2_c.18+10060:ERGdel | Protein Fusion: out of frame  {TMPRSS2:ERG}	NA
EVT-P-0065869-T01-IM7-598	P-0065869-T01-IM7		TMPRSS2-ERG	ERG	in-frame	five_prime	42869355	2	42	True	lost	0.0	False		Trypsin; Scavenger receptor cysteine-rich domain		TMPRSS2 (NM_001135099) - ERG (NM_182918) fusion: c.126+691:TMPRSS2_c.19-13760:ERGdel | Protein Fusion: in frame  {TMPRSS2:ERG}	NA
EVT-P-0019023-T06-IM7-599	P-0019023-T06-IM7		TMPRSS2-ERG	ERG	out-of-frame	five_prime	42874781	1	19	True	lost	0.0	False		Trypsin; Scavenger receptor cysteine-rich domain		TMPRSS2 (NM_001135099) - ERG (NM_004449) fusion: c.56-4665:TMPRSS2_c.40-63263:ERGdel | Protein Fusion: out of frame  {TMPRSS2:ERG}	NA
EVT-P-0023380-T01-IM6-600	P-0023380-T01-IM6		TMPRSS2-ERG	ERG	out-of-frame	five_prime	42874328	1	19	True	lost	0.0	False		Trypsin; Scavenger receptor cysteine-rich domain		TMPRSS2 (NM_001135099) - ERG (NM_004449) fusion (TMPRSS2 exon 1 fused to ERG exons 4-11): c.56-4212:TMPRSS2_c.39+64807:ERGdel | Protein Fusion: out of frame  {TMPRSS2:ERG}	NA
EVT-P-0067989-T01-IM7-601	P-0067989-T01-IM7		TMPRSS2-ERG	ERG	out-of-frame	five_prime	42871568	1	19	True	lost	0.0	False		Trypsin; Scavenger receptor cysteine-rich domain		TMPRSS2 (NM_001135099) - ERG (NM_004449) fusion: c.56-1452:TMPRSS2_c.39+63034:ERGdel | Protein Fusion: out of frame  {TMPRSS2:ERG}	NA
EVT-P-0065845-T01-IM7-602	P-0065845-T01-IM7		TMPRSS2-ERG	ERG	out-of-frame	five_prime	42873982	1	19	True	lost	0.0	False		Trypsin; Scavenger receptor cysteine-rich domain		TMPRSS2 (NM_001135099) - ERG (NM_182918) fusion: c.56-3866:TMPRSS2_c.18+16244:ERGdel | Protein Fusion: out of frame  {TMPRSS2:ERG}	NA
EVT-P-0054445-T01-IM6-603	P-0054445-T01-IM6		TMPRSS2-ERG	ERG	out-of-frame	five_prime	42875935	1	19	True	lost	0.0	False		Trypsin; Scavenger receptor cysteine-rich domain		TMPRSS2 (NM_001135099) - ERG (NM_182918) fusion: c.55+3942:TMPRSS2_c.19-16460:ERGdel | Protein Fusion: out of frame  {TMPRSS2:ERG}	NA
EVT-P-0030384-T01-IM6-604	P-0030384-T01-IM6		TMPRSS2-ERG	ERG	out-of-frame	five_prime	42871372	1	19	True	lost	0.0	False		Trypsin; Scavenger receptor cysteine-rich domain		TMPRSS2 (NM_001135099) - ERG (NM_004449) fusion: c.56-1256:TMPRSS2_c.39+13477:ERGdel | Protein Fusion: out of frame  {TMPRSS2:ERG}	NA
EVT-P-0054319-T01-IM6-605	P-0054319-T01-IM6		TMPRSS2-ERG	ERG	out-of-frame	five_prime	42879266	1	19	True	lost	0.0	False		Trypsin; Scavenger receptor cysteine-rich domain		TMPRSS2 (NM_001135099) - ERG (NM_004449) rearrangement: c.55+611:TMPRSS2_c.39+55940:ERGdel | Protein Fusion: out of frame  {TMPRSS2:ERG}	NA
EVT-P-0068539-T01-IM7-606	P-0068539-T01-IM7		TMPRSS2-ERG	ERG	out-of-frame	five_prime	42873570	1	19	True	lost	0.0	False		Trypsin; Scavenger receptor cysteine-rich domain		TMPRSS2 (NM_001135099) - ERG (NM_182918) fusion: c.56-3454:TMPRSS2_c.18+8775:ERGdel | Protein Fusion: out of frame  {TMPRSS2:ERG}	NA
EVT-P-0030645-T01-IM6-607	P-0030645-T01-IM6		TMPRSS2-ERG	ERG	out-of-frame	five_prime	42870774	1	19	True	lost	0.0	False		Trypsin; Scavenger receptor cysteine-rich domain		TMPRSS2 (NM_001135099) - ERG (NM_004449) fusion (TMPRSS2 exon 1 fused to ERG exons 4-11): c.56-658:TMPRSS2_c.39+17522:ERGdel | Protein Fusion: out of frame  {TMPRSS2:ERG}	NA
EVT-P-0055009-T01-IM6-608	P-0055009-T01-IM6		TMPRSS2-ERG	ERG	in-frame	five_prime	42867688	2	42	True	lost	0.0	False		Trypsin; Scavenger receptor cysteine-rich domain		TMPRSS2 (NM_001135099) - ERG (NM_004449) rearrangement: c.127-1183:TMPRSS2_c.40-56248:ERGdel | Protein Fusion: in frame  {TMPRSS2:ERG}	NA
EVT-P-0016983-T02-IM6-609	P-0016983-T02-IM6		TMPRSS2-ERG	ERG	in-frame	five_prime	42867872	2	42	True	lost	0.0	False		Trypsin; Scavenger receptor cysteine-rich domain		TMPRSS2 (NM_001135099) - ERG fusion (NM_182918) fusion (TMPRSS2 exon 1-2 fused to ERG exons 2-10): c.127-1367:TMRPSS2_c.19-15431:ERGdel | Protein Fusion: in frame  {TMPRSS2:ERG}	NA
EVT-P-0054146-T01-IM6-610	P-0054146-T01-IM6		TMPRSS2-ERG	ERG	out-of-frame	five_prime	42870653	1	19	True	lost	0.0	False		Trypsin; Scavenger receptor cysteine-rich domain		TMPRSS2 (NM_001135099) - ERG (NM_182918) rearrangement: c.56-537:TMPRSS2_c.18+8757:ERGdel | Protein Fusion: out of frame  {TMPRSS2:ERG}	NA
EVT-P-0054077-T01-IM6-611	P-0054077-T01-IM6		TMPRSS2-ERG	ERG	out-of-frame	five_prime	42876255	1	19	True	lost	0.0	False		Trypsin; Scavenger receptor cysteine-rich domain		TMPRSS2 (NM_001135099) - ERG (NM_182918) fusion: c.55+3622:TMPRSS2_c.19-9891:ERGdel | Protein Fusion: out of frame  {TMPRSS2:ERG}	NA
EVT-P-0065554-T01-IM7-612	P-0065554-T01-IM7		TMPRSS2-ERG	ERG	in-frame	five_prime	42868212	2	42	True	lost	0.0	False		Trypsin; Scavenger receptor cysteine-rich domain		TMPRSS2 (NM_001135099) - ERG (NM_004449) fusion: c.127-1707:TMPRSS2_c.40-64924:ERGdel | Protein Fusion: in frame  {TMPRSS2:ERG}	NA
EVT-P-0016733-T04-IM7-613	P-0016733-T04-IM7		TMPRSS2-ERG	ERG	out-of-frame	five_prime	42873910	1	19	True	lost	0.0	False		Trypsin; Scavenger receptor cysteine-rich domain		TMPRSS2 (NM_001135099) - ERG (NM_182918) fusion: c.56-3794:TMPRSS2_c.19-6151:ERGdel | Protein Fusion: out of frame  {TMPRSS2:ERG}	NA
EVT-P-0016733-T03-IM6-614	P-0016733-T03-IM6		TMPRSS2-ERG	ERG	out-of-frame	five_prime	42873910	1	19	True	lost	0.0	False		Trypsin; Scavenger receptor cysteine-rich domain		TMPRSS2 (NM_001135099) - ERG (NM_182918) fusion: c.56-3794:TMPRSS2_c.19-6151:ERGdel | Protein Fusion: out of frame  {TMPRSS2:ERG}	NA
EVT-P-0065407-T01-IM7-615	P-0065407-T01-IM7		TMPRSS2-ERG	ERG	in-frame	five_prime	42866632	2	42	True	lost	0.0	False		Trypsin; Scavenger receptor cysteine-rich domain		TMPRSS2 (NM_001135099) - ERG (NM_182918) fusion: c.127-127:TMPRSS2_c.18+4689:ERGdel | Protein Fusion: in frame  {TMPRSS2:ERG}	NA
EVT-P-0065269-T01-IM7-616	P-0065269-T01-IM7		TMPRSS2-ERG	ERG	out-of-frame	five_prime	42872269	1	19	True	lost	0.0	False		Trypsin; Scavenger receptor cysteine-rich domain		TMPRSS2 (NM_001135099) - ERG (NM_182918) fusion: c.56-2153:TMPRSS2_c.237-10842:ERGdel | Protein Fusion: out of frame  {TMPRSS2:ERG}	NA
EVT-P-0031008-T01-IM6-617	P-0031008-T01-IM6		TMPRSS2-ERG	ERG	out-of-frame	five_prime	42873559	1	19	True	lost	0.0	False		Trypsin; Scavenger receptor cysteine-rich domain		TMPRSS2 (NM_001135099) - ERG (NM_182918) fusion: c.56-3443:TMPRSS2_c.18+19812:ERGdel | Protein Fusion: out of frame  {TMPRSS2:ERG}	NA
EVT-P-0031015-T02-IM6-618	P-0031015-T02-IM6		TMPRSS2-ERG	ERG	out-of-frame	five_prime	42877493	1	19	True	lost	0.0	False		Trypsin; Scavenger receptor cysteine-rich domain		TMPRSS2 (NM_001135099) - ERG (NM_004449) rearrangement: c.55+2384:TMPRSS2_c.40-63530:ERGdel | Protein Fusion: out of frame  {TMPRSS2:ERG}	NA
EVT-P-0065246-T01-IM7-619	P-0065246-T01-IM7		TMPRSS2-ERG	ERG	out-of-frame	five_prime	42873470	1	19	True	lost	0.0	False		Trypsin; Scavenger receptor cysteine-rich domain		TMPRSS2 (NM_001135099) - ERG (NM_182918) fusion: c.56-3354:TMPRSS2_c.18+26011:ERGdel | Protein Fusion: out of frame  {TMPRSS2:ERG}	NA
EVT-P-0054068-T01-IM6-620	P-0054068-T01-IM6		TMPRSS2-ERG	ERG	in-frame	five_prime	42868507	2	42	True	lost	0.0	False		Trypsin; Scavenger receptor cysteine-rich domain		TMPRSS2 (NM_001135099) - ERG (NM_004449) rearrangement: c.126+1539:TMPRSS2_c.40-64314:ERGdel | Protein Fusion: in frame  {TMPRSS2:ERG}	NA
EVT-P-0068632-T01-IM7-621	P-0068632-T01-IM7		TMPRSS2-ERG	ERG	out-of-frame	five_prime	42875852	1	19	True	lost	0.0	False		Trypsin; Scavenger receptor cysteine-rich domain		TMPRSS2 (NM_001135099) - ERG (NM_004449) fusion: c.55+4025:TMPRSS2_c.40-58296:ERGdel | Protein Fusion: out of frame  {TMPRSS2:ERG}	NA
EVT-P-0065216-T01-IM7-622	P-0065216-T01-IM7		TMPRSS2-ERG	ERG	out-of-frame	five_prime	42870322	1	19	True	lost	0.0	False		Trypsin; Scavenger receptor cysteine-rich domain		TMPRSS2 (NM_001135099) - ERG (NM_004449) fusion: c.56-206:TMPRSS2_c.39+12210:ERGdel | Protein Fusion: out of frame  {TMPRSS2:ERG}	NA
EVT-P-0015673-T02-IM6-623	P-0015673-T02-IM6		TMPRSS2-ERG	ERG	in-frame	five_prime	42868022	2	42	True	lost	0.0	False		Trypsin; Scavenger receptor cysteine-rich domain		TMPRSS2 (NM_001135099) - ERG (NM_182918) rearrangement: c.127-1517:TMPRSS2_c.18+18653:ERGdel | Protein Fusion: in frame  {TMPRSS2:ERG}	NA
EVT-P-0055059-T01-IM6-624	P-0055059-T01-IM6		TMPRSS2-ERG	ERG	out-of-frame	five_prime	42870783	1	19	True	lost	0.0	False		Trypsin; Scavenger receptor cysteine-rich domain		TMPRSS2 (NM_001135099) - ERG (NM_004449) rearrangement: c.56-667:TMPRSS2_c.40-48466:ERGdel | Protein Fusion: out of frame  {TMPRSS2:ERG}	NA
EVT-P-0054040-T01-IM6-625	P-0054040-T01-IM6		TMPRSS2-ERG	ERG	out-of-frame	five_prime	42874257	1	19	True	lost	0.0	False		Trypsin; Scavenger receptor cysteine-rich domain		TMPRSS2 (NM_001135099) - ERG (NM_004449) rearrangement: c.56-4141:TMPRSS2_c.39+1491:ERGdel | Protein Fusion: out of frame  {TMPRSS2:ERG}	NA
EVT-P-0054023-T01-IM6-626	P-0054023-T01-IM6		TMPRSS2-ERG	ERG	out-of-frame	five_prime	42875644	1	19	True	lost	0.0	False		Trypsin; Scavenger receptor cysteine-rich domain		TMPRSS2 (NM_001135099) - ERG (NM_004449) fusion: c.55+4233:TMPRSS2_c.39+64399:ERGdel | Protein Fusion: out of frame  {TMPRSS2:ERG}	NA
EVT-P-0031449-T01-IM6-627	P-0031449-T01-IM6		TMPRSS2-ERG	ERG	out-of-frame	five_prime	42876464	1	19	True	lost	0.0	False		Trypsin; Scavenger receptor cysteine-rich domain		TMPRSS2 (NM_001135099) - ERG (NM_004449) Fusion (fTMPRSS2 exon 1 with ERG exons 4-10): c.55+3413:TMPRSS2_c.c.40-62452:ERGdel | Protein Fusion: out of frame  {TMPRSS2:ERG}	NA
EVT-P-0024459-T02-IM6-628	P-0024459-T02-IM6		TMPRSS2-ERG	ERG	unknown	five_prime	42869581	2	42	True	lost	0.0	False		Trypsin; Scavenger receptor cysteine-rich domain		TMPRSS2 (NM_001135099) - ERG (NM_004449) rearrangement: c.126+465:TMPRSS2_c.40-55508:ERGdel | Transcript Fusion {TMPRSS2:ERG}	NA
EVT-P-0015058-T03-IM6-629	P-0015058-T03-IM6		TMPRSS2-ERG	ERG	out-of-frame	five_prime	42870567	1	19	True	lost	0.0	False		Trypsin; Scavenger receptor cysteine-rich domain		TMPRSS2 (NM_001135099) - ERG (NM_182918) fusion: c.56-451:TMPRSS2_c.18+8534:ERGdel | Protein Fusion: out of frame  {TMPRSS2:ERG}	NA
EVT-P-0064547-T01-IM7-630	P-0064547-T01-IM7		TMPRSS2-ERG	ERG	out-of-frame	five_prime	42875108	1	19	True	lost	0.0	False		Trypsin; Scavenger receptor cysteine-rich domain		TMPRSS2 (NM_001135099) - ERG (NM_182918) fusion: c.55+4769:TMPRSS2_c.19-13904:ERGdel | Protein Fusion: out of frame  {TMPRSS2:ERG}	NA
EVT-P-0064546-T01-IM7-631	P-0064546-T01-IM7		TMPRSS2-ERG	ERG	out-of-frame	five_prime	42875978	1	19	True	lost	0.0	False		Trypsin; Scavenger receptor cysteine-rich domain		TMPRSS2 (NM_001135099) - ERG (NM_182918) fusion: c.55+3899:TMPRSS2_c.19-16770:ERGdel | Protein Fusion: out of frame  {TMPRSS2:ERG}	NA
EVT-P-0053926-T01-IM6-632	P-0053926-T01-IM6		TMPRSS2-ERG	ERG	in-frame	five_prime	42866932	2	42	True	lost	0.0	False		Trypsin; Scavenger receptor cysteine-rich domain		TMPRSS2 (NM_001135099) - ERG (NM_004449) rearrangement: c.127-427:TMPRSS2_c.39+63470:ERGdel | Protein Fusion: in frame  {TMPRSS2:ERG}	NA
EVT-P-0032352-T01-IM6-633	P-0032352-T01-IM6		TMPRSS2-ERG	ERG	in-frame	five_prime	42869632	2	42	True	lost	0.0	False		Trypsin; Scavenger receptor cysteine-rich domain		TMPRSS2 (NM_001135099) - ERG (NM_182918) fusion (TMPRSS2 exons 1-2 fused with ERG exons 2-10): c.126+414:TMPRSS2_c.18+20493:ERG | Protein Fusion: in frame  {TMPRSS2:ERG}	NA
EVT-P-0064458-T01-IM7-634	P-0064458-T01-IM7		TMPRSS2-ERG	ERG	out-of-frame	five_prime	42876244	1	19	True	lost	0.0	False		Trypsin; Scavenger receptor cysteine-rich domain		TMPRSS2 (NM_001135099) - ERG (NM_004449) fusion: c.55+3633:TMPRSS2_c.39+21494:ERGdel | Protein Fusion: out of frame  {TMPRSS2:ERG}	NA
EVT-P-0053849-T01-IM6-635	P-0053849-T01-IM6		TMPRSS2-ERG	ERG	out-of-frame	five_prime	42870841	1	19	True	lost	0.0	False		Trypsin; Scavenger receptor cysteine-rich domain		TMPRSS2 (NM_001135099) - ERG (NM_182918) rearrangement: c.56-725:TMPRSS2_c.18+6183:ERGdel | Protein Fusion: out of frame  {TMPRSS2:ERG}	NA
EVT-P-0064394-T01-IM7-636	P-0064394-T01-IM7		TMPRSS2-ERG	ERG	in-frame	five_prime	42867817	2	42	True	lost	0.0	False		Trypsin; Scavenger receptor cysteine-rich domain		TMPRSS2 (NM_001135099) - ERG (NM_182918) fusion: c.127-1312:TMPRSS2_c.19-2291:ERGdel | Protein Fusion: in frame  {TMPRSS2:ERG}	NA
EVT-P-0014629-T01-IM6-638	P-0014629-T01-IM6		TMPRSS2-ERG	ERG	out-of-frame	five_prime	42874227	1	19	True	lost	0.0	False		Trypsin; Scavenger receptor cysteine-rich domain		TMPRSS2 (NM_001135099) - ERG (NM_004449) fusion (TMPRSS2 exon1 fused to ERG exon3): c.56-4111:TMPRSS2_c.39+32697:ERGdel | Protein fusion: out of frame (TMPRSS2-ERG)	NA
EVT-P-0064154-T01-IM7-639	P-0064154-T01-IM7		TMPRSS2-ERG	ERG	out-of-frame	five_prime	42872449	1	19	True	lost	0.0	False		Trypsin; Scavenger receptor cysteine-rich domain		TMPRSS2 (NM_001135099) - ERG (NM_004449) fusion: c.56-2333:TMPRSS2_c.40-58654:ERGdel | Protein Fusion: out of frame  {TMPRSS2:ERG}	NA
EVT-P-0069054-T01-IM7-640	P-0069054-T01-IM7		TMPRSS2-ERG	ERG	out-of-frame	five_prime	42874700	1	19	True	lost	0.0	False		Trypsin; Scavenger receptor cysteine-rich domain		TMPRSS2 (NM_001135099) - ERG (NM_182918) fusion: c.56-4584:TMPRSS2_c.18+2577:ERGdel | Protein Fusion: out of frame  {TMPRSS2:ERG}	NA
EVT-P-0032801-T02-IM6-641	P-0032801-T02-IM6		TMPRSS2-ERG	ERG	out-of-frame	five_prime	42870711	1	19	True	lost	0.0	False		Trypsin; Scavenger receptor cysteine-rich domain		TMPRSS2 (NM_001135099) - ERG (NM_182918) fusion: c.56-595:TMPRSS2_c.19-12368:ERGdel | Protein Fusion: out of frame  {TMPRSS2:ERG}	NA
EVT-P-0063894-T01-IM7-642	P-0063894-T01-IM7		TMPRSS2-ERG	ERG	in-frame	five_prime	42867841	2	42	True	lost	0.0	False		Trypsin; Scavenger receptor cysteine-rich domain		TMPRSS2 (NM_001135099) - ERG (NM_182918) fusion: c.127-1336:TMPRSS2_c.18+20297:ERGdel | Protein Fusion: in frame  {TMPRSS2:ERG}	NA
EVT-P-0053728-T01-IM6-643	P-0053728-T01-IM6		TMPRSS2-ERG	ERG	in-frame	five_prime	42869499	2	42	True	lost	0.0	False		Trypsin; Scavenger receptor cysteine-rich domain		TMPRSS2 (NM_001135099) - ERG (NM_182918) rearrangement: c.126+547:TMPRSS2_c.19-15929:ERGdel | Protein Fusion: in frame  {TMPRSS2:ERG}	NA
EVT-P-0013503-T02-IM6-644	P-0013503-T02-IM6		TMPRSS2-ERG	ERG	out-of-frame	five_prime	42875718	1	19	True	lost	0.0	False		Trypsin; Scavenger receptor cysteine-rich domain		TMPRSS2 (NM_001135099) - ERG (NM_182918) fusion (TMPRSS2 exon 1 fused with ERG exons 2-10): c.55+4160:TMPRSS2_c.18+11744:ERGdel | Protein Fusion: out of frame  {TMPRSS2:ERG}	NA
EVT-P-0053704-T02-IM6-645	P-0053704-T02-IM6		TMPRSS2-ERG	ERG	out-of-frame	five_prime	42878585	1	19	True	lost	0.0	False		Trypsin; Scavenger receptor cysteine-rich domain		TMPRSS2 (NM_001135099) - ERG (NM_182918) rearrangement: c.55+1292:TMPRSS2_c.18+5343:ERGdel | Protein Fusion: out of frame  {TMPRSS2:ERG}	NA
EVT-P-0033300-T02-IM6-646	P-0033300-T02-IM6		TMPRSS2-ERG	ERG	out-of-frame	five_prime	42878752	1	19	True	lost	0.0	False		Trypsin; Scavenger receptor cysteine-rich domain		TMPRSS2 (NM_001135099) - ERG (NM_182918) rearrangement: c.55+1125:TMPRSS2_c.19-12860:ERGdel | Protein Fusion: out of frame  {TMPRSS2:ERG}	NA
EVT-P-0063708-T01-IM7-647	P-0063708-T01-IM7		TMPRSS2-ERG	ERG	in-frame	five_prime	42867718	2	42	True	lost	0.0	False		Trypsin; Scavenger receptor cysteine-rich domain		TMPRSS2 (NM_001135099) - ERG (NM_182918) fusion: c.127-1213:TMPRSS2_c.18+18118:ERGdel | Protein Fusion: in frame  {TMPRSS2:ERG}	NA
EVT-P-0053704-T01-IM6-648	P-0053704-T01-IM6		TMPRSS2-ERG	ERG	out-of-frame	five_prime	42878585	1	19	True	lost	0.0	False		Trypsin; Scavenger receptor cysteine-rich domain		TMPRSS2 (NM_001135099) - ERG (NM_182918) fusion: c.55+1292:TMPRSS2_c.18+5343:ERGdel | Protein Fusion: out of frame  {TMPRSS2:ERG}	NA
EVT-P-0063590-T01-IM7-649	P-0063590-T01-IM7		TMPRSS2-ERG	ERG	in-frame	five_prime	42868026	2	42	True	lost	0.0	False		Trypsin; Scavenger receptor cysteine-rich domain		TMPRSS2 (NM_001135099) - ERG (NM_182918) fusion: c.127-1521:TMPRSS2_c.19-21831:ERGdel | Protein Fusion: in frame  {TMPRSS2:ERG}	NA
EVT-P-0063582-T01-IM7-650	P-0063582-T01-IM7		TMPRSS2-ERG	ERG	in-frame	five_prime	42867997	2	42	True	lost	0.0	False		Trypsin; Scavenger receptor cysteine-rich domain		TMPRSS2 (NM_001135099) - ERG (NM_004449) fusion: c.127-1492:TMPRSS2_c.40-60096:ERGdel | Protein Fusion: in frame  {TMPRSS2:ERG}	NA
EVT-P-0053525-T01-IM6-651	P-0053525-T01-IM6		TMPRSS2-ERG	ERG	out-of-frame	five_prime	42872712	1	19	True	lost	0.0	False		Trypsin; Scavenger receptor cysteine-rich domain		TMPRSS2 (NM_001135099) - ERG (NM_182918) rearrangement: c.56-2596:TMPRSS2_c.19-4157:ERGdel | Protein Fusion: out of frame  {TMPRSS2:ERG}	NA
EVT-P-0012132-T03-IM6-652	P-0012132-T03-IM6		TMPRSS2-ERG	ERG	in-frame	five_prime	42868521	2	42	True	lost	0.0	False		Trypsin; Scavenger receptor cysteine-rich domain		TMPRSS2 (NM_001135099) - ERG (NM_182918) rearrangement: c.126+1525:TMPRSS2_c.18+2872:ERGdel | Protein Fusion: in frame  {TMPRSS2:ERG}	NA
EVT-P-0012048-T02-IM5-653	P-0012048-T02-IM5		TMPRSS2-ERG	ERG	in-frame	five_prime	42869860	2	42	True	lost	0.0	False		Trypsin; Scavenger receptor cysteine-rich domain		TMPRSS2 (NM_001135099) - ERG (NM_004449) fusion: c.126+186:TMPRSS2_c.39+62923:ERGdel | Protein fusion: in frame (TMPRSS2-ERG)	NA
EVT-P-0053406-T01-IM6-654	P-0053406-T01-IM6		TMPRSS2-ERG	ERG	out-of-frame	five_prime	42878668	1	19	True	lost	0.0	False		Trypsin; Scavenger receptor cysteine-rich domain		TMPRSS2 (NM_001135099) - ERG (NM_182918) rearrangement: c.55+1209:TMPRSS2_c.18+13422:ERGdel | Protein Fusion: out of frame  {TMPRSS2:ERG}	NA
EVT-P-0053329-T01-IM6-655	P-0053329-T01-IM6		TMPRSS2-ERG	ERG	unknown	five_prime	42866336	3	99	False	lost	0.0	False		Trypsin; Scavenger receptor cysteine-rich domain		TMPRSS2 (NM_001135099) - ERG (NM_182918) rearrangement: c.296:TMPRSS2_c.19-5742:ERGdel | Protein Fusion: mid-exon  {TMPRSS2:ERG}	NA
EVT-P-0001694-T02-IM6-656	P-0001694-T02-IM6		TMPRSS2-ERG	ERG	out-of-frame	five_prime	42872439	1	19	True	lost	0.0	False		Trypsin; Scavenger receptor cysteine-rich domain		TMPRSS2 (NM_001135099) - ERG (NM_182918) fusiont: c.56-2323:TMPRSS2_c.18+5203:ERGdel | Protein Fusion: out of frame  {TMPRSS2:ERG}	NA
EVT-P-0063222-T01-IM7-657	P-0063222-T01-IM7		TMPRSS2-ERG	ERG	in-frame	five_prime	42867008	2	42	True	lost	0.0	False		Trypsin; Scavenger receptor cysteine-rich domain		TMPRSS2 (NM_001135099) - ERG (NM_004449) fusion: c.127-503:TMPRSS2_c.39+53744:ERGdel | Protein Fusion: in frame  {TMPRSS2:ERG}	NA
EVT-P-0011429-T02-IM6-658	P-0011429-T02-IM6		TMPRSS2-ERG	ERG	out-of-frame	five_prime	42876142	1	19	True	lost	0.0	False		Trypsin; Scavenger receptor cysteine-rich domain		TMPRSS2 (NM_001135099) - ERG (NM_182918) fusion: c.55+3735:TMPRSS2_c.18+9727:ERGdel | Protein Fusion: out of frame  {TMPRSS2:ERG}	NA
EVT-P-0063149-T01-IM7-659	P-0063149-T01-IM7		TMPRSS2-ERG	ERG	out-of-frame	five_prime	42876365	1	19	True	lost	0.0	False		Trypsin; Scavenger receptor cysteine-rich domain		TMPRSS2 (NM_001135099) - ERG (NM_182918) fusion: c.55+3512:TMPRSS2_c.18+735:ERGdel | Protein Fusion: out of frame  {TMPRSS2:ERG}	NA
EVT-P-0053239-T01-IM6-660	P-0053239-T01-IM6		TMPRSS2-ERG	ERG	out-of-frame	five_prime	42873661	1	19	True	lost	0.0	False		Trypsin; Scavenger receptor cysteine-rich domain		TMPRSS2 (NM_001135099) - ERG (NM_004449) rearrangement: c.56-3545:TMPRSS2_c.39+51521:ERGdel | Protein Fusion: out of frame  {TMPRSS2:ERG}	NA
EVT-P-0011364-T02-IM7-661	P-0011364-T02-IM7		TMPRSS2-ERG	ERG	out-of-frame	five_prime	42877202	1	19	True	lost	0.0	False		Trypsin; Scavenger receptor cysteine-rich domain		TMPRSS2 (NM_001135099) - ERG (NM_004449) fusion: c.55+2675:TMPRSS2_c.40-58736:ERGdel | Protein Fusion: out of frame  {TMPRSS2:ERG}	NA
EVT-P-0055138-T01-IM6-662	P-0055138-T01-IM6		TMPRSS2-ERG	ERG	out-of-frame	five_prime	42875130	1	19	True	lost	0.0	False		Trypsin; Scavenger receptor cysteine-rich domain		TMPRSS2 (NM_001135099) - ERG (NM_004449) rearrangement: c.55+4747:TMPRSS2_c.40-58541:ERGdel | Protein Fusion: out of frame  {TMPRSS2:ERG}	NA
EVT-P-0067365-T01-IM7-663	P-0067365-T01-IM7		TMPRSS2-ERG	ERG	out-of-frame	five_prime	42875849	1	19	True	lost	0.0	False		Trypsin; Scavenger receptor cysteine-rich domain		TMPRSS2 (NM_001135099) - ERG (NM_182918) fusion: c.55+4028:TMPRSS2_c.18+26116:ERGdel | Protein Fusion: out of frame  {TMPRSS2:ERG}	NA
EVT-P-0067318-T01-IM7-664	P-0067318-T01-IM7		TMPRSS2-ERG	ERG	in-frame	five_prime	42866686	2	42	True	lost	0.0	False		Trypsin; Scavenger receptor cysteine-rich domain		TMPRSS2 (NM_001135099) - ERG (NM_004449) fusion: c.127-181:TMPRSS2_c.40-59508:ERGdel | Protein Fusion: in frame  {TMPRSS2:ERG}	NA
EVT-P-0052999-T01-IM6-666	P-0052999-T01-IM6		TMPRSS2-ERG	ERG	out-of-frame	five_prime	42872729	1	19	True	lost	0.0	False		Trypsin; Scavenger receptor cysteine-rich domain		TMPRSS2 (NM_001135099) - ERG (NM_182918) rearrangement: c.56-2613:TMPRSS2_c.18+8048:ERGdel | Protein Fusion: out of frame  {TMPRSS2:ERG}	NA
EVT-P-0063099-T01-IM7-667	P-0063099-T01-IM7		TMPRSS2-ERG	ERG	out-of-frame	five_prime	42870306	1	19	True	lost	0.0	False		Trypsin; Scavenger receptor cysteine-rich domain		TMPRSS2 (NM_001135099) -ERG (NM_004449): c.56-190:TMPRSS2_c.40-57654:ERGdel | Protein Fusion: out of frame  {TMPRSS2:ERG}	NA
EVT-P-0052970-T01-IM6-668	P-0052970-T01-IM6		TMPRSS2-ERG	ERG	out-of-frame	five_prime	42873941	1	19	True	lost	0.0	False		Trypsin; Scavenger receptor cysteine-rich domain		TMPRSS2 (NM_001135099) - ERG (NM_182918) rearrangement: c.56-3825:TMPRSS2_c.19-24473:ERGdel | Protein Fusion: out of frame  {TMPRSS2:ERG}	NA
EVT-P-0055270-T01-IM6-669	P-0055270-T01-IM6		TMPRSS2-ERG	ERG	in-frame	five_prime	42869553	2	42	True	lost	0.0	False		Trypsin; Scavenger receptor cysteine-rich domain		TMPRSS2 (NM_001135099) - ERG (NM_004449) rearrangement: c.126+493:TMPRSS2_c.39+3209:ERGdel | Protein Fusion: in frame  {TMPRSS2:ERG}	NA
EVT-P-0001876-T05-IM7-670	P-0001876-T05-IM7		TMPRSS2-ERG	ERG	out-of-frame	five_prime	42870614	1	19	True	lost	0.0	False		Trypsin; Scavenger receptor cysteine-rich domain		TMPRSS2 (NM_001135099) - ERG (NM_182918) fusion: c.56-498:TMPRSS2_c.236+6602:ERGdel | Protein Fusion: out of frame  {TMPRSS2:ERG}	NA
EVT-P-0062737-T01-IM7-671	P-0062737-T01-IM7		TMPRSS2-ERG	ERG	out-of-frame	five_prime	42875106	1	19	True	lost	0.0	False		Trypsin; Scavenger receptor cysteine-rich domain		TMPRSS2 (NM_001135099) - ERG (NM_182918) fusion: c.55+4771:TMPRSS2_c.18+20081:ERGdel | Protein Fusion: out of frame  {TMPRSS2:ERG}	NA
EVT-P-0009286-T03-IM6-672	P-0009286-T03-IM6		TMPRSS2-ERG	ERG	out-of-frame	five_prime	42874559	1	19	True	lost	0.0	False		Trypsin; Scavenger receptor cysteine-rich domain		TMPRSS2 (NM_001135099) - ERG (NM_004449) fusion: c.56-4443:TMPRSS2_c.39+408:ERGdel | Protein Fusion: out of frame  {TMPRSS2:ERG}	NA
EVT-P-0008928-T02-IM6-673	P-0008928-T02-IM6		TMPRSS2-ERG	ERG	in-frame	five_prime	42867844	2	42	True	lost	0.0	False		Trypsin; Scavenger receptor cysteine-rich domain		TMPRSS2 (NM_001135099) - ERG (NM_004449) rearrangement: c.127-1339:TMPRSS2_c.39+61012:ERGdel | Protein Fusion: in frame  {TMPRSS2:ERG}	NA
EVT-P-0008928-T01-IM5-674	P-0008928-T01-IM5		TMPRSS2-ERG	ERG	in-frame	five_prime	42867842	2	42	True	lost	0.0	False		Trypsin; Scavenger receptor cysteine-rich domain		TMPRSS2 (NM_001135099) - ERG (NM_004449) Fusion ()TMPRSS2 exons 1-2 fused with ERG exons 4-11) :  c.127-1337:TMPRSS2_c.39+60944:ERGdel | Protein fusion: in frame (TMPRSS2-ERG)	NA
EVT-P-0008769-T03-IM6-675	P-0008769-T03-IM6		TMPRSS2-ERG	ERG	out-of-frame	five_prime	42872368	1	19	True	lost	0.0	False		Trypsin; Scavenger receptor cysteine-rich domain		TMPRSS2 (NM_001135099) - ERG (NM_182918) rearrangement: c.56-2252:TMPRSS2_c.18+17917:ERGdel | Protein Fusion: out of frame  {TMPRSS2:ERG}	NA
EVT-P-0035445-T02-IM6-676	P-0035445-T02-IM6		TMPRSS2-ERG	ERG	out-of-frame	five_prime	42874445	1	19	True	lost	0.0	False		Trypsin; Scavenger receptor cysteine-rich domain		TMPRSS2 (NM_001135099) - ERG (NM_182918) rearrangement: c.56-4329:TMPRSS2_c.18+15866:ERGdel | Protein Fusion: out of frame  {TMPRSS2:ERG}	NA
EVT-P-0008769-T02-IM5-677	P-0008769-T02-IM5		TMPRSS2-ERG	ERG	out-of-frame	five_prime	42872367	1	19	True	lost	0.0	False		Trypsin; Scavenger receptor cysteine-rich domain		TMPRSS2 (NM_001135099) - ERG (NM_004449) fusion (TMPRSS2 exon1 with ERG exons 4-11) : c.56-2251:TMPRSS2_c.40-34826:ERGdel | Protein fusion: out of frame (TMPRSS2-ERG)	NA
EVT-P-0055380-T01-IM6-678	P-0055380-T01-IM6		TMPRSS2-ERG	ERG	out-of-frame	five_prime	42872164	1	19	True	lost	0.0	False		Trypsin; Scavenger receptor cysteine-rich domain		TMPRSS2 (NM_001135099) - ERG (NM_182918) fusion: c.56-2048:TMPRSS2_c.18+17035:ERGdel | Protein Fusion: out of frame  {TMPRSS2:ERG}	NA
EVT-P-0052511-T01-IM6-679	P-0052511-T01-IM6		TMPRSS2-ERG	ERG	out-of-frame	five_prime	42874197	1	19	True	lost	0.0	False		Trypsin; Scavenger receptor cysteine-rich domain		TMPRSS2 (NM_001135099) - ERG (NM_004449) rearrangement: c.56-4081:TMPRSS2_c.39+32684:ERGdel | Protein Fusion: out of frame  {TMPRSS2:ERG}	NA
EVT-P-0008441-T02-IM6-680	P-0008441-T02-IM6		TMPRSS2-ERG	ERG	in-frame	five_prime	42868118	2	42	True	lost	0.0	False		Trypsin; Scavenger receptor cysteine-rich domain		TMPRSS2 (NM_001135099) - ERG (NM_004449) fusion: c.127-1613:TMPRSS2_c.39+60626:ERGdel | Protein Fusion: in frame  {TMPRSS2:ERG}	NA
EVT-P-0052346-T01-IM6-681	P-0052346-T01-IM6		TMPRSS2-ERG	ERG	in-frame	five_prime	42869271	2	42	True	lost	0.0	False		Trypsin; Scavenger receptor cysteine-rich domain		TMPRSS2 (NM_001135099) - ERG (NM_004449) rearrangement: c.126+775:TMPRSS2_c.39+47651:ERGdel | Protein Fusion: in frame  {TMPRSS2:ERG}	NA
EVT-P-0008232-T02-IM6-682	P-0008232-T02-IM6		TMPRSS2-ERG	ERG	in-frame	five_prime	42868960	2	42	True	lost	0.0	False		Trypsin; Scavenger receptor cysteine-rich domain		TMPRSS2 (NM_001135099) - ERG (NM_004449) fusion: c.126+1086:TMPRSS2_c.40-59158:ERGdel | Protein Fusion: in frame  {TMPRSS2:ERG}	NA
EVT-P-0062534-T01-IM7-683	P-0062534-T01-IM7		TMPRSS2-ERG	ERG	out-of-frame	five_prime	42872238	1	19	True	lost	0.0	False		Trypsin; Scavenger receptor cysteine-rich domain		TMPRSS2 (NM_001135099) - ERG (NM_004449) fusion: c.56-2122:TMPRSS2_c.39+32972:ERGdel | Protein Fusion: out of frame  {TMPRSS2:ERG}	NA
EVT-P-0007343-T03-IM6-684	P-0007343-T03-IM6		TMPRSS2-ERG	ERG	in-frame	five_prime	42869384	2	42	True	lost	0.0	False		Trypsin; Scavenger receptor cysteine-rich domain		TMPRSS2 (NM_001135099) - ERG (NM_004449) rearrangement: c.126+662:TMPRSS2_c.39+64787:ERGdel | Protein Fusion: in frame  {TMPRSS2:ERG}	NA
EVT-P-0052272-T01-IM6-685	P-0052272-T01-IM6		TMPRSS2-ERG	ERG	in-frame	five_prime	42867101	2	42	True	lost	0.0	False		Trypsin; Scavenger receptor cysteine-rich domain		TMPRSS2 (NM_001135099) - ERG (NM_004449) rearrangement: c.127-596:TMPRSS2_c.40-58508:ERGdel | Protein Fusion: in frame  {TMPRSS2:ERG}	NA
EVT-P-0007078-T02-IM5-686	P-0007078-T02-IM5		TMPRSS2-ERG	ERG	out-of-frame	five_prime	42875091	1	19	True	lost	0.0	False		Trypsin; Scavenger receptor cysteine-rich domain		TMPRSS2 (NM_001135099) - ERG (NM_182918) fusion (TMPRSS2 exon 1 fused to ERG exons 2 to 10): c.55+4786G_c.19-20913del | Protein fusion: out of frame (TMPRSS2-ERG)	NA
EVT-P-0036294-T02-IM6-687	P-0036294-T02-IM6		TMPRSS2-ERG	ERG	in-frame	five_prime	42867521	2	42	True	lost	0.0	False		Trypsin; Scavenger receptor cysteine-rich domain		TMPRSS2 (NM_001135099) - ERG (NM_182918) rearrangement: c.127-1016:TMPRSS2_c.18+4202:ERGdel | Protein Fusion: in frame  {TMPRSS2:ERG}	NA
EVT-P-0036302-T01-IM6-688	P-0036302-T01-IM6		TMPRSS2-ERG	ERG	in-frame	five_prime	42867658	2	42	True	lost	0.0	False		Trypsin; Scavenger receptor cysteine-rich domain		TMPRSS2 (NM_001135099) - ERG (NM_004449) Fusion (TMPRSS2 exon2 fused with ERG exon4) : c.40-59382:TMPRSS2_c.127-1153:ERGdel | Protein Fusion: in frame  {TMPRSS2:ERG}	NA
EVT-P-0062518-T02-IM7-689	P-0062518-T02-IM7		TMPRSS2-ERG	ERG	unknown	five_prime	42872973	1	19	True	lost	0.0	False		Trypsin; Scavenger receptor cysteine-rich domain		TMPRSS2 (NM_001135099) - ERG (NM_004449) fusion: c.56-2857:TMPRSS2_c.40-53128:ERGdel | Transcript Fusion {TMPRSS2:ERG}	NA
EVT-P-0006856-T02-IM5-690	P-0006856-T02-IM5		TMPRSS2-ERG	ERG	out-of-frame	five_prime	42872207	1	19	True	lost	0.0	False		Trypsin; Scavenger receptor cysteine-rich domain		TMPRSS2 (NM_001135099) -ERG (NM_004449) fusion (TMPRSS2 exon 1 fused with ERG exons 4-11): c.56-2091:TMPRSS2_c.40-13213:ERGdel | Protein fusion: out of frame (TMPRSS2-ERG)	NA
EVT-P-0052131-T01-IM6-691	P-0052131-T01-IM6		TMPRSS2-ERG	ERG	out-of-frame	five_prime	42872211	1	19	True	lost	0.0	False		Trypsin; Scavenger receptor cysteine-rich domain		TMPRSS2 (NM_001135099) - ERG (NM_182918) rearrangement: c.56-2095:TMPRSS2_c.236+4391:ERGdel | Protein Fusion: out of frame  {TMPRSS2:ERG}	NA
EVT-P-0051999-T01-IM6-692	P-0051999-T01-IM6		TMPRSS2-ERG	ERG	out-of-frame	five_prime	42873584	1	19	True	lost	0.0	False		Trypsin; Scavenger receptor cysteine-rich domain		TMPRSS2 (NM_001135099) - ERG (NM_004449) rearrangement: c.56-3468:TMPRSS2_c.39+64931:ERGdel | Protein Fusion: out of frame  {TMPRSS2:ERG}	NA
EVT-P-0000631-T03-IM6-693	P-0000631-T03-IM6		TMPRSS2-ERG	ERG	out-of-frame	five_prime	42872632	1	19	True	lost	0.0	False		Trypsin; Scavenger receptor cysteine-rich domain		TMPRSS2 (NM_001135099) - ERG (NM_004449) fusion: c.56-2516:TMPRSS2_c.39+58475:ERGdel | Protein Fusion: out of frame  {TMPRSS2:ERG}	NA
EVT-P-0006603-T01-IM5-694	P-0006603-T01-IM5		TMPRSS2-ERG	ERG	in-frame	five_prime	42869492	2	42	True	lost	0.0	False		Trypsin; Scavenger receptor cysteine-rich domain		TMPRSS2 (NM_001135099) - ERG (NM_004449) fusion (TMPRSS2 exons 1-2 with ERG exons 4-10): c.126+554:TMPRSS2_c.40-2798:ERGdel | Protein fusion: in frame (TMPRSS2-ERG)	NA
EVT-P-0062518-T01-IM7-696	P-0062518-T01-IM7		TMPRSS2-ERG	ERG	unknown	five_prime	42872973	1	19	True	lost	0.0	False		Trypsin; Scavenger receptor cysteine-rich domain		TMPRSS2 (NM_001135099) - ERG (NM_004449) fusion: c.56-2857:TMPRSS2_c.40-53128:ERGdel | Transcript Fusion {TMPRSS2:ERG}	NA
EVT-P-0062493-T01-IM7-697	P-0062493-T01-IM7		TMPRSS2-ERG	ERG	in-frame	five_prime	42867594	2	42	True	lost	0.0	False		Trypsin; Scavenger receptor cysteine-rich domain		TMPRSS2 (NM_001135099) - ERG (NM_004449) fusion: c.127-1089:TMPRSS2_c.39+12224:ERGdel | Protein Fusion: in frame  {TMPRSS2:ERG}	NA
EVT-P-0001876-T06-IM7-698	P-0001876-T06-IM7		TMPRSS2-ERG	ERG	out-of-frame	five_prime	42870614	1	19	True	lost	0.0	False		Trypsin; Scavenger receptor cysteine-rich domain		TMPRSS2 (NM_001135099) - ERG (NM_182918) fusion: c.56-498:TMPRSS2_c.236+6602:ERGdel | Protein Fusion: out of frame  {TMPRSS2:ERG}	NA
EVT-P-0036756-T02-IM6-699	P-0036756-T02-IM6		TMPRSS2-ERG	ERG	out-of-frame	five_prime	42877290	1	19	True	lost	0.0	False		Trypsin; Scavenger receptor cysteine-rich domain		TMPRSS2 (NM_001135099) - ERG (NM_182918) rearrangement: c.55+2587:TMPRSS2_c.19-4454:ERGdel | Protein Fusion: out of frame  {TMPRSS2:ERG}	NA
EVT-P-0062464-T01-IM7-700	P-0062464-T01-IM7		TMPRSS2-ERG	ERG	in-frame	five_prime	42868359	2	42	True	lost	0.0	False		Trypsin; Scavenger receptor cysteine-rich domain		TMPRSS2 (NM_001135099) - ERG (NM_182918) fusion: c.126+1687:TMPRSS2_c.19-5145:ERGdel | Protein Fusion: in frame  {TMPRSS2:ERG}	NA
EVT-P-0062408-T01-IM7-701	P-0062408-T01-IM7		TMPRSS2-ERG	ERG	in-frame	five_prime	42869183	2	42	True	lost	0.0	False		Trypsin; Scavenger receptor cysteine-rich domain		TMPRSS2 (NM_001135099) - ERG (NM_004449) fusion: c.126+863:TMPRSS2_c.40-62807:ERGdel | Protein Fusion: in frame  {TMPRSS2:ERG}	NA
EVT-P-0062080-T01-IM7-702	P-0062080-T01-IM7		TMPRSS2-ERG	ERG	out-of-frame	five_prime	42875577	1	19	True	lost	0.0	False		Trypsin; Scavenger receptor cysteine-rich domain		TMPRSS2 (NM_001135099) - ERG (NM_182918) fusion: c.55+4300:TMPRSS2_c.18+1063:ERGdel | Protein Fusion: out of frame  {TMPRSS2:ERG}	NA
EVT-P-0061898-T01-IM7-703	P-0061898-T01-IM7		TMPRSS2-ERG	ERG	out-of-frame	five_prime	42878899	1	19	True	lost	0.0	False		Trypsin; Scavenger receptor cysteine-rich domain		TMPRSS2 (NM_001135099) - ERG (NM_182918) fusion: c.55+978:TMPRSS2_c.18+13293:ERGdel | Protein Fusion: out of frame  {TMPRSS2:ERG}	NA
EVT-P-0037022-T01-IM6-704	P-0037022-T01-IM6		TMPRSS2-ERG	ERG	out-of-frame	five_prime	42872219	1	19	True	lost	0.0	False		Trypsin; Scavenger receptor cysteine-rich domain		TMPRSS2 (NM_001135099) - ERG (NM_004449) fusion: c.56-2103:TMPRSS2_c.39+59657:ERGdel | Protein Fusion: out of frame  {TMPRSS2:ERG}	NA
EVT-P-0037029-T01-IM6-705	P-0037029-T01-IM6		TMPRSS2-ERG	ERG	in-frame	five_prime	42868331	2	42	True	lost	0.0	False		Trypsin; Scavenger receptor cysteine-rich domain		TMPRSS2 (NM_001135099) - ERG (NM_182918) fusion: c.126+1715:TMPRSS2_c.19-11583:ERGdel | Protein Fusion: in frame  {TMPRSS2:ERG}	NA
EVT-P-0061879-T01-IM7-706	P-0061879-T01-IM7		TMPRSS2-ERG	ERG	out-of-frame	five_prime	42874018	1	19	True	lost	0.0	False		Trypsin; Scavenger receptor cysteine-rich domain		TMPRSS2 (NM_001135099) - ERG (NM_004449) fusion: c.56-3902:TMPRSS2_c.40-62407:ERGdel | Protein Fusion: out of frame  {TMPRSS2:ERG}	NA
EVT-P-0061686-T01-IM7-707	P-0061686-T01-IM7		TMPRSS2-ERG	ERG	in-frame	five_prime	42867946	2	42	True	lost	0.0	False		Trypsin; Scavenger receptor cysteine-rich domain		TMPRSS2 (NM_001135099) - ERG (NM_004449) fusion: c.127-1441:TMPRSS2_c.39+20126:ERGdel | Protein Fusion: in frame  {TMPRSS2:ERG}	NA
EVT-P-0037151-T01-IM6-708	P-0037151-T01-IM6		TMPRSS2-ERG	ERG	out-of-frame	five_prime	42876100	1	19	True	lost	0.0	False		Trypsin; Scavenger receptor cysteine-rich domain		TMPRSS2 (NM_001135099) - ERG (NM_004449) Fusion (TMPRSS2 exon1 with ERG exon2): c.55+3777:TMPRSS2_c.40-18163::ERGdel | Protein Fusion: out of frame  {TMPRSS2:ERG}	NA
EVT-P-0037177-T01-IM6-709	P-0037177-T01-IM6		TMPRSS2-ERG	ERG	out-of-frame	five_prime	42871794	1	19	True	lost	0.0	False		Trypsin; Scavenger receptor cysteine-rich domain		TMPRSS2 (NM_001135099) - ERG (NM_182918) fusion: c.56-1678:TMPRSS2_c.19-9161:ERGdel | Protein Fusion: out of frame  {TMPRSS2:ERG}	NA
EVT-P-0037283-T01-IM6-710	P-0037283-T01-IM6		TMPRSS2-ERG	ERG	out-of-frame	five_prime	42872457	1	19	True	lost	0.0	False		Trypsin; Scavenger receptor cysteine-rich domain		TMPRSS2 (NM_001135099) - ERG (NM_182918) fusion (TMPRSS2 exon 1 fused to ERG exons 2-10): c.56-2450:TMPRSS2_c.19-5937:ERGdel | Protein Fusion: out of frame  {TMPRSS2:ERG}	NA
EVT-P-0037423-T01-IM6-712	P-0037423-T01-IM6		TMPRSS2-ERG	ERG	out-of-frame	five_prime	42873112	1	19	True	lost	0.0	False		Trypsin; Scavenger receptor cysteine-rich domain		TMPRSS2 (NM_001135099) - ERG (NM_182918) fusion: c.56-2996:TMPRSS2_c.237-9913:ERGdel | Protein Fusion: out of frame  {TMPRSS2:ERG}	NA
EVT-P-0061675-T01-IM7-713	P-0061675-T01-IM7		TMPRSS2-ERG	ERG	out-of-frame	five_prime	42875811	1	19	True	lost	0.0	False		Trypsin; Scavenger receptor cysteine-rich domain		TMPRSS2 (NM_001135099) - ERG (NM_004449) fusion: c.55+4066:TMPRSS2_c.40-59175:ERGdel | Protein Fusion: out of frame  {TMPRSS2:ERG}	NA
EVT-P-0061669-T01-IM7-714	P-0061669-T01-IM7		TMPRSS2-ERG	ERG	out-of-frame	five_prime	42874913	1	19	True	lost	0.0	False		Trypsin; Scavenger receptor cysteine-rich domain		TMPRSS2 (NM_001135099) - ERG (NM_004449) fusion: c.56-4797:TMPRSS2_c.39+38470:ERGdel | Protein Fusion: out of frame  {TMPRSS2:ERG}	NA
EVT-P-0037620-T01-IM6-715	P-0037620-T01-IM6		TMPRSS2-ERG	ERG	out-of-frame	five_prime	42869064	2	42	True	lost	0.0	False		Trypsin; Scavenger receptor cysteine-rich domain		TMPRSS2 (NM_001135099) - ERG (NM_182918) fusion: c.126+982:TMPRSS2_c.236+9086:ERGdel | Protein Fusion: out of frame  {TMPRSS2:ERG}	NA
EVT-P-0061625-T02-IM7-716	P-0061625-T02-IM7		TMPRSS2-ERG	ERG	out-of-frame	five_prime	42871937	1	19	True	lost	0.0	False		Trypsin; Scavenger receptor cysteine-rich domain		TMPRSS2 (NM_001135099) - ERG (NM_182918) fusion: c.56-1821:TMPRSS2_c.18+5360:ERGdel | Protein Fusion: out of frame  {TMPRSS2:ERG}	NA
EVT-P-0061422-T02-IM7-717	P-0061422-T02-IM7		TMPRSS2-ERG	ERG	in-frame	five_prime	42867004	2	42	True	lost	0.0	False		Trypsin; Scavenger receptor cysteine-rich domain		TMPRSS2 (NM_001135099) - ERG (NM_182918) fusion: c.127-499:TMPRSS2_c.18+4646:ERGdel | Protein Fusion: in frame  {TMPRSS2:ERG}	NA
EVT-P-0037691-T01-IM6-718	P-0037691-T01-IM6		TMPRSS2-ERG	ERG	unknown	five_prime	42871198	1	19	True	lost	0.0	False		Trypsin; Scavenger receptor cysteine-rich domain		TMPRSS2 (NM_001135099) -ERG (NM_182918) Fusion (TMPRSS2 exon1 fused with ERG exon1): c.56-1082:TMPRSS2_c.-1300:ERGdel | Transcript Fusion {TMPRSS2:ERG}	NA
EVT-P-0037701-T01-IM6-719	P-0037701-T01-IM6		TMPRSS2-ERG	ERG	out-of-frame	five_prime	42869522	2	42	True	lost	0.0	False		Trypsin; Scavenger receptor cysteine-rich domain		TMPRSS2 (NM_001135099) - ERG (NM_182918) fusion: c.126+524:TMPRSS2_c.237-2747:ERGdel | Protein Fusion: out of frame  {TMPRSS2:ERG}	NA
EVT-P-0037701-T02-IM6-720	P-0037701-T02-IM6		TMPRSS2-ERG	ERG	out-of-frame	five_prime	42869521	2	42	True	lost	0.0	False		Trypsin; Scavenger receptor cysteine-rich domain		TMPRSS2 (NM_001135099) - ERG (NM_182918) rearrangement: c.126+525:TMPRSS2_c.237-2747:ERGdel | Protein Fusion: out of frame  {TMPRSS2:ERG}	NA
EVT-P-0037750-T01-IM6-721	P-0037750-T01-IM6		TMPRSS2-ERG	ERG	out-of-frame	five_prime	42876260	1	19	True	lost	0.0	False		Trypsin; Scavenger receptor cysteine-rich domain		TMPRSS2 (NM_001135099) - ERG (NM_182918) fusion: c.55+3617:TMPRSS2_c.18+9142:ERGdel | Protein Fusion: out of frame  {TMPRSS2:ERG}	NA
EVT-P-0037751-T01-IM6-722	P-0037751-T01-IM6		TMPRSS2-ERG	ERG	out-of-frame	five_prime	42872642	1	19	True	lost	0.0	False		Trypsin; Scavenger receptor cysteine-rich domain		TMPRSS2 (NM_001135099) - ERG(NM_004449) Fusion (TMPRSS2 exon 1 with ERG exon 4 - 10) : c.56-2526:TMPRSS2_c.39+6198:ERG del | Protein Fusion: out of frame  {TMPRSS2:ERG}	NA
EVT-P-0061422-T01-IM7-723	P-0061422-T01-IM7		TMPRSS2-ERG	ERG	in-frame	five_prime	42867004	2	42	True	lost	0.0	False		Trypsin; Scavenger receptor cysteine-rich domain		TMPRSS2 (NM_001135099) - ERG (NM_182918) fusion: c.127-499:TMPRSS2_c.18+4646:ERGdel | Protein Fusion: in frame  {TMPRSS2:ERG}	NA
EVT-P-0037866-T02-IM6-724	P-0037866-T02-IM6		TMPRSS2-ERG	ERG	out-of-frame	five_prime	42872240	1	19	True	lost	0.0	False		Trypsin; Scavenger receptor cysteine-rich domain		TMPRSS2 (NM_001135099) - ERG (NM_004449) fusion: c.56-2124:TMPRSS2_c.39+60551:ERGdel | Protein Fusion: out of frame  {TMPRSS2:ERG}	NA
EVT-P-0037960-T01-IM6-725	P-0037960-T01-IM6		TMPRSS2-ERG	ERG	in-frame	five_prime	42868304	2	42	True	lost	0.0	False		Trypsin; Scavenger receptor cysteine-rich domain		TMPRSS2 (NM_001135099) - ERG (NM_004449) fusion: c.126+1742:TMPRSS2_c.39+36464:ERGdel | Protein Fusion: in frame  {TMPRSS2:ERG}	NA
EVT-P-0037969-T01-IM6-726	P-0037969-T01-IM6		TMPRSS2-ERG	ERG	in-frame	five_prime	42869384	2	42	True	lost	0.0	False		Trypsin; Scavenger receptor cysteine-rich domain		TMPRSS2 (NM_001135099) - ERG (NM_182918) fusion: c.126+662:TMPRSS2_c.18+6989:ERGdel | Protein Fusion: in frame  {TMPRSS2:ERG}	NA
EVT-P-0038012-T01-IM6-727	P-0038012-T01-IM6		TMPRSS2-ERG	ERG	in-frame	five_prime	42870000	2	42	True	lost	0.0	False		Trypsin; Scavenger receptor cysteine-rich domain		TMPRSS2 (NM_001135099) - ERG (NM_004449) fusion: c.126+46:TMPRSS2_c.39+11109:ERGdel | Protein Fusion: in frame  {TMPRSS2:ERG}	NA
EVT-P-0038179-T01-IM6-728	P-0038179-T01-IM6		TMPRSS2-ERG	ERG	out-of-frame	five_prime	42873819	1	19	True	lost	0.0	False		Trypsin; Scavenger receptor cysteine-rich domain		TMPRSS2 (NM_001135099) - ERG (NM_004449) fusion: c.56-3703:TMPRSS2_c.40-56593:ERGdel | Protein Fusion: out of frame  {TMPRSS2:ERG}	NA
EVT-P-0051912-T01-IM6-729	P-0051912-T01-IM6		TMPRSS2-ERG	ERG	out-of-frame	five_prime	42870878	1	19	True	lost	0.0	False		Trypsin; Scavenger receptor cysteine-rich domain		TMPRSS2 (NM_001135099) - ERG (NM_182918) rearrangement: c.56-762:TMPRSS2_c.18+21682:ERGdel | Protein Fusion: out of frame  {TMPRSS2:ERG}	NA
EVT-P-0038299-T01-IM6-730	P-0038299-T01-IM6		TMPRSS2-ERG	ERG	in-frame	five_prime	42867555	2	42	True	lost	0.0	False		Trypsin; Scavenger receptor cysteine-rich domain		TMPRSS2 (NM_001135099) - ERG (NM_004449) fusion: c.127-1050:TMPRSS2_c.39+51237:ERGdel | Protein Fusion: in frame  {TMPRSS2:ERG}	NA
EVT-P-0038348-T01-IM6-731	P-0038348-T01-IM6		TMPRSS2-ERG	ERG	out-of-frame	five_prime	42875885	1	19	True	lost	0.0	False		Trypsin; Scavenger receptor cysteine-rich domain		TMPRSS2 (NM_001135099) - ERG (NM_004449) fusion: (TMPRSS2 exon 1 fused to ERG exons 4-11): c.55+3992:TMPRSS2_c.40-59510:ERGdel | Protein Fusion: out of frame  {TMPRSS2:ERG}	NA
EVT-P-0061332-T01-IM7-732	P-0061332-T01-IM7		TMPRSS2-ERG	ERG	out-of-frame	five_prime	42872834	1	19	True	lost	0.0	False		Trypsin; Scavenger receptor cysteine-rich domain		TMPRSS2 (NM_001135099) - ERG (NM_004449) fusion: c.56-2718:TMPRSS2_c.40-64741:ERGdel | Protein Fusion: out of frame  {TMPRSS2:ERG}	NA
EVT-P-0038415-T01-IM6-733	P-0038415-T01-IM6		TMPRSS2-ERG	ERG	out-of-frame	five_prime	42877782	1	19	True	lost	0.0	False		Trypsin; Scavenger receptor cysteine-rich domain		TMPRSS2 (NM_001135099) - ERG (NM_182918) fusion: c.55+2095:TMPRSS2_c.19-14849:ERGdel | Protein Fusion: out of frame  {TMPRSS2:ERG}	NA
EVT-P-0005768-T02-IM5-734	P-0005768-T02-IM5		TMPRSS2-ERG	ERG	unknown	five_prime	42871297	1	19	True	lost	0.0	False		Trypsin; Scavenger receptor cysteine-rich domain		TMPRSS2 (NM_001135099) - ERG (NM_004449) fusion (TMPRSS2 exon1 fused to ERG exons 3-11) : c.56-1181:TMPRSS2_c.-150+10082:ERGdel | Transcript fusion (TMPRSS2-ERG)	NA
EVT-P-0038584-T01-IM6-735	P-0038584-T01-IM6		TMPRSS2-ERG	ERG	in-frame	five_prime	42867855	2	42	True	lost	0.0	False		Trypsin; Scavenger receptor cysteine-rich domain		TMPRSS2 (NM_001135099) -ERG (NM_004449) Fusion (TMPRSS2 exon2 fused with ERG exon2 ):c.127-1350:TMPRSS2_c.40-14330:ERGdel | Protein Fusion: in frame  {TMPRSS2:ERG}	NA
EVT-P-0038643-T01-IM6-736	P-0038643-T01-IM6		TMPRSS2-ERG	ERG	out-of-frame	five_prime	42875444	1	19	True	lost	0.0	False		Trypsin; Scavenger receptor cysteine-rich domain		TMPRSS2 (NM_001135099) - ERG (NM_004449) fusion: c.55+4433:TMPRSS2_c.40-56242:ERGdel | Protein Fusion: out of frame  {TMPRSS2:ERG}	NA
EVT-P-0038739-T01-IM6-737	P-0038739-T01-IM6		TMPRSS2-ERG	ERG	in-frame	five_prime	42868035	2	42	True	lost	0.0	False		Trypsin; Scavenger receptor cysteine-rich domain		TMPRSS2 (NM_001135099) - ERG (NM_004449) fusion: c.127-1530:TMPRSS2_c.39+28662:ERGdel | Protein Fusion: in frame  {TMPRSS2:ERG}	NA
EVT-P-0038808-T01-IM6-738	P-0038808-T01-IM6		TMPRSS2-ERG	ERG	out-of-frame	five_prime	42876795	1	19	True	lost	0.0	False		Trypsin; Scavenger receptor cysteine-rich domain		TMPRSS2 (NM_001135099) - ERG (NM_182918) Fusion (TMPRSS2 exon1 fused with ERG exon2) :c.55+3082:TMPRSS2_c.18+25160:ERGdel | Protein Fusion: out of frame  {TMPRSS2:ERG}	NA
EVT-P-0039047-T01-IM6-739	P-0039047-T01-IM6		TMPRSS2-ERG	ERG	out-of-frame	five_prime	42874349	1	19	True	lost	0.0	False		Trypsin; Scavenger receptor cysteine-rich domain		TMPRSS2 (NM_001135099) - ERG (NM_182918) fusion: c.56-4233:TMPRSS2_c.18+8075:ERGdel | Protein Fusion: out of frame  {TMPRSS2:ERG}	NA
EVT-P-0051910-T01-IM6-740	P-0051910-T01-IM6		TMPRSS2-ERG	ERG	out-of-frame	five_prime	42870829	1	19	True	lost	0.0	False		Trypsin; Scavenger receptor cysteine-rich domain		TMPRSS2 (NM_001135099) - ERG (NM_182918) rearrangement: c.56-713:TMPRSS2_c.19-14003:ERGdel | Protein Fusion: out of frame  {TMPRSS2:ERG}	NA
EVT-P-0039238-T01-IM6-741	P-0039238-T01-IM6		TMPRSS2-ERG	ERG	in-frame	five_prime	42866985	2	42	True	lost	0.0	False		Trypsin; Scavenger receptor cysteine-rich domain		TMPRSS2 (NM_001135099) - ERG (NM_182918) fusion: c.127-480:TMPRSS2_c.18+5750:ERGdel | Protein Fusion: in frame  {TMPRSS2:ERG}	NA
EVT-P-0061256-T01-IM7-742	P-0061256-T01-IM7		TMPRSS2-ERG	ERG	out-of-frame	five_prime	42873557	1	19	True	lost	0.0	False		Trypsin; Scavenger receptor cysteine-rich domain		TMPRSS2 (NM_001135099) - ERG (NM_182918) fusion: c.56-3441:TMPRSS2_c.19-12234:ERGdel | Protein Fusion: out of frame  {TMPRSS2:ERG}	NA
EVT-P-0039508-T01-IM6-743	P-0039508-T01-IM6		TMPRSS2-ERG	ERG	out-of-frame	five_prime	42845230	9	337	True	disrupted	0.1965065502183406	True	Scavenger receptor cysteine-rich domain		Trypsin	TMPRSS2 (NM_001135099) - ERG (NM_182918) fusion: c.1010+22:TMPRSS2_c.19-22866:ERGdel | Protein Fusion: out of frame  {TMPRSS2:ERG}	NA
EVT-P-0061165-T01-IM7-744	P-0061165-T01-IM7		TMPRSS2-ERG	ERG	out-of-frame	five_prime	42875509	1	19	True	lost	0.0	False		Trypsin; Scavenger receptor cysteine-rich domain		TMPRSS2 (NM_001135099) - ERG (NM_182918) fusion: c.55+4368:TMPRSS2_c.237-9732:ERGdel | Protein Fusion: out of frame  {TMPRSS2:ERG}	NA
EVT-P-0054785-T01-IM6-745	P-0054785-T01-IM6		TMPRSS2-ERG	ERG	in-frame	five_prime	42868194	2	42	True	lost	0.0	False		Trypsin; Scavenger receptor cysteine-rich domain		TMPRSS2 (NM_001135099) - ERG (NM_182918) rearrangement: c.127-1689:TMPRSS2_c.18+14113:ERGdel | Protein Fusion: in frame  {TMPRSS2:ERG}	NA
EVT-P-0039698-T01-IM6-746	P-0039698-T01-IM6		TMPRSS2-ERG	ERG	out-of-frame	five_prime	42874374	1	19	True	lost	0.0	False		Trypsin; Scavenger receptor cysteine-rich domain		TMPRSS2 (NM_001135099) - ERG (NM_182918) fusion: c.56-4258:TMPRSS2_c.18+3607:ERGdel | Protein Fusion: out of frame  {TMPRSS2:ERG}	NA
EVT-P-0039753-T01-IM6-747	P-0039753-T01-IM6		TMPRSS2-ERG	ERG	out-of-frame	five_prime	42871357	1	19	True	lost	0.0	False		Trypsin; Scavenger receptor cysteine-rich domain		TMPRSS2 (NM_001135099) - ERG (NM_004449) fusion: c.56-1241:TMPRSS2_c.39+60112:ERGdel | Protein Fusion: out of frame  {TMPRSS2:ERG}	NA
EVT-P-0039771-T01-IM6-748	P-0039771-T01-IM6		TMPRSS2-ERG	ERG	out-of-frame	five_prime	42872655	1	19	True	lost	0.0	False		Trypsin; Scavenger receptor cysteine-rich domain		TMPRSS2 (NM_001135099) - ERG (NM_004449) fusion: c.56-2539:TMPRSS2_c.39+64394:ERGdel | Protein Fusion: out of frame  {TMPRSS2:ERG}	NA
EVT-P-0060676-T01-IM7-749	P-0060676-T01-IM7		TMPRSS2-ERG	ERG	in-frame	five_prime	42867913	2	42	True	lost	0.0	False		Trypsin; Scavenger receptor cysteine-rich domain		TMPRSS2 (NM_001135099) - ERG (NM_182918) fusion: c.127-1408:TMPRSS2_c.18+23601:ERGdel | Protein Fusion: in frame  {TMPRSS2:ERG}	NA
EVT-P-0060656-T01-IM7-750	P-0060656-T01-IM7		TMPRSS2-ERG	ERG	out-of-frame	five_prime	42876652	1	19	True	lost	0.0	False		Trypsin; Scavenger receptor cysteine-rich domain		TMPRSS2 (NM_001135099) - ERG (NM_182918) fusion: c.55+3225:TMPRSS2_c.18+21662:ERGdel | Protein Fusion: out of frame  {TMPRSS2:ERG}	NA
EVT-P-0040180-T01-IM6-751	P-0040180-T01-IM6		TMPRSS2-ERG	ERG	out-of-frame	five_prime	42873885	1	19	True	lost	0.0	False		Trypsin; Scavenger receptor cysteine-rich domain		TMPRSS2 (NM_001135099) - ERG (NM_182918) fusion: c.56-3769:TMPRSS2_c.19-1393:ERGdel | Protein Fusion: out of frame  {TMPRSS2:ERG}	NA
EVT-P-0060655-T01-IM7-752	P-0060655-T01-IM7		TMPRSS2-ERG	ERG	in-frame	five_prime	42869305	2	42	True	lost	0.0	False		Trypsin; Scavenger receptor cysteine-rich domain		TMPRSS2 (NM_001135099) - ERG (NM_182918) fusion: c.126+741:TMPRSS2_c.18+18503:ERGdel | Protein Fusion: in frame  {TMPRSS2:ERG}	NA
EVT-P-0040335-T01-IM6-753	P-0040335-T01-IM6		TMPRSS2-ERG	ERG	unknown	five_prime	42853626	5	186	True	lost	0.0	False		Trypsin; Scavenger receptor cysteine-rich domain		TMPRSS2 (NM_001135099) - ERG (NM_004449) fusion: c.557-1097:TMPRSS2_c.40-52915:ERGdel | Transcript Fusion {TMPRSS2:ERG}	NA
EVT-P-0040509-T01-IM6-754	P-0040509-T01-IM6		TMPRSS2-ERG	ERG	out-of-frame	five_prime	42874439	1	19	True	lost	0.0	False		Trypsin; Scavenger receptor cysteine-rich domain		TMPRSS2 (NM_001135099) - ERG (NM_004449) fusion: c.56-4323:TMPRSS2_c.39+6430:ERGdel | Protein Fusion: out of frame  {TMPRSS2:ERG}	NA
EVT-P-0040519-T01-IM6-755	P-0040519-T01-IM6		TMPRSS2-ERG	ERG	unknown	five_prime	42871163	1	19	True	lost	0.0	False		Trypsin; Scavenger receptor cysteine-rich domain		TMPRSS2 (NM_001135099) - ERG (NM_004449) fusion: c.56-1047:TMPRSS2_c.40-54812:ERGdel | Transcript Fusion {TMPRSS2:ERG}	NA
EVT-P-0060653-T01-IM7-756	P-0060653-T01-IM7		TMPRSS2-ERG	ERG	out-of-frame	five_prime	42879091	1	19	True	lost	0.0	False		Trypsin; Scavenger receptor cysteine-rich domain		TMPRSS2 (NM_001135099) - ERG (NM_004449) fusion: c.55+786:TMPRSS2_c.39+12468:ERGdel | Protein Fusion: out of frame  {TMPRSS2:ERG}	NA
EVT-P-0040595-T01-IM6-757	P-0040595-T01-IM6		TMPRSS2-ERG	ERG	out-of-frame	five_prime	42870360	1	19	True	lost	0.0	False		Trypsin; Scavenger receptor cysteine-rich domain		TMPRSS2 (NM_001135099) - ERG (NM_182918) fusion: c.56-244:TMPRSS2_c.18+1439:ERGdel | Protein Fusion: out of frame  {TMPRSS2:ERG}	NA
EVT-P-0040611-T01-IM6-758	P-0040611-T01-IM6		TMPRSS2-ERG	ERG	in-frame	five_prime	42867713	2	42	True	lost	0.0	False		Trypsin; Scavenger receptor cysteine-rich domain		TMPRSS2 (NM_001135099) - ERG (NM_004449) fusion: c.127-1208:TMPRSS2_c.39+5853:ERGdel | Protein Fusion: in frame  {TMPRSS2:ERG}	NA
EVT-P-0040739-T01-IM6-759	P-0040739-T01-IM6		TMPRSS2-ERG	ERG	unknown	five_prime	42869197	2	42	True	lost	0.0	False		Trypsin; Scavenger receptor cysteine-rich domain		TMPRSS2 (NM_001135099) - ERG (NM_004449) fusion (TMPRSS2 exons 1-2 fused to ERG exons 4-11): c.126+849:TMPRSS2_ c.40-54985:ERGdel | Transcript Fusion {TMPRSS2:ERG}	NA
EVT-P-0034686-T01-IM6-760	P-0034686-T01-IM6		TMPRSS2-ERG	ERG	out-of-frame	five_prime	42875062	1	19	True	lost	0.0	False		Trypsin; Scavenger receptor cysteine-rich domain		TMPRSS2 (NM_001135099) - ERG (NM_004449) Fusion (TMPRSS2 exon1 with ERG exon1) : c.55+4815:TMPRSS2_c.40-59886:ERGdel | Protein Fusion: out of frame  {TMPRSS2:ERG}	NA
EVT-P-0047763-T01-IM6-761	P-0047763-T01-IM6		TMPRSS2-ERG	ERG	in-frame	five_prime	42867176	2	42	True	lost	0.0	False		Trypsin; Scavenger receptor cysteine-rich domain		TMPRSS2 (NM_001135099) - ERG (NM_182918) rearrangement: c.127-671:TMPRSS2_c.18+16055:ERGdel | Protein Fusion: in frame  {TMPRSS2:ERG}	NA
EVT-P-0040826-T02-IM6-762	P-0040826-T02-IM6		TMPRSS2-ERG	ERG	in-frame	five_prime	42869005	2	42	True	lost	0.0	False		Trypsin; Scavenger receptor cysteine-rich domain		TMPRSS2 (NM_001135099) - ERG (NM_004449) fusion: c.126+1041:TMPRSS2_c.39+61330:ERGdel | Protein Fusion: in frame  {TMPRSS2:ERG}	NA
EVT-P-0040826-T04-IM7-763	P-0040826-T04-IM7		TMPRSS2-ERG	ERG	in-frame	five_prime	42869009	2	42	True	lost	0.0	False		Trypsin; Scavenger receptor cysteine-rich domain		TMPRSS2 (NM_001135099) - ERG (NM_004449) fusion: c.126+1037:TMPRSS2_c.39+61330:ERGdel | Protein Fusion: in frame  {TMPRSS2:ERG}	NA
EVT-P-0051820-T01-IM6-764	P-0051820-T01-IM6		TMPRSS2-ERG	ERG	out-of-frame	five_prime	42870953	1	19	True	lost	0.0	False		Trypsin; Scavenger receptor cysteine-rich domain		TMPRSS2 (NM_001135099) - ERG (NM_182918) rearrangement: c.56-837:TMPRSS2_c.18+19843:ERGdel | Protein Fusion: out of frame  {TMPRSS2:ERG}	NA
EVT-P-0060587-T02-IM7-765	P-0060587-T02-IM7		TMPRSS2-ERG	ERG	out-of-frame	five_prime	42874839	1	19	True	lost	0.0	False		Trypsin; Scavenger receptor cysteine-rich domain		TMPRSS2 (NM_001135099) - ERG (NM_182918) fusion: c.56-4723:TMPRSS2_c.18+4915:ERGdel | Protein Fusion: out of frame  {TMPRSS2:ERG}	NA
EVT-P-0060587-T01-IM7-766	P-0060587-T01-IM7		TMPRSS2-ERG	ERG	out-of-frame	five_prime	42874839	1	19	True	lost	0.0	False		Trypsin; Scavenger receptor cysteine-rich domain		TMPRSS2 (NM_001135099) - ERG (NM_182918) fusion: c.56-4723:TMPRSS2_c.18+4915:ERGdel | Protein Fusion: out of frame  {TMPRSS2:ERG}	NA
EVT-P-0041027-T01-IM6-767	P-0041027-T01-IM6		TMPRSS2-ERG	ERG	out-of-frame	five_prime	42875665	1	19	True	lost	0.0	False		Trypsin; Scavenger receptor cysteine-rich domain		TMPRSS2 (NM_001135099) - ERG (NM_182918) fusion: c.55+4212:TMPRSS2_c.18+1068:ERGdel | Protein Fusion: out of frame  {TMPRSS2:ERG}	NA
EVT-P-0041034-T01-IM6-768	P-0041034-T01-IM6		TMPRSS2-ERG	ERG	out-of-frame	five_prime	42871642	1	19	True	lost	0.0	False		Trypsin; Scavenger receptor cysteine-rich domain		TMPRSS2 (NM_001135099) - ERG (NM_182918) fusion: c.56-1526:TMPRSS2_c.18+3778:ERGdel | Protein Fusion: out of frame  {TMPRSS2:ERG}	NA
EVT-P-0060520-T01-IM7-769	P-0060520-T01-IM7		TMPRSS2-ERG	ERG	out-of-frame	five_prime	42875063	1	19	True	lost	0.0	False		Trypsin; Scavenger receptor cysteine-rich domain		TMPRSS2 (NM_001135099) - ERG (NM_182918) fusion: c.55+4814:TMPRSS2_c.18+26130:ERGdel | Protein Fusion: out of frame  {TMPRSS2:ERG}	NA
EVT-P-0060408-T01-IM7-770	P-0060408-T01-IM7		TMPRSS2-ERG	ERG	out-of-frame	five_prime	42876301	1	19	True	lost	0.0	False		Trypsin; Scavenger receptor cysteine-rich domain		TMPRSS2 (NM_001135099) - ERG (NM_182918) fusion: c.55+3576:TMPRSS2_c.19-24334:ERGdel | Protein Fusion: out of frame  {TMPRSS2:ERG}	NA
EVT-P-0041196-T01-IM6-771	P-0041196-T01-IM6		TMPRSS2-ERG	ERG	out-of-frame	five_prime	42875776	1	19	True	lost	0.0	False		Trypsin; Scavenger receptor cysteine-rich domain		TMPRSS2 (NM_001135099) - ERG (NM_004449) rearrangement: c.55+4101:TMPRSS2_c.40-60529:ERGdel | Protein Fusion: out of frame  {TMPRSS2:ERG}	NA
EVT-P-0060407-T01-IM7-772	P-0060407-T01-IM7		TMPRSS2-ERG	ERG	out-of-frame	five_prime	42872597	1	19	True	lost	0.0	False		Trypsin; Scavenger receptor cysteine-rich domain		TMPRSS2 (NM_001135099) - ERG (NM_182918) fusion: c.56-2481:TMPRSS2_c.18+6099:ERGdel | Protein Fusion: out of frame  {TMPRSS2:ERG}	NA
EVT-P-0041461-T01-IM6-773	P-0041461-T01-IM6		TMPRSS2-ERG	ERG	in-frame	five_prime	42868395	2	42	True	lost	0.0	False		Trypsin; Scavenger receptor cysteine-rich domain		TMPRSS2 (NM_001135099) - ERG (NM_182918) rearrangement: c.126+1651:TMPRSS2_c.18+15743:ERGdel | Protein Fusion: in frame  {TMPRSS2:ERG}	NA
EVT-P-0041549-T01-IM6-774	P-0041549-T01-IM6		TMPRSS2-ERG	ERG	in-frame	five_prime	42867111	2	42	True	lost	0.0	False		Trypsin; Scavenger receptor cysteine-rich domain		TMPRSS2 (NM_001135099) - ERG (NM_182918) fusion: c.127-606:TMPRSS2_c.18+16516:ERGdel | Protein Fusion: in frame  {TMPRSS2:ERG}	NA
EVT-P-0060207-T01-IM7-776	P-0060207-T01-IM7		TMPRSS2-ERG	ERG	out-of-frame	five_prime	42871230	1	19	True	lost	0.0	False		Trypsin; Scavenger receptor cysteine-rich domain		TMPRSS2 (NM_001135099) - ERG (NM_182918) fusion: c.56-1114:TMPRSS2_c.18+1310:ERGdel | Protein Fusion: out of frame  {TMPRSS2:ERG}	NA
EVT-P-0041602-T01-IM6-777	P-0041602-T01-IM6		TMPRSS2-ERG	ERG	out-of-frame	five_prime	42875730	1	19	True	lost	0.0	False		Trypsin; Scavenger receptor cysteine-rich domain		TMPRSS2 (NM_001135099) - ERG (NM_004449) fusion: c.55+4147:TMPRSS2_c.39+6989:ERGdel | Protein Fusion: out of frame  {TMPRSS2:ERG}	NA
EVT-P-0041610-T01-IM6-778	P-0041610-T01-IM6		TMPRSS2-ERG	ERG	in-frame	five_prime	42869118	2	42	True	lost	0.0	False		Trypsin; Scavenger receptor cysteine-rich domain		TMPRSS2 (NM_001135099) - ERG (NM_182918) rearrangement: c.126+928:TMPRSS2_c.19-15841:ERGdel | Protein Fusion: in frame  {TMPRSS2:ERG}	NA
EVT-P-0041659-T01-IM6-779	P-0041659-T01-IM6		TMPRSS2-ERG	ERG	in-frame	five_prime	42868572	2	42	True	lost	0.0	False		Trypsin; Scavenger receptor cysteine-rich domain		TMPRSS2 (NM_001135099) - ERG (NM_004449) rearrangement: c.126+1474:TMPRSS2_c.40-62694:ERGdel | Protein Fusion: in frame  {TMPRSS2:ERG}	NA
EVT-P-0041944-T01-IM6-780	P-0041944-T01-IM6		TMPRSS2-ERG	ERG	unknown	five_prime	42871871	1	19	True	lost	0.0	False		Trypsin; Scavenger receptor cysteine-rich domain		TMPRSS2 (NM_001135099) - ERG (NM_004449) rearrangement: c.56-1755:TMPRSS2_c.40-52948:ERGdel | Transcript Fusion {TMPRSS2:ERG}	NA
EVT-P-0041945-T01-IM6-781	P-0041945-T01-IM6		TMPRSS2-ERG	ERG	in-frame	five_prime	42867165	2	42	True	lost	0.0	False		Trypsin; Scavenger receptor cysteine-rich domain		TMPRSS2 (NM_001135099) - ERG (NM_182918) rearrangement: c.127-660:TMPRSS2_c.18+1836:ERGdel | Protein Fusion: in frame  {TMPRSS2:ERG}	NA
EVT-P-0060161-T01-IM7-782	P-0060161-T01-IM7		TMPRSS2-ERG	ERG	out-of-frame	five_prime	42877348	1	19	True	lost	0.0	False		Trypsin; Scavenger receptor cysteine-rich domain		TMPRSS2 (NM_001135099) - ERG (NM_004449) fusion: c.55+2529:TMPRSS2_c.39+12286:ERGdel | Protein Fusion: out of frame  {TMPRSS2:ERG}	NA
EVT-P-0042048-T01-IM6-783	P-0042048-T01-IM6		TMPRSS2-ERG	ERG	out-of-frame	five_prime	42873768	1	19	True	lost	0.0	False		Trypsin; Scavenger receptor cysteine-rich domain		TMPRSS2 (NM_001135099) - ERG (NM_004449) rearrangement: c.56-3652:TMPRSS2_c.39+59577:ERGdel | Protein Fusion: out of frame  {TMPRSS2:ERG}	NA
EVT-P-0060028-T01-IM7-784	P-0060028-T01-IM7		TMPRSS2-ERG	ERG	unknown	five_prime	42870301	1	19	True	lost	0.0	False		Trypsin; Scavenger receptor cysteine-rich domain		TMPRSS2 (NM_001135099) - ERG (NM_182918) fusion: c.56-185:TMPRSS2_c.71:ERGdel | Protein Fusion: mid-exon  {TMPRSS2:ERG}	NA
EVT-P-0042252-T01-IM6-786	P-0042252-T01-IM6		TMPRSS2-ERG	ERG	out-of-frame	five_prime	42873520	1	19	True	lost	0.0	False		Trypsin; Scavenger receptor cysteine-rich domain		TMPRSS2 (NM_001135099) - ERG (NM_182918) fusion: c.56-3404:TMPRSS2_c.19-24065:ERGdel | Protein Fusion: out of frame  {TMPRSS2:ERG}	NA
EVT-P-0042276-T01-IM6-787	P-0042276-T01-IM6		TMPRSS2-ERG	ERG	out-of-frame	five_prime	42873029	1	19	True	lost	0.0	False		Trypsin; Scavenger receptor cysteine-rich domain		TMPRSS2 (NM_001135099) - ERG (NM_182918) rearrangement: c.56-2913:TMPRSS2_c.18+14783:ERGdel | Protein Fusion: out of frame  {TMPRSS2:ERG}	NA
EVT-P-0042341-T01-IM6-788	P-0042341-T01-IM6		TMPRSS2-ERG	ERG	out-of-frame	five_prime	42874194	1	19	True	lost	0.0	False		Trypsin; Scavenger receptor cysteine-rich domain		TMPRSS2 (NM_001135099) - ERG (NM_004449) rearrangement: c.56-4078:TMPRSS2_c.40-62578:ERGdel | Protein Fusion: out of frame  {TMPRSS2:ERG}	NA
EVT-P-0059934-T01-IM7-789	P-0059934-T01-IM7		TMPRSS2-ERG	ERG	out-of-frame	five_prime	42875622	1	19	True	lost	0.0	False		Trypsin; Scavenger receptor cysteine-rich domain		TMPRSS2 (NM_001135099) - ERG (NM_004449) fusion: c.55+4255:TMPRSS2_c.40-64669:ERGdel | Protein Fusion: out of frame  {TMPRSS2:ERG}	NA
EVT-P-0042378-T01-IM6-790	P-0042378-T01-IM6		TMPRSS2-ERG	ERG	out-of-frame	five_prime	42877942	1	19	True	lost	0.0	False		Trypsin; Scavenger receptor cysteine-rich domain		TMPRSS2 (NM_001135099) - ERG (NM_182918) rearrangement: c.55+1935:TMPRSS2_c.18+16715:ERGdel | Protein Fusion: out of frame  {TMPRSS2:ERG}	NA
EVT-P-0059855-T02-IM7-791	P-0059855-T02-IM7		TMPRSS2-ERG	ERG	out-of-frame	five_prime	42877029	1	19	True	lost	0.0	False		Trypsin; Scavenger receptor cysteine-rich domain		TMPRSS2 (NM_001135099) - ERG (NM_182918) fusion: c.55+2848:TMPRSS2_c.18+4607:ERGdel | Protein Fusion: out of frame  {TMPRSS2:ERG}	NA
EVT-P-0042663-T01-IM6-793	P-0042663-T01-IM6		TMPRSS2-ERG	ERG	out-of-frame	five_prime	42873130	1	19	True	lost	0.0	False		Trypsin; Scavenger receptor cysteine-rich domain		TMPRSS2 (NM_001135099) - ERG (NM_182918) fusion: c.56-3014:TMPRSS2_c.18+20952:ERGdel | Protein Fusion: out of frame  {TMPRSS2:ERG}	NA
EVT-P-0069777-T01-IM7-794	P-0069777-T01-IM7		TMPRSS2-ERG	ERG	out-of-frame	five_prime	42873938	1	19	True	lost	0.0	False		Trypsin; Scavenger receptor cysteine-rich domain		TMPRSS2 (NM_001135099) - ERG (NM_182918) fusion: c.56-3822:TMPRSS2_c.19-17096:ERGdel | Protein Fusion: out of frame  {TMPRSS2:ERG}	NA
EVT-P-0042711-T01-IM6-795	P-0042711-T01-IM6		TMPRSS2-ERG	ERG	out-of-frame	five_prime	42870659	1	19	True	lost	0.0	False		Trypsin; Scavenger receptor cysteine-rich domain		TMPRSS2 (NM_001135099) - ERG (NM_004449) rearrangement: c.56-543:TMPRSS2_c.40-59085:ERGdel | Protein Fusion: out of frame  {TMPRSS2:ERG}	NA
EVT-P-0042711-T02-IM6-796	P-0042711-T02-IM6		TMPRSS2-ERG	ERG	out-of-frame	five_prime	42870659	1	19	True	lost	0.0	False		Trypsin; Scavenger receptor cysteine-rich domain		TMPRSS2 (NM_001135099) - ERG (NM_004449) rearrangement: c.56-543:TMPRSS2_c.40-59085:ERGdel | Protein Fusion: out of frame  {TMPRSS2:ERG}	NA
EVT-P-0042826-T01-IM6-797	P-0042826-T01-IM6		TMPRSS2-ERG	ERG	out-of-frame	five_prime	42870856	1	19	True	lost	0.0	False		Trypsin; Scavenger receptor cysteine-rich domain		TMPRSS2 (NM_001135099) - ERG (NM_182918) rearrangement: c.56-740:TMPRSS2_c.18+14519:ERGdel | Protein Fusion: out of frame  {TMPRSS2:ERG}	NA
EVT-P-0042830-T01-IM6-798	P-0042830-T01-IM6		TMPRSS2-ERG	ERG	unknown	five_prime	42873124	1	19	True	lost	0.0	False		Trypsin; Scavenger receptor cysteine-rich domain		TMPRSS2 (NM_001135099) - ERG (NM_004449) fusion: c.56-3008:TMPRSS2_c.40-53644:ERGdel | Transcript Fusion {TMPRSS2:ERG}	NA
EVT-P-0059796-T01-IM7-799	P-0059796-T01-IM7		TMPRSS2-ERG	ERG	out-of-frame	five_prime	42872204	1	19	True	lost	0.0	False		Trypsin; Scavenger receptor cysteine-rich domain		TMPRSS2 (NM_001135099) - ERG (NM_004449) fusion: c.56-2088:TMPRSS2_c.39+48378:ERGdel | Protein Fusion: out of frame  {TMPRSS2:ERG}	NA
EVT-P-0042990-T01-IM6-800	P-0042990-T01-IM6		TMPRSS2-ERG	ERG	in-frame	five_prime	42868022	2	42	True	lost	0.0	False		Trypsin; Scavenger receptor cysteine-rich domain		TMPRSS2 (NM_001135099) - ERG (NM_004449) rearrangement: c.127-1517:TMPRSS2_c.39+57418:ERGdel | Protein Fusion: in frame  {TMPRSS2:ERG}	NA
EVT-P-0042990-T03-IM7-801	P-0042990-T03-IM7		TMPRSS2-ERG	ERG	in-frame	five_prime	42868022	2	42	True	lost	0.0	False		Trypsin; Scavenger receptor cysteine-rich domain		TMPRSS2 (NM_001135099) - ERG (NM_004449) fusion: c.127-1517:TMPRSS2_c.39+57418:ERGdel | Protein Fusion: in frame  {TMPRSS2:ERG}	NA
EVT-P-0043029-T01-IM6-802	P-0043029-T01-IM6		TMPRSS2-ERG	ERG	out-of-frame	five_prime	42878149	1	19	True	lost	0.0	False		Trypsin; Scavenger receptor cysteine-rich domain		TMPRSS2 (NM_001135099) - ERG (NM_182918) fusion: c.55+1728:TMPRSS2_c.18+13223:ERGdel | Protein Fusion: out of frame  {TMPRSS2:ERG}	NA
EVT-P-0043336-T01-IM6-803	P-0043336-T01-IM6		TMPRSS2-ERG	ERG	out-of-frame	five_prime	42875193	1	19	True	lost	0.0	False		Trypsin; Scavenger receptor cysteine-rich domain		TMPRSS2 (NM_001135099) - ERG (NM_182918) rearrangement: c.55+4684:TMPRSS2_c.19-14284:ERGdel | Protein Fusion: out of frame  {TMPRSS2:ERG}	NA
EVT-P-0005636-T03-IM6-804	P-0005636-T03-IM6		TMPRSS2-ERG	ERG	out-of-frame	five_prime	42875117	1	19	True	lost	0.0	False		Trypsin; Scavenger receptor cysteine-rich domain		TMPRSS2 (NM_001135099) - ERG (NM_182918) fusion: c.55+4760:TMPRSS2_c.19-17111:ERGdel | Protein Fusion: out of frame  {TMPRSS2:ERG}	NA
EVT-P-0043416-T01-IM6-805	P-0043416-T01-IM6		TMPRSS2-ERG	ERG	out-of-frame	five_prime	42873916	1	19	True	lost	0.0	False		Trypsin; Scavenger receptor cysteine-rich domain		TMPRSS2 (NM_001135099) - ERG (NM_182918) fusion: c.56-3800:TMPRSS2_c.19-13761:ERGdel | Protein Fusion: out of frame  {TMPRSS2:ERG}	NA
EVT-P-0059791-T02-IM7-806	P-0059791-T02-IM7		TMPRSS2-ERG	ERG	in-frame	five_prime	42867678	2	42	True	lost	0.0	False		Trypsin; Scavenger receptor cysteine-rich domain		TMPRSS2 (NM_001135099) - ERG (NM_004449) fusion: c.127-1173:TMPRSS2_c.39+38715:ERGdel | Protein Fusion: in frame  {TMPRSS2:ERG}	NA
EVT-P-0043489-T01-IM6-807	P-0043489-T01-IM6		TMPRSS2-ERG	ERG	in-frame	five_prime	42868685	2	42	True	lost	0.0	False		Trypsin; Scavenger receptor cysteine-rich domain		TMPRSS2 (NM_001135099) - ERG (NM_182918) rearrangement: c.126+1361:TMPRSS2_c.18+110:ERGdel | Protein Fusion: in frame  {TMPRSS2:ERG}	NA
EVT-P-0059769-T01-IM7-808	P-0059769-T01-IM7		TMPRSS2-ERG	ERG	out-of-frame	five_prime	42874733	1	19	True	lost	0.0	False		Trypsin; Scavenger receptor cysteine-rich domain		TMPRSS2 (NM_001135099) - ERG (NM_004449) fusion: c.56-4617:TMPRSS2_c.39+33827:ERGdel | Protein Fusion: out of frame  {TMPRSS2:ERG}	NA
EVT-P-0043581-T01-IM6-809	P-0043581-T01-IM6		TMPRSS2-ERG	ERG	in-frame	five_prime	42867191	2	42	True	lost	0.0	False		Trypsin; Scavenger receptor cysteine-rich domain		TMPRSS2 (NM_001135099) - ERG (NM_004449) rearrangement: c.127-686:TMPRSS2_c.39+8942:ERGdel | Protein Fusion: in frame  {TMPRSS2:ERG}	NA
EVT-P-0005596-T01-IM5-810	P-0005596-T01-IM5		TMPRSS2-ERG	ERG	out-of-frame	five_prime	42872344	1	19	True	lost	0.0	False		Trypsin; Scavenger receptor cysteine-rich domain		TMPRSS2 (NM_001135099) - ERG (NM_182918) fusion (TMPRSS2 exon1 with ERG exons 2-10): c.56-2228:TMPRSS2_c.19-8779:ERGdel | Protein fusion: out of frame (TMPRSS2-ERG)	NA
EVT-P-0059628-T01-IM7-811	P-0059628-T01-IM7		TMPRSS2-ERG	ERG	out-of-frame	five_prime	42874796	1	19	True	lost	0.0	False		Trypsin; Scavenger receptor cysteine-rich domain		TMPRSS2 (NM_001135099) - ERG (NM_004449) fusion: c.56-4680:TMPRSS2_c.39+32269:ERGdel | Protein Fusion: out of frame  {TMPRSS2:ERG}	NA
EVT-P-0059595-T01-IM7-812	P-0059595-T01-IM7		TMPRSS2-ERG	ERG	in-frame	five_prime	42866993	2	42	True	lost	0.0	False		Trypsin; Scavenger receptor cysteine-rich domain		TMPRSS2 (NM_001135099) - ERG (NM_182918) fusion: c.127-488:TMPRSS2_c.19-13714:ERGdel | Protein Fusion: in frame  {TMPRSS2:ERG}	NA
EVT-P-0043699-T01-IM6-813	P-0043699-T01-IM6		TMPRSS2-ERG	ERG	out-of-frame	five_prime	42871180	1	19	True	lost	0.0	False		Trypsin; Scavenger receptor cysteine-rich domain		TMPRSS2 (NM_001135099) - ERG (NM_182918) fusion: c.56-1064:TMPRSS2_c.18+19751:ERGdel | Protein Fusion: out of frame  {TMPRSS2:ERG}	NA
EVT-P-0059425-T01-IM7-814	P-0059425-T01-IM7		TMPRSS2-ERG	ERG	out-of-frame	five_prime	42874735	1	19	True	lost	0.0	False		Trypsin; Scavenger receptor cysteine-rich domain		TMPRSS2 (NM_001135099) - ERG (NM_182918) fusion: c.56-4619:TMPRSS2_c.19-19230:ERGdel | Protein Fusion: out of frame  {TMPRSS2:ERG}	NA
EVT-P-0043904-T01-IM6-815	P-0043904-T01-IM6		TMPRSS2-ERG	ERG	out-of-frame	five_prime	42870229	1	19	True	lost	0.0	False		Trypsin; Scavenger receptor cysteine-rich domain		TMPRSS2 (NM_001135099) - ERG (NM_182918) fusion: c.56-113:TMPRSS2_c.236+10174:ERGdel | Protein Fusion: out of frame  {TMPRSS2:ERG}	NA
EVT-P-0051599-T01-IM6-816	P-0051599-T01-IM6		TMPRSS2-ERG	ERG	out-of-frame	five_prime	42875395	1	19	True	lost	0.0	False		Trypsin; Scavenger receptor cysteine-rich domain		TMPRSS2 (NM_001135099) - ERG (NM_182918) rearrangement: c.55+4482:TMPRSS2_c.18+404:ERGdel | Protein Fusion: out of frame  {TMPRSS2:ERG}	NA
EVT-P-0044218-T01-IM6-817	P-0044218-T01-IM6		TMPRSS2-ERG	ERG	out-of-frame	five_prime	42871786	1	19	True	lost	0.0	False		Trypsin; Scavenger receptor cysteine-rich domain		TMPRSS2 (NM_001135099) - ERG (NM_182918) rearrangement: c.56-1670:TMPRSS2_c.18+6374:ERGdel | Protein Fusion: out of frame  {TMPRSS2:ERG}	NA
EVT-P-0044245-T01-IM6-818	P-0044245-T01-IM6		TMPRSS2-ERG	ERG	unknown	five_prime	42874614	1	19	True	lost	0.0	False		Trypsin; Scavenger receptor cysteine-rich domain		TMPRSS2 (NM_001135099) - ERG (NM_004449) rearrangement: c.56-4498:TMPRSS2_c.40-53757:ERGdel | Transcript Fusion {TMPRSS2:ERG}	NA
EVT-P-0044256-T01-IM6-819	P-0044256-T01-IM6		TMPRSS2-ERG	ERG	in-frame	five_prime	42869107	2	42	True	lost	0.0	False		Trypsin; Scavenger receptor cysteine-rich domain		TMPRSS2 (NM_001135099) - ERG (NM_182918) fusion: c.126+939:TMPRSS2_c.18+22179:ERGdel | Protein Fusion: in frame  {TMPRSS2:ERG}	NA
EVT-P-0044258-T01-IM6-820	P-0044258-T01-IM6		TMPRSS2-ERG	ERG	out-of-frame	five_prime	42876582	1	19	True	lost	0.0	False		Trypsin; Scavenger receptor cysteine-rich domain		TMPRSS2 (NM_001135099) - ERG (NM_004449) fusion: c.55+3295:TMPRSS2_c.39+20043:ERGdel | Protein Fusion: out of frame  {TMPRSS2:ERG}	NA
EVT-P-0051585-T01-IM6-821	P-0051585-T01-IM6		TMPRSS2-ERG	ERG	out-of-frame	five_prime	42878040	1	19	True	lost	0.0	False		Trypsin; Scavenger receptor cysteine-rich domain		TMPRSS2 (NM_001135099) - ERG (NM_004449) fusion: c.55+1837:TMPRSS2_c.39+63918:ERGdel | Protein Fusion: out of frame  {TMPRSS2:ERG}	NA
EVT-P-0044288-T01-IM6-822	P-0044288-T01-IM6		TMPRSS2-ERG	ERG	out-of-frame	five_prime	42875413	1	19	True	lost	0.0	False		Trypsin; Scavenger receptor cysteine-rich domain		TMPRSS2 (NM_001135099) - ERG (NM_182918) rearrangement: c.55+4464:TMPRSS2_c.18+3461:ERGdel | Protein Fusion: out of frame  {TMPRSS2:ERG}	NA
EVT-P-0044376-T01-IM6-823	P-0044376-T01-IM6		TMPRSS2-ERG	ERG	out-of-frame	five_prime	42874740	1	19	True	lost	0.0	False		Trypsin; Scavenger receptor cysteine-rich domain		TMPRSS2 (NM_001135099) - ERG (NM_004449) rearrangement: c.56-4624:TMPRSS2_c.39+51402:ERGdel | Protein Fusion: out of frame  {TMPRSS2:ERG}	NA
EVT-P-0059361-T01-IM7-824	P-0059361-T01-IM7		TMPRSS2-ERG	ERG	out-of-frame	five_prime	42874877	1	19	True	lost	0.0	False		Trypsin; Scavenger receptor cysteine-rich domain		TMPRSS2 (NM_001135099) - ERG (NM_182918) fusion: c.56-4761:TMPRSS2_c.18+967:ERGdel | Protein Fusion: out of frame  {TMPRSS2:ERG}	NA
EVT-P-0044656-T01-IM6-825	P-0044656-T01-IM6		TMPRSS2-ERG	ERG	out-of-frame	five_prime	42873818	1	19	True	lost	0.0	False		Trypsin; Scavenger receptor cysteine-rich domain		TMPRSS2 (NM_001135099) - ERG (NM_182918) fusion: c.56-3702:TMPRSS2_c.18+1310:ERGdel | Protein Fusion: out of frame  {TMPRSS2:ERG}	NA
EVT-P-0059314-T01-IM7-826	P-0059314-T01-IM7		TMPRSS2-ERG	ERG	in-frame	five_prime	42869587	2	42	True	lost	0.0	False		Trypsin; Scavenger receptor cysteine-rich domain		TMPRSS2 (NM_001135099) - ERG (NM_182918) fusion: c.126+459:TMPRSS2_c.18+2094:ERGdel | Protein Fusion: in frame  {TMPRSS2:ERG}	NA
EVT-P-0045146-T01-IM6-827	P-0045146-T01-IM6		TMPRSS2-ERG	ERG	in-frame	five_prime	42869703	2	42	True	lost	0.0	False		Trypsin; Scavenger receptor cysteine-rich domain		TMPRSS2 (NM_001135099) - ERG (NM_182918) fusion (TMPRSS2 exon2 fused with ERG exon2): c.126+343:TMPRSS2_c.18+8891:ERGdel | Protein Fusion: in frame  {TMPRSS2:ERG}	NA
EVT-P-0045158-T01-IM6-828	P-0045158-T01-IM6		TMPRSS2-ERG	ERG	out-of-frame	five_prime	42874522	1	19	True	lost	0.0	False		Trypsin; Scavenger receptor cysteine-rich domain		TMPRSS2 (NM_001135099) - ERG (NM_004449) rearrangement: c.56-4406:TMPRSS2_c.39+51706:ERGdel | Protein Fusion: out of frame  {TMPRSS2:ERG}	NA
EVT-P-0045237-T01-IM6-829	P-0045237-T01-IM6		TMPRSS2-ERG	ERG	out-of-frame	five_prime	42873544	1	19	True	lost	0.0	False		Trypsin; Scavenger receptor cysteine-rich domain		TMPRSS2 (NM_001135099) - ERG (NM_182918) rearrangement: c.56-3428:TMPRSS2_c.18+5115:ERGdel | Protein Fusion: out of frame  {TMPRSS2:ERG}	NA
EVT-P-0045286-T01-IM6-830	P-0045286-T01-IM6		TMPRSS2-ERG	ERG	in-frame	five_prime	42868422	2	42	True	lost	0.0	False		Trypsin; Scavenger receptor cysteine-rich domain		TMPRSS2 (NM_001135099) - ERG (NM_182918) rearrangement: c.126+1624:TMPRSS2_c.19-13251:ERGdel | Protein Fusion: in frame  {TMPRSS2:ERG}	NA
EVT-P-0045291-T01-IM6-831	P-0045291-T01-IM6		TMPRSS2-ERG	ERG	out-of-frame	five_prime	42875700	1	19	True	lost	0.0	False		Trypsin; Scavenger receptor cysteine-rich domain		TMPRSS2 (NM_001135099) - ERG (NM_182918) rearrangement: c.55+4177:TMPRSS2_c.18+8298:ERGdel | Protein Fusion: out of frame  {TMPRSS2:ERG}	NA
EVT-P-0045358-T01-IM6-832	P-0045358-T01-IM6		TMPRSS2-ERG	ERG	out-of-frame	five_prime	42873613	1	19	True	lost	0.0	False		Trypsin; Scavenger receptor cysteine-rich domain		TMPRSS2 (NM_001135099) - ERG (NM_182918) fusion: c.56-3497:TMPRSS2_c.237-3947:ERGdel | Protein Fusion: out of frame  {TMPRSS2:ERG}	NA
EVT-P-0025097-T03-IM6-833	P-0025097-T03-IM6		TMPRSS2-ERG	ERG	out-of-frame	five_prime	42875596	1	19	True	lost	0.0	False		Trypsin; Scavenger receptor cysteine-rich domain		TMPRSS2 (NM_001135099) - ERG (NM_004449) rearrangement: c.55+4281:TMPRSS2_c.40-57110:ERGdel | Protein Fusion: out of frame  {TMPRSS2:ERG}	NA
EVT-P-0045546-T01-IM6-834	P-0045546-T01-IM6		TMPRSS2-ERG	ERG	out-of-frame	five_prime	42870517	1	19	True	lost	0.0	False		Trypsin; Scavenger receptor cysteine-rich domain		TMPRSS2 (NM_001135099) - ERG (NM_004449) rearrangement: c.56-401:TMPRSS2_c.40-57469:ERGdel | Protein Fusion: out of frame  {TMPRSS2:ERG}	NA
EVT-P-0051550-T01-IM6-835	P-0051550-T01-IM6		TMPRSS2-ERG	ERG	out-of-frame	five_prime	42871766	1	19	True	lost	0.0	False		Trypsin; Scavenger receptor cysteine-rich domain		TMPRSS2 (NM_001135099) - ERG (NM_182918) rearrangement: c.56-1650:TMPRSS2_c.18+7664:ERGdel | Protein Fusion: out of frame  {TMPRSS2:ERG}	NA
EVT-P-0069200-T01-IM7-836	P-0069200-T01-IM7		TMPRSS2-ERG	ERG	in-frame	five_prime	42868105	2	42	True	lost	0.0	False		Trypsin; Scavenger receptor cysteine-rich domain		TMPRSS2 (NM_001135099) - ERG (NM_182918) fusion: c.127-1600:TMPRSS2_c.18+6797:ERGdel | Protein Fusion: in frame  {TMPRSS2:ERG}	NA
EVT-P-0046315-T01-IM6-837	P-0046315-T01-IM6		TMPRSS2-ERG	ERG	out-of-frame	five_prime	42878705	1	19	True	lost	0.0	False		Trypsin; Scavenger receptor cysteine-rich domain		TMPRSS2 (NM_001135099) - ERG (NM_004449) rearrangement: c.55+1172:TMPRSS2_c.40-61021:ERGdel | Protein Fusion: out of frame  {TMPRSS2:ERG}	NA
EVT-P-0046362-T01-IM6-838	P-0046362-T01-IM6		TMPRSS2-ERG	ERG	out-of-frame	five_prime	42877789	1	19	True	lost	0.0	False		Trypsin; Scavenger receptor cysteine-rich domain		TMPRSS2 (NM_001135099) - ERG (NM_004449) rearrangement: c.55+2088:TMPRSS2_c.40-58426:ERGdel | Protein Fusion: out of frame  {TMPRSS2:ERG}	NA
EVT-P-0046463-T01-IM6-839	P-0046463-T01-IM6		TMPRSS2-ERG	ERG	unknown	five_prime	42874938	1	19	True	lost	0.0	False		Trypsin; Scavenger receptor cysteine-rich domain		TMPRSS2 (NM_001135099) - ERG (NM_004449) rearrangement: c.56-4822:TMPRSS2_c.40-53654:ERGdel | Transcript Fusion {TMPRSS2:ERG}	NA
EVT-P-0046569-T01-IM6-840	P-0046569-T01-IM6		TMPRSS2-ERG	ERG	in-frame	five_prime	42869520	2	42	True	lost	0.0	False		Trypsin; Scavenger receptor cysteine-rich domain		TMPRSS2 (NM_001135099) - ERG (NM_182918) rearrangement: c.126+526:TMPRSS2_c.19-19800:ERGdel | Protein Fusion: in frame  {TMPRSS2:ERG}	NA
EVT-P-0046586-T01-IM6-841	P-0046586-T01-IM6		TMPRSS2-ERG	ERG	out-of-frame	five_prime	42873563	1	19	True	lost	0.0	False		Trypsin; Scavenger receptor cysteine-rich domain		TMPRSS2 (NM_001135099) - ERG (NM_182918) fusion: c.56-3447:TMPRSS2_c.19-14644:ERGdel | Protein Fusion: out of frame  {TMPRSS2:ERG}	NA
EVT-P-0046713-T01-IM6-842	P-0046713-T01-IM6		TMPRSS2-ERG	ERG	out-of-frame	five_prime	42870458	1	19	True	lost	0.0	False		Trypsin; Scavenger receptor cysteine-rich domain		TMPRSS2 (NM_001135099) - ERG (NM_004449) rearrangement: c.56-342:TMPRSS2_c.40-57445:ERGdel | Protein Fusion: out of frame  {TMPRSS2:ERG}	NA
EVT-P-0069271-T01-IM7-843	P-0069271-T01-IM7		TMPRSS2-ERG	ERG	out-of-frame	five_prime	42874617	1	19	True	lost	0.0	False		Trypsin; Scavenger receptor cysteine-rich domain		TMPRSS2 (NM_001135099) - ERG (NM_182918) fusion: c.56-4501:TMPRSS2_c.18+5464:ERGdel | Protein Fusion: out of frame  {TMPRSS2:ERG}	NA
EVT-P-0058957-T01-IM7-844	P-0058957-T01-IM7		TMPRSS2-ERG	ERG	out-of-frame	five_prime	42871565	1	19	True	lost	0.0	False		Trypsin; Scavenger receptor cysteine-rich domain		TMPRSS2 (NM_001135099) - ERG (NM_182918) fusion: c.56-1449:TMPRSS2_c.237-9218:ERGdel | Protein Fusion: out of frame  {TMPRSS2:ERG}	NA
EVT-P-0058564-T01-IM7-845	P-0058564-T01-IM7		TMPRSS2-ERG	ERG	out-of-frame	five_prime	42871142	1	19	True	lost	0.0	False		Trypsin; Scavenger receptor cysteine-rich domain		TMPRSS2 (NM_001135099) - ERG (NM_182918) fusion: c.56-1026:TMPRSS2_c.18+17168:ERGdel | Protein Fusion: out of frame  {TMPRSS2:ERG}	NA
EVT-P-0046838-T01-IM6-846	P-0046838-T01-IM6		TMPRSS2-ERG	ERG	out-of-frame	five_prime	42870435	1	19	True	lost	0.0	False		Trypsin; Scavenger receptor cysteine-rich domain		TMPRSS2 (NM_001135099) - ERG (NM_182918) fusion: c.56-319:TMPRSS2_c.19-18320:ERGdel | Protein Fusion: out of frame  {TMPRSS2:ERG}	NA
EVT-P-0046881-T01-IM6-847	P-0046881-T01-IM6		TMPRSS2-ERG	ERG	out-of-frame	five_prime	42877358	1	19	True	lost	0.0	False		Trypsin; Scavenger receptor cysteine-rich domain		TMPRSS2 (NM_001135099) - ERG (NM_182918) rearrangement: c.55+2519:TMPRSS2_c.18+14885:ERGdel | Protein Fusion: out of frame  {TMPRSS2:ERG}	NA
EVT-P-0055465-T01-IM6-848	P-0055465-T01-IM6		TMPRSS2-ERG	ERG	out-of-frame	five_prime	42876359	1	19	True	lost	0.0	False		Trypsin; Scavenger receptor cysteine-rich domain		TMPRSS2 (NM_001135099) - ERG (NM_182918) fusion: c.55+3518:TMPRSS2_c.18+25849:ERGdel | Protein Fusion: out of frame  {TMPRSS2:ERG}	NA
EVT-P-0047008-T01-IM6-849	P-0047008-T01-IM6		TMPRSS2-ERG	ERG	in-frame	five_prime	42868342	2	42	True	lost	0.0	False		Trypsin; Scavenger receptor cysteine-rich domain		TMPRSS2 (NM_001135099) - ERG (NM_004449) rearrangement: c.126+1704:TMPRSS2_c.39+10262:ERGdel | Protein Fusion: in frame  {TMPRSS2:ERG}	NA
EVT-P-0047008-T02-IM6-850	P-0047008-T02-IM6		TMPRSS2-ERG	ERG	in-frame	five_prime	42868342	2	42	True	lost	0.0	False		Trypsin; Scavenger receptor cysteine-rich domain		TMPRSS2 (NM_001135099) - ERG (NM_004449) rearrangement: c.126+1704:TMPRSS2_c.39+10262:ERGdel | Protein Fusion: in frame  {TMPRSS2:ERG}	NA
EVT-P-0047211-T01-IM6-851	P-0047211-T01-IM6		TMPRSS2-ERG	ERG	out-of-frame	five_prime	42875942	1	19	True	lost	0.0	False		Trypsin; Scavenger receptor cysteine-rich domain		TMPRSS2 (NM_001135099) - ERG (NM_182918) rearrangement: c.55+3935:TMPRSS2_c.18+1778:ERGdel | Protein Fusion: out of frame  {TMPRSS2:ERG}	NA
EVT-P-0047287-T01-IM6-852	P-0047287-T01-IM6		TMPRSS2-ERG	ERG	in-frame	five_prime	42867215	2	42	True	lost	0.0	False		Trypsin; Scavenger receptor cysteine-rich domain		TMPRSS2 (NM_001135099) - ERG (NM_182918) rearrangement: c.127-710:TMPRSS2_c.18+11070:ERGdel | Protein Fusion: in frame  {TMPRSS2:ERG}	NA
EVT-P-0047288-T01-IM6-853	P-0047288-T01-IM6		TMPRSS2-ERG	ERG	out-of-frame	five_prime	42877016	1	19	True	lost	0.0	False		Trypsin; Scavenger receptor cysteine-rich domain		TMPRSS2 (NM_001135099) - ERG (NM_004449) rearrangement: c.55+2861:TMPRSS2_c.40-56971:ERGdel | Protein Fusion: out of frame  {TMPRSS2:ERG}	NA
EVT-P-0058214-T01-IM6-854	P-0058214-T01-IM6		TMPRSS2-ERG	ERG	in-frame	five_prime	42868322	2	42	True	lost	0.0	False		Trypsin; Scavenger receptor cysteine-rich domain		TMPRSS2 (NM_001135099) - ERG (NM_182918) fusion: c.126+1724:TMPRSS2_c.19-57:ERGdel | Protein Fusion: in frame  {TMPRSS2:ERG}	NA
EVT-P-0054567-T01-IM6-855	P-0054567-T01-IM6		TMPRSS2-ERG	ERG	out-of-frame	five_prime	42876915	1	19	True	lost	0.0	False		Trypsin; Scavenger receptor cysteine-rich domain		TMPRSS2 (NM_001135099) - ERG (NM_004449) rearrangement: c.55+2962:TMPRSS2_c.40-60382:ERGdel | Protein Fusion: out of frame  {TMPRSS2:ERG}	NA
EVT-P-0054652-T01-IM6-856	P-0054652-T01-IM6		TMPRSS2-ERG	ERG	out-of-frame	five_prime	42874927	1	19	True	lost	0.0	False		Trypsin; Scavenger receptor cysteine-rich domain		TMPRSS2 (NM_001135099) - ERG (NM_004449) rearrangement: c.56-4811:TMPRSS2_c.40-59639:ERGdel | Protein Fusion: out of frame  {TMPRSS2:ERG}	NA
EVT-P-0054763-T01-IM6-857	P-0054763-T01-IM6		TMPRSS2-ERG	ERG	out-of-frame	five_prime	42874788	1	19	True	lost	0.0	False		Trypsin; Scavenger receptor cysteine-rich domain		TMPRSS2 (NM_001135099) - ERG (NM_182918) rearrangement: c.56-4672:TMPRSS2_c.19-4078:ERGdel | Protein Fusion: out of frame  {TMPRSS2:ERG}	NA
EVT-P-0057793-T01-IM6-858	P-0057793-T01-IM6		TMPRSS2-ERG	ERG	out-of-frame	five_prime	42871271	1	19	True	lost	0.0	False		Trypsin; Scavenger receptor cysteine-rich domain		TMPRSS2 (NM_001135099) - ERG (NM_182918) fusion: c.56-1155:TMPRSS2_c.18+5913:ERGdel | Protein Fusion: out of frame  {TMPRSS2:ERG}	NA
EVT-P-0047959-T01-IM6-859	P-0047959-T01-IM6		TMPRSS2-ERG	ERG	in-frame	five_prime	42868491	2	42	True	lost	0.0	False		Trypsin; Scavenger receptor cysteine-rich domain		TMPRSS2 (NM_001135099) - ERG (NM_182918) rearrangement: c.126+1555:TMPRSS2_c.18+174:ERGdel | Protein Fusion: in frame  {TMPRSS2:ERG}	NA
EVT-P-0048072-T01-IM6-860	P-0048072-T01-IM6		TMPRSS2-ERG	ERG	out-of-frame	five_prime	42870118	1	19	True	lost	0.0	False		Trypsin; Scavenger receptor cysteine-rich domain		TMPRSS2 (NM_001135099) - ERG (NM_004449) rearrangement: c.56-2:TMPRSS2_c.39+59528:ERGdel | Protein Fusion: out of frame  {TMPRSS2:ERG}	NA
EVT-P-0048103-T02-IM6-861	P-0048103-T02-IM6		TMPRSS2-ERG	ERG	unknown	five_prime	42873703	1	19	True	lost	0.0	False		Trypsin; Scavenger receptor cysteine-rich domain		TMPRSS2 (NM_001135099) - ERG (NM_004449): c.56-3587:TMPRSS2_c.40-54885:ERGdel | Transcript Fusion {TMPRSS2:ERG}	NA
EVT-P-0057760-T01-IM6-862	P-0057760-T01-IM6		TMPRSS2-ERG	ERG	unknown	five_prime	42871840	1	19	True	lost	0.0	False		Trypsin; Scavenger receptor cysteine-rich domain		TMPRSS2 (NM_001135099) - ERG (NM_004449 rearrangement: c.56-1724:TMPRSS2_chr21:c.40-55337del | Transcript Fusion {TMPRSS2:ERG}	NA
EVT-P-0057670-T01-IM6-864	P-0057670-T01-IM6		TMPRSS2-ERG	ERG	out-of-frame	five_prime	42879559	1	19	True	lost	0.0	False		Trypsin; Scavenger receptor cysteine-rich domain		TMPRSS2 (NM_001135099) - ERG (NM_182918) fusion: c.55+318:TMPRSS2_c.18+10524:ERGdel | Protein Fusion: out of frame  {TMPRSS2:ERG}	NA
EVT-P-0048507-T01-IM6-865	P-0048507-T01-IM6		TMPRSS2-ERG	ERG	in-frame	five_prime	42867504	2	42	True	lost	0.0	False		Trypsin; Scavenger receptor cysteine-rich domain		TMPRSS2 (NM_001135099) - ERG (NM_004449) rearrangement: c.127-999:TMPRSS2_c.39+51321:ERGdel | Protein Fusion: in frame  {TMPRSS2:ERG}	NA
EVT-P-0048708-T01-IM6-867	P-0048708-T01-IM6		TMPRSS2-ERG	ERG	in-frame	five_prime	42867957	2	42	True	lost	0.0	False		Trypsin; Scavenger receptor cysteine-rich domain		TMPRSS2 (NM_001135099) - ERG (NM_004449) rearrangement: c.127-1452:TMPRSS2_c.39+39917:ERGdel | Protein Fusion: in frame  {TMPRSS2:ERG}	NA
EVT-P-0051220-T01-IM6-868	P-0051220-T01-IM6		TMPRSS2-ERG	ERG	unknown	five_prime	42867633	2	42	True	lost	0.0	False		Trypsin; Scavenger receptor cysteine-rich domain		TMPRSS2 (NM_001135099) - ERG (NM_004449) fusion: c.127-1128:TMPRSS2_c.40-54394:ERGdel | Transcript Fusion {TMPRSS2:ERG}	NA
EVT-P-0048955-T01-IM6-869	P-0048955-T01-IM6		TMPRSS2-ERG	ERG	out-of-frame	five_prime	42868979	2	42	True	lost	0.0	False		Trypsin; Scavenger receptor cysteine-rich domain		TMPRSS2 (NM_001135099) - ERG (NM_182918) rearrangement: c.126+1067:TMPRSS2_c.237-4991:ERGdel | Protein Fusion: out of frame  {TMPRSS2:ERG}	NA
EVT-P-0057535-T01-IM6-870	P-0057535-T01-IM6		TMPRSS2-ERG	ERG	out-of-frame	five_prime	42875242	1	19	True	lost	0.0	False		Trypsin; Scavenger receptor cysteine-rich domain		TMPRSS2 (NM_001135099) - ERG (NM_182918) fusion: c.55+4635:TMPRSS2_c.18+2450:ERGdel | Protein Fusion: out of frame  {TMPRSS2:ERG}	NA
EVT-P-0057447-T01-IM6-871	P-0057447-T01-IM6		TMPRSS2-ERG	ERG	out-of-frame	five_prime	42874176	1	19	True	lost	0.0	False		Trypsin; Scavenger receptor cysteine-rich domain		TMPRSS2 (NM_001135099) - ERG (NM_182918) fusion: c.56-4060:TMPRSS2_c.18+11887:ERGdel | Protein Fusion: out of frame  {TMPRSS2:ERG}	NA
EVT-P-0048998-T01-IM6-872	P-0048998-T01-IM6		TMPRSS2-ERG	ERG	out-of-frame	five_prime	42872870	1	19	True	lost	0.0	False		Trypsin; Scavenger receptor cysteine-rich domain		TMPRSS2 (NM_001135099) - ERG (NM_182918) fusion: c.56-2754:TMPRSS2_c.19-3127:ERGdel | Protein Fusion: out of frame  {TMPRSS2:ERG}	NA
EVT-P-0049068-T01-IM6-873	P-0049068-T01-IM6		TMPRSS2-ERG	ERG	in-frame	five_prime	42867241	2	42	True	lost	0.0	False		Trypsin; Scavenger receptor cysteine-rich domain		TMPRSS2 (NM_001135099) - ERG (NM_182918) rearrangement: c.127-736:TMPRSS2_c.18+1656:ERGdel | Protein Fusion: in frame  {TMPRSS2:ERG}	NA
EVT-P-0025139-T02-IM7-874	P-0025139-T02-IM7		TMPRSS2-ERG	ERG	out-of-frame	five_prime	42872490	1	19	True	lost	0.0	False		Trypsin; Scavenger receptor cysteine-rich domain		TMPRSS2 (NM_001135099) - ERG (NM_004449) fusion: c.56-2374:TMPRSS2_c.39+37007:ERGdel | Protein Fusion: out of frame  {TMPRSS2:ERG}	NA
EVT-P-0057442-T02-IM7-875	P-0057442-T02-IM7		TMPRSS2-ERG	ERG	in-frame	five_prime	42866507	2	42	True	lost	0.0	False		Trypsin; Scavenger receptor cysteine-rich domain		TMPRSS2 (NM_001135099) - ERG (NM_182918) fusion: c.127-2:TMPRSS2_c.19-13865:ERGdel | Protein Fusion: in frame  {TMPRSS2:ERG}	NA
EVT-P-0049427-T01-IM6-876	P-0049427-T01-IM6		TMPRSS2-ERG	ERG	out-of-frame	five_prime	42873689	1	19	True	lost	0.0	False		Trypsin; Scavenger receptor cysteine-rich domain		TMPRSS2 (NM_001135099) - ERG (NM_004449) rearrangement: c.56-3573:TMPRSS2_c.39+64657:ERGdel | Protein Fusion: out of frame  {TMPRSS2:ERG}	NA
EVT-P-0049427-T03-IM6-877	P-0049427-T03-IM6		TMPRSS2-ERG	ERG	out-of-frame	five_prime	42873689	1	19	True	lost	0.0	False		Trypsin; Scavenger receptor cysteine-rich domain		TMPRSS2 (NM_001135099) - ERG (NM_004449) fusion: c.56-3573:TMPRSS2_c.39+64657:ERGdel | Protein Fusion: out of frame  {TMPRSS2:ERG}	NA
EVT-P-0057442-T01-IM6-878	P-0057442-T01-IM6		TMPRSS2-ERG	ERG	in-frame	five_prime	42866507	2	42	True	lost	0.0	False		Trypsin; Scavenger receptor cysteine-rich domain		TMPRSS2 (NM_001135099) - ERG (NM_182918) fusion: c.127-2:TMPRSS2_c.19-13865:ERGdel | Protein Fusion: in frame  {TMPRSS2:ERG}	NA
EVT-P-0057230-T01-IM6-879	P-0057230-T01-IM6		TMPRSS2-ERG	ERG	out-of-frame	five_prime	42872796	1	19	True	lost	0.0	False		Trypsin; Scavenger receptor cysteine-rich domain		TMPRSS2 (NM_001135099) - ERG (NM_004449): c.56-2680:TMPRSS2_c.40-57500:ERGdel | Protein Fusion: out of frame  {TMPRSS2:ERG}	NA
EVT-P-0056943-T01-IM6-881	P-0056943-T01-IM6		TMPRSS2-ERG	ERG	in-frame	five_prime	42866635	2	42	True	lost	0.0	False		Trypsin; Scavenger receptor cysteine-rich domain		TMPRSS2 (NM_001135099) - ERG (NM_004449) fusion: c.127-130:TMPRSS2_c.39+30573:ERGdel | Protein Fusion: in frame  {TMPRSS2:ERG}	NA
EVT-P-0056842-T01-IM6-882	P-0056842-T01-IM6		TMPRSS2-ERG	ERG	out-of-frame	five_prime	42871428	1	19	True	lost	0.0	False		Trypsin; Scavenger receptor cysteine-rich domain		TMPRSS2 (NM_001135099) - ERG (NM_004449) fusion: c.56-1312:TMPRSS2_c.39+19191:ERGdel | Protein Fusion: out of frame  {TMPRSS2:ERG}	NA
EVT-P-0056686-T01-IM6-883	P-0056686-T01-IM6		TMPRSS2-ERG	ERG	out-of-frame	five_prime	42872567	1	19	True	lost	0.0	False		Trypsin; Scavenger receptor cysteine-rich domain		TMPRSS2 (NM_001135099) - ERG (NM_004449) fusion: c.56-2451:TMPRSS2_c.39+33288:ERGdel | Protein Fusion: out of frame  {TMPRSS2:ERG}	NA
EVT-P-0049886-T01-IM6-884	P-0049886-T01-IM6		TMPRSS2-ERG	ERG	out-of-frame	five_prime	42873996	1	19	True	lost	0.0	False		Trypsin; Scavenger receptor cysteine-rich domain		TMPRSS2 (NM_001135099) - ERG (NM_182918) rearrangement: c.56-3880:TMPRSS2_c.18+26025:ERGdel | Protein Fusion: out of frame  {TMPRSS2:ERG}	NA
EVT-P-0056372-T01-IM6-885	P-0056372-T01-IM6		TMPRSS2-ERG	ERG	out-of-frame	five_prime	42872199	1	19	True	lost	0.0	False		Trypsin; Scavenger receptor cysteine-rich domain		TMPRSS2 (NM_001135099) - ERG (NM_182918) fusion: c.56-2083:TMPRSS2_c.19-5154:ERGdel | Protein Fusion: out of frame  {TMPRSS2:ERG}	NA
EVT-P-0069761-T01-IM7-886	P-0069761-T01-IM7		TMPRSS2-ERG	ERG	out-of-frame	five_prime	42877306	1	19	True	lost	0.0	False		Trypsin; Scavenger receptor cysteine-rich domain		TMPRSS2 (NM_001135099) - ERG (NM_004449) fusion: c.55+2571:TMPRSS2_c.39+5142:ERGdel | Protein Fusion: out of frame  {TMPRSS2:ERG}	NA
EVT-P-0056177-T01-IM6-887	P-0056177-T01-IM6		TMPRSS2-ERG	ERG	in-frame	five_prime	42869025	2	42	True	lost	0.0	False		Trypsin; Scavenger receptor cysteine-rich domain		TMPRSS2 (NM_001135099) - ERG (NM_004449) fusion: c.126+1021:TMPRSS2_c.39+39009:ERGdel | Protein Fusion: in frame  {TMPRSS2:ERG}	NA
EVT-P-0055712-T01-IM6-888	P-0055712-T01-IM6		TMPRSS2-ERG	ERG	out-of-frame	five_prime	42875362	1	19	True	lost	0.0	False		Trypsin; Scavenger receptor cysteine-rich domain		TMPRSS2 (NM_001135099) - ERG (NM_182918) fusion: c.55+4515:TMPRSS2_c.19-16886:ERGdel | Protein Fusion: out of frame  {TMPRSS2:ERG}	NA
EVT-P-0055707-T01-IM6-889	P-0055707-T01-IM6		TMPRSS2-ERG	ERG	out-of-frame	five_prime	42874865	1	19	True	lost	0.0	False		Trypsin; Scavenger receptor cysteine-rich domain		TMPRSS2 (NM_001135099) - ERG (NM_004449) fusion: c.56-4749:TMPRSS2_c.40-59348:ERGdel | Protein Fusion: out of frame  {TMPRSS2:ERG}	NA
EVT-P-0050249-T01-IM6-890	P-0050249-T01-IM6		TMPRSS2-ERG	ERG	out-of-frame	five_prime	42878888	1	19	True	lost	0.0	False		Trypsin; Scavenger receptor cysteine-rich domain		TMPRSS2 (NM_001135099) - ERG (NM_182918) rearrangement: c.55+989:TMPRSS2_c.19-20075:ERGdel | Protein Fusion: out of frame  {TMPRSS2:ERG}	NA
EVT-P-0050285-T01-IM6-891	P-0050285-T01-IM6		TMPRSS2-ERG	ERG	out-of-frame	five_prime	42870262	1	19	True	lost	0.0	False		Trypsin; Scavenger receptor cysteine-rich domain		TMPRSS2 (NM_001135099) - ERG (NM_004449) rearrangement: c.56-146:TMPRSS2_c.39+53629:ERGdel | Protein Fusion: out of frame  {TMPRSS2:ERG}	NA
EVT-P-0050289-T01-IM6-892	P-0050289-T01-IM6		TMPRSS2-ERG	ERG	out-of-frame	five_prime	42872737	1	19	True	lost	0.0	False		Trypsin; Scavenger receptor cysteine-rich domain		TMPRSS2 (NM_001135099) - ERG (NM_004449) rearrangement: c.56-2621:TMPRSS2_c.40-59203:ERGdel | Protein Fusion: out of frame  {TMPRSS2:ERG}	NA
EVT-P-0050352-T01-IM6-893	P-0050352-T01-IM6		TMPRSS2-ERG	ERG	out-of-frame	five_prime	42875305	1	19	True	lost	0.0	False		Trypsin; Scavenger receptor cysteine-rich domain		TMPRSS2 (NM_001135099) - ERG (NM_004449) rearrangement: c.55+4572:TMPRSS2_c.39+11100:ERGdel | Protein Fusion: out of frame  {TMPRSS2:ERG}	NA
EVT-P-0050445-T01-IM6-894	P-0050445-T01-IM6		TMPRSS2-ERG	ERG	out-of-frame	five_prime	42874836	1	19	True	lost	0.0	False		Trypsin; Scavenger receptor cysteine-rich domain		TMPRSS2 (NM_001135099) - ERG (NM_182918) rearrangement: c.56-4720:TMPRSS2_c.18+6052:ERGdel | Protein Fusion: out of frame  {TMPRSS2:ERG}	NA
EVT-P-0002990-T04-IM6-895	P-0002990-T04-IM6		TMPRSS2-ERG	ERG	in-frame	five_prime	42869168	2	42	True	lost	0.0	False		Trypsin; Scavenger receptor cysteine-rich domain		TMPRSS2 (NM_001135099) - ERG (NM_004449) Fusion (TMPRSS2 exon2 with ERG exon4) : c.126+878:TMPRSS2_c.40-63033:ERGdel | Protein Fusion: in frame  {TMPRSS2:ERG}	NA
EVT-P-0050552-T01-IM6-896	P-0050552-T01-IM6		TMPRSS2-ERG	ERG	out-of-frame	five_prime	42872979	1	19	True	lost	0.0	False		Trypsin; Scavenger receptor cysteine-rich domain		TMPRSS2 (NM_001135099) - ERG (NM_182918) fusion: c.56-2863:TMPRSS2_c.18+17272:ERGdel | Protein Fusion: out of frame  {TMPRSS2:ERG}	NA
EVT-P-0055684-T01-IM6-897	P-0055684-T01-IM6		TMPRSS2-ERG	ERG	in-frame	five_prime	42869269	2	42	True	lost	0.0	False		Trypsin; Scavenger receptor cysteine-rich domain		TMPRSS2 (NM_001135099) - ERG (NM_182918) fusion: c.126+777:TMPRSS2_c.18+13124:ERGdel | Protein Fusion: in frame  {TMPRSS2:ERG}	NA
EVT-P-0050705-T01-IM6-898	P-0050705-T01-IM6		TMPRSS2-ERG	ERG	out-of-frame	five_prime	42873192	1	19	True	lost	0.0	False		Trypsin; Scavenger receptor cysteine-rich domain		TMPRSS2 (NM_001135099) - ERG (NM_004449) fusion: c.56-3076:TMPRSS2_c.40-61823:ERGdel | Protein Fusion: out of frame  {TMPRSS2:ERG}	NA
EVT-P-0050970-T01-IM6-899	P-0050970-T01-IM6		TMPRSS2-ERG	ERG	out-of-frame	five_prime	42871401	1	19	True	lost	0.0	False		Trypsin; Scavenger receptor cysteine-rich domain		TMPRSS2 (NM_001135099) - ERG (NM_004449) rearrangement: c.56-1285:TMPRSS2_c.39+1199:ERGdel | Protein Fusion: out of frame  {TMPRSS2:ERG}	NA
EVT-P-0055685-T01-IM6-900	P-0055685-T01-IM6		TMPRSS2-ERG	ERG	out-of-frame	five_prime	42872365	1	19	True	lost	0.0	False		Trypsin; Scavenger receptor cysteine-rich domain		TMPRSS2 (NM_001135099) - ERG (NM_004449) fusion: c.56-2249:TMPRSS2_c.39+18916:ERGdel | Protein Fusion: out of frame  {TMPRSS2:ERG}	NA
EVT-P-0040749-T01-IM6-901	P-0040749-T01-IM6		TMPRSS2-ERG	ERG	in-frame	five_prime	42867570	2	42	True	lost	0.0	False		Trypsin; Scavenger receptor cysteine-rich domain		TMPRSS2 (NM_001135099) - ERG (NM_004449) fusion: c.127-1065:TMPRSS2_c.39+63388:ERGdel | Protein Fusion: in frame  {TMPRSS2:ERG}	NA
EVT-P-0009640-T01-IM5-902	P-0009640-T01-IM5		TMPRSS2-ETV1	ETV1	out-of-frame	five_prime	42867532	2	42	True	lost	0.0	False		Trypsin; Scavenger receptor cysteine-rich domain		TMPRSS2 (NM_001135099) - ETV1 (NM_001163147) fusion (TMPRSS2 exons 1-2 fused with ETV1 exons 2-12): t(7;21)(p21.2;q22.3)(chr7:g.14024122::chr21:g.42867532) | Protein fusion: out of frame (TMPRSS2-ETV1)	NA
EVT-P-0049966-T01-IM6-903	P-0049966-T01-IM6		TMPRSS2-ETV1	ETV1	in-frame	five_prime	42872833	1	19	True	lost	0.0	False		Trypsin; Scavenger receptor cysteine-rich domain		TMPRSS2 (NM_001135099) - ETV1 (NM_001163147) fusion: t(7;21)(p21.2;q22.3)(chr7:g.14007075::chr21:g.42872833) | Protein Fusion: in frame  {TMPRSS2:ETV1}	NA
EVT-P-0002398-T01-IM3-904	P-0002398-T01-IM3		TMPRSS2-ETV1	ETV1	out-of-frame	five_prime	42867877	2	42	True	lost	0.0	False		Trypsin; Scavenger receptor cysteine-rich domain		TMPRSS2 (NM_001135099) - ETV1 (NM_001163147) Translocation :   t(21;7)(q22.3;p21.2)(chr21:g.42867877::chr7:g.13988492) | Protein fusion: out of frame (TMPRSS2-ETV1)	NA
EVT-P-0021254-T01-IM6-905	P-0021254-T01-IM6		TMPRSS2-ETV1	ETV1	in-frame	five_prime	42874388	1	19	True	lost	0.0	False		Trypsin; Scavenger receptor cysteine-rich domain		TMPRSS2 (NM_001135099) - ETV1 (NM_001163147) fusion (TMPRSS2 exons 1 fused to ETV1 exons 6-12):  t(7;21)(p21.2;q22.3)(chr7:g.14016215::chr21:g.42874388) | Protein Fusion: in frame  {TMPRSS2:ETV1}	NA
EVT-P-0002398-T03-IM6-906	P-0002398-T03-IM6		TMPRSS2-ETV1	ETV1	out-of-frame	five_prime	42867878	2	42	True	lost	0.0	False		Trypsin; Scavenger receptor cysteine-rich domain		TMPRSS2 (NM_001135099) - ETV1 (NM_001163147) fusion: t(7;21)(p21.2;q22.3)(chr7:g.13988492::chr21:g.42867878) | Protein Fusion: out of frame  {TMPRSS2:ETV1}	NA
EVT-P-0065149-T01-IM7-907	P-0065149-T01-IM7		TMPRSS2-ETV1	ETV1	in-frame	five_prime	42872304	1	19	True	lost	0.0	False		Trypsin; Scavenger receptor cysteine-rich domain		TMPRSS2 (NM_001135099) - ETV1 (NM_001163147) fusion: t(7;21)(p21.2;q22.3)(chr7:g.14018849::chr21:g.42872304) | Protein Fusion: in frame  {TMPRSS2:ETV1}	NA
EVT-P-0001449-T01-IM3-908	P-0001449-T01-IM3		TMPRSS2-ETV1	ETV1	in-frame	five_prime	42871486	1	19	True	lost	0.0	False		Trypsin; Scavenger receptor cysteine-rich domain		None | Protein fusion: in frame (TMPRSS2-ETV1)	NA
EVT-P-0001449-T02-IM5-909	P-0001449-T02-IM5		TMPRSS2-ETV1	ETV1	in-frame	five_prime	42871485	1	19	True	lost	0.0	False		Trypsin; Scavenger receptor cysteine-rich domain		TMPRSS2 (NM_001135099) - ETV1 (NM_001163147) Fusion  (TMPRSS2 exon 1 fused with ETV1 exon 6) :  t(21;7)(q22.3;p21.2)(chr21:g.42871485::chr7:g.14003184) | Protein fusion: in frame (TMPRSS2-ETV1)	NA
EVT-P-0001449-T03-IM6-910	P-0001449-T03-IM6		TMPRSS2-ETV1	ETV1	in-frame	five_prime	42871485	1	19	True	lost	0.0	False		Trypsin; Scavenger receptor cysteine-rich domain		TMPRSS2 (NM_001135099) - ETV1 (NM_001163147) fusion (TMPRSS2 exon 1 fused in-frame to ETV1 exons 6-12): t(7;21)(p21.2;q22.3)(chr7:g.14003185::chr21:g.42871485) | Protein fusion: in frame (TMPRSS2-ETV1)	NA
EVT-P-0002398-T02-IM3-911	P-0002398-T02-IM3		TMPRSS2-ETV1	ETV1	out-of-frame	five_prime	42867877	2	42	True	lost	0.0	False		Trypsin; Scavenger receptor cysteine-rich domain		NA | Protein fusion: out of frame (TMPRSS2-ETV1)	NA
EVT-P-0033554-T01-IM6-912	P-0033554-T01-IM6		TMPRSS2-ETV1	ETV1	in-frame	five_prime	42871598	1	19	True	lost	0.0	False		Trypsin; Scavenger receptor cysteine-rich domain		TMPRSS2 (NM_001135099) - ETV1 (NM_001163147) fusion (TMPRSS2 exon 1 fused to ETV1 exon 6-12):t(7;21)(p21.2;q22.3)(chr7:g.13992250::chr21:g.42871598) | Protein Fusion: in frame  {TMPRSS2:ETV1}	NA
EVT-P-0026152-T01-IM6-913	P-0026152-T01-IM6		TMPRSS2-ETV1	ETV1	in-frame	five_prime	42872732	1	19	True	lost	0.0	False		Trypsin; Scavenger receptor cysteine-rich domain		TMPRSS2 (NM_005656) and ETV1 (NM_001163147) Fusion (TMPRSS2 exon2 with ETV1 exon5) : t(7;21)(p21.3;q22.2)(chr7:g.14017550::chr21:g.42872732) | Protein Fusion: in frame  {TMPRSS2:ETV1}	NA
EVT-P-0009640-T02-IM6-914	P-0009640-T02-IM6		TMPRSS2-ETV1	ETV1	out-of-frame	five_prime	42867556	2	42	True	lost	0.0	False		Trypsin; Scavenger receptor cysteine-rich domain		TMPRSS2 (NM_001135099) - ETV1 (NM_001163147) Fusion (TMPRSS2 exons 1-2 fused with ETV1 exons 5-12):  t(7;21)(p21.2;q22.3)(chr7:g.14024117::chr21:g.42867556) | Protein fusion: out of frame (TMPRSS2-ETV1)	NA
EVT-P-0008669-T01-IM5-915	P-0008669-T01-IM5		TMPRSS2-ETV1	ETV1	in-frame	five_prime	42872919	1	19	True	lost	0.0	False		Trypsin; Scavenger receptor cysteine-rich domain		TMPRSS2 (NM_001135099) - ETV1 (NM_001163147) in frame fusion (TMPRSS2 exon 1 fused with ETV1 exons 7-12): t(7;21)(p21.2;q22.3)(chr7:g.13999067::chr21:g.42872919) | Protein fusion: in frame (TMPRSS2-ETV1)	NA
EVT-P-0016812-T01-IM6-917	P-0016812-T01-IM6		TMPRSS2-ETV4	ETV4	unknown	five_prime	42867167	2	42	True	lost	0.0	False		Trypsin; Scavenger receptor cysteine-rich domain		TMPRSS2 (NM_001135099) - ETV4 (NM_001986) rearrangement : t(17;21)(q21.31;q22.3)(chr17:g.41623968::chr21:g.42867167) | Transcript Fusion {TMPRSS2:ETV4}	NA
EVT-P-0024686-T01-IM6-919	P-0024686-T01-IM6		TMPRSS2-ETV4	ETV4	unknown	five_prime	42840400	12	450	False	disrupted	0.6899563318777293	True	Scavenger receptor cysteine-rich domain		Trypsin	TMPRSS2 (NM_001135099) - ETV4 (NM_001986) rearrangement: t(17;21)(q21.31;q22.3)(chr17:g.41615041::chr21:g.42840400) | Protein Fusion: mid-exon  {TMPRSS2:ETV4}	NA
EVT-P-0024686-T02-IM6-920	P-0024686-T02-IM6		TMPRSS2-ETV4	ETV4	unknown	five_prime	42840400	12	450	False	disrupted	0.6899563318777293	True	Scavenger receptor cysteine-rich domain		Trypsin	TMPRSS2 (NM_001135099) - ETV4 (NM_001986) rearrangement: t(17;21)(q21.31;q22.3)(chr17:g.41615041::chr21:g.42840400) | Protein Fusion: mid-exon  {TMPRSS2:ETV4}	NA
EVT-P-0050644-T01-IM6-921	P-0050644-T01-IM6		TMPRSS2-ETV5	ETV5	in-frame	five_prime	42874002	1	19	True	lost	0.0	False		Trypsin; Scavenger receptor cysteine-rich domain		TMPRSS2 (NM_001135099) - ETV5 (NM_004454) fusion: t(3;21)(q27.2;q22.3)(chr3:g.185800964::chr21:g.42874002) | Protein Fusion: in frame  {TMPRSS2:ETV5}	NA
EVT-P-0011198-T01-IM5-922	P-0011198-T01-IM5		TMPRSS2-ETV5	ETV5	unknown	five_prime	42867761	2	42	True	lost	0.0	False		Trypsin; Scavenger receptor cysteine-rich domain		TMPRSS2 (NM_001135099) - ETV5 (NM_004454) rearrangement : t(3;21)(q27.2;q22.3)(chr3:g.185827438::chr21:g.42867761) | Transcript fusion (TMPRSS2-ETV5)	NA
EVT-P-0011198-T02-IM6-923	P-0011198-T02-IM6		TMPRSS2-ETV5	ETV5	unknown	five_prime	42867759	2	42	True	lost	0.0	False		Trypsin; Scavenger receptor cysteine-rich domain		TMPRSS2 (NM_001135099) - ETV5 (NM_004454) rearrangement : t(3;21)(q27.2;q22.3)(chr3:g.185827431::chr21:g.42867759) | Transcript fusion (TMPRSS2-ETV5)	NA
EVT-P-0061363-T01-IM7-924	P-0061363-T01-IM7		TMPRSS2-ETV5	ETV5	in-frame	five_prime	42871463	1	19	True	lost	0.0	False		Trypsin; Scavenger receptor cysteine-rich domain		TMPRSS2 (NM_001135099) - ETV5 (NM_004454) fusion: t(3;21)(q27.2;q22.3)(chr3:g.185809171::chr21:g.42871463) | Protein Fusion: in frame  {TMPRSS2:ETV5}	NA
EVT-P-0017987-T01-IM6-925	P-0017987-T01-IM6		TMPRSS2-FIRRM	FIRRM	out-of-frame	three_prime	42871817	2	19	True	retained	1.0	False	Trypsin; Scavenger receptor cysteine-rich domain			C1orf112 (NM_018186) - TMPRSS2 (NM_001135099) rearrangement: t(1;21)(q24.2;q22.3)(chr1:g.169817552::chr21:g.42871817) | Protein Fusion: out of frame  {C1orf112:TMPRSS2}	NA
EVT-P-0022557-T01-IM6-926	P-0022557-T01-IM6		TMPRSS2-FOXP1	FOXP1	out-of-frame	five_prime	42869050	2	42	True	lost	0.0	False		Trypsin; Scavenger receptor cysteine-rich domain		TMPRSS2 (NM_001135099) - FOXP1 (NM_001244814) rearrangement: t(3;21)(p13;q22.3)(chr3:g.71060348::chr21:g.:42869050) | Protein Fusion: out of frame  {TMPRSS2:FOXP1}	NA
EVT-P-0042680-T01-IM6-927	P-0042680-T01-IM6		TMPRSS2-GCOM1	GCOM1	out-of-frame	five_prime	42877616	1	19	True	lost	0.0	False		Trypsin; Scavenger receptor cysteine-rich domain		TMPRSS2 (NM_001135099) - GCOM1 (NM_001018090) rearrangement: t(15;21)(q21.3;q22.3)(chr15:g.57940741::chr21:g.42877616) | Protein Fusion: out of frame  {TMPRSS2:GCOM1}	NA
EVT-P-0057981-T01-IM6-931	P-0057981-T01-IM6		TMPRSS2-KRTAP10-4	KRTAP10-4	unknown	five_prime	42843843	10	359	False	disrupted	0.2925764192139738	True	Scavenger receptor cysteine-rich domain		Trypsin	TMPRSS2 (NM_001135099) - KRTAP10-4 (NM_198687) rearrangement: c.1076:TMPRSS2_c.1048:KRTAP10-4inv | Protein Fusion: mid-exon  {TMPRSS2:KRTAP10-4}	NA
EVT-P-0018003-T01-IM6-934	P-0018003-T01-IM6		TMPRSS2-LSS	LSS	unknown	five_prime	42870263	1	19	True	lost	0.0	False		Trypsin; Scavenger receptor cysteine-rich domain		TMPRSS2 (NM_001135099) - LSS (NM_001001438) rearrangement: c.56-147:TMPRSS2_c.1951:LSSdup | Protein Fusion: mid-exon  {TMPRSS2:LSS}	NA
EVT-P-0052122-T01-IM6-935	P-0052122-T01-IM6		TMPRSS2-MGA	MGA	in-frame	five_prime	42851086	7	265	True	lost	0.0	False		Trypsin	Scavenger receptor cysteine-rich domain	TMPRSS2 (NM_001135099) - MGA (NM_001164273) rearrangement: t(15;21)(q15.1;q22.3)(chr15:g.41968006::chr21:g.42851086) | Protein Fusion: in frame  {TMPRSS2:MGA}	NA
EVT-P-0008304-T01-IM5-936	P-0008304-T01-IM5		TMPRSS2-MYL5	MYL5	unknown	three_prime	42871261	2	19	True	retained	1.0	False	Trypsin; Scavenger receptor cysteine-rich domain			MYL5 (NM_002477) - TMPRSS2 (NM_001135099) rearrangement : t(4;21)(p16.3;q22.3)(chr4:g.674327::chr21:g.42871261) | Protein fusion: mid-exon (MYL5-TMPRSS2)	NA
EVT-P-0006837-T01-IM5-937	P-0006837-T01-IM5		TMPRSS2-NLGN1	NLGN1	in-frame	three_prime	42872495	2	19	True	retained	1.0	False	Trypsin; Scavenger receptor cysteine-rich domain			TMPRSS2(NM_001135099.1) - NLGN1(NM_014932.2) translocation :  t(3;21)(q26.31;q22.3)(c.647-57117:NLGN1::c.56-2379:TMPRSS2) | Protein fusion: in frame (NLGN1-TMPRSS2)	NA
EVT-P-0006837-T02-IM5-938	P-0006837-T02-IM5		TMPRSS2-NLGN1	NLGN1	in-frame	three_prime	42872495	2	19	True	retained	1.0	False	Trypsin; Scavenger receptor cysteine-rich domain			NLGN1 (NM_014932) - TMPRSS2 (NM_001135099) rearrangement: t(3;21)(q26.31;q22.3)(chr3:g.173935988::chr21:g.42872495) | Protein fusion: in frame (NLGN1-TMPRSS2)	NA
EVT-P-0002901-T01-IM3-939	P-0002901-T01-IM3		TMPRSS2-NR3C2	NR3C2	out-of-frame	three_prime	42869155	3	43	True	retained	1.0	False	Trypsin; Scavenger receptor cysteine-rich domain			NA | Protein fusion: out of frame (NR3C2-TMPRSS2)	NA
EVT-P-0016877-T01-IM6-940	P-0016877-T01-IM6		TMPRSS2-NSUN4	NSUN4	unknown	three_prime	42866769	3	43	True	retained	1.0	False	Trypsin; Scavenger receptor cysteine-rich domain			TMPRSS2 (NM_001135099) rearrangement: t(1;21)(p33;q22.3)(chr1:g.46831834::chr21:g.42866769) | Transcript Fusion {NSUN4:TMPRSS2}	NA
EVT-P-0034865-T01-IM6-941	P-0034865-T01-IM6		TMPRSS2-OSBPL1A	OSBPL1A	in-frame	three_prime	42874744	2	19	True	retained	1.0	False	Trypsin; Scavenger receptor cysteine-rich domain			OSBPL1A (NM_080597) - TMPRSS2 (NM_001135099) rearrangement: t(18;21)(q11.2;q22.3)(chr18:g.21746075::chr21:g.42874744) | Protein Fusion: in frame  {OSBPL1A:TMPRSS2}	NA
EVT-P-0044288-T01-IM6-943	P-0044288-T01-IM6		TMPRSS2-PALS1	PALS1	in-frame	five_prime	42869498	2	42	True	lost	0.0	False		Trypsin; Scavenger receptor cysteine-rich domain		TMPRSS2 (NM_001135099) - MPP5 (NM_022474) rearrangement: t(14;21)(q23.3;q22.3)(chr14:g.67791033::chr21:g.42869498) | Protein Fusion: in frame  {TMPRSS2:MPP5}	NA
EVT-P-0021282-T01-IM6-948	P-0021282-T01-IM6		TMPRSS2-PLCD3	PLCD3	unknown	three_prime	42843839	10	360	False	disrupted	0.7074235807860262	True		Scavenger receptor cysteine-rich domain	Trypsin	PLCD3 (NM_133373) - TMPRSS2 (NM_001135099) rearrangement: t(17;21)(q21.31;q22.3)(chr17:g.43207457::chr21:g.42843839) | Protein Fusion: mid-exon  {PLCD3:TMPRSS2}	NA
EVT-P-0045861-T02-IM6-951	P-0045861-T02-IM6		TMPRSS2-PRDM15	PRDM15	unknown	five_prime	42860378	5	167	False	lost	0.0	False		Trypsin; Scavenger receptor cysteine-rich domain		TMPRSS2 (NM_001135099) - PRDM15 (NM_022115) rearrangement: c.499:TMPRSS2_c.3358+1356:PRDM15dup | Protein Fusion: mid-exon  {TMPRSS2:PRDM15}	NA
EVT-P-0012030-T01-IM5-952	P-0012030-T01-IM5		TMPRSS2-RBPMS2	RBPMS2	out-of-frame	five_prime	42870183	1	19	True	lost	0.0	False		Trypsin; Scavenger receptor cysteine-rich domain		TMPRSS2 (NM_001135099) - RBPMS2 (NM_194272) rearrangement : t(15;21)(q22.31;q22.3)(chr15:g.65037007::chr21:g.42870183) | Protein fusion: out of frame (TMPRSS2-RBPMS2)	NA
EVT-P-0000224-T01-IM3-953	P-0000224-T01-IM3		TMPRSS2-RIPK4	RIPK4	in-frame	three_prime	42871370	2	19	True	retained	1.0	False	Trypsin; Scavenger receptor cysteine-rich domain			TMPRSS2 (NM_001135099) - RIPK4 (NM_012309) 297750bp Deletion:  c.56-1254G_c.1632-813del | Protein fusion: in frame (RIPK4-TMPRSS2)	NA
EVT-P-0009835-T01-IM5-954	P-0009835-T01-IM5		TMPRSS2-RIPK4	RIPK4	out-of-frame	five_prime	42870405	1	19	True	lost	0.0	False		Trypsin; Scavenger receptor cysteine-rich domain		TMPRSS2 (NM_001135099) - RIPK4 (NM_020639) rearrangement: c.56-289:TMPRSS2_c.474+2297:RIPK4dup | Protein fusion: out of frame (TMPRSS2-RIPK4)	NA
EVT-P-0020013-T01-IM6-960	P-0020013-T01-IM6		TMPRSS2-SEPTIN11	SEPTIN11	out-of-frame	five_prime	42872227	1	19	True	lost	0.0	False		Trypsin; Scavenger receptor cysteine-rich domain		TMPRSS2 (NM_001135099) - SEPT11 (NM_018243) rearrangement: t(4;21)(q21.1;q22.3)(chr4:g.77953453::chr21:g.42872227) | Protein Fusion: out of frame  {TMPRSS2:SEPT11}	NA
EVT-P-0015850-T01-IM6-961	P-0015850-T01-IM6		TMPRSS2-SGMS2	SGMS2	unknown	three_prime	42840444	12	435	False	disrupted	0.3799126637554585	True		Scavenger receptor cysteine-rich domain	Trypsin	NA | Protein Fusion: mid-exon  {SGMS2:TMPRSS2}	NA
EVT-P-0045039-T01-IM6-962	P-0045039-T01-IM6		TMPRSS2-SH3GL3	SH3GL3	in-frame	five_prime	42872075	1	19	True	lost	0.0	False		Trypsin; Scavenger receptor cysteine-rich domain		TMPRSS2 (NM_001135099) - SH3GL3 (NM_003027) rearrangement: t(15;21)(q25.2;q22.3)(chr15:g.84263952::chr21:g.42872075) | Protein Fusion: in frame  {TMPRSS2:SH3GL3}	NA
EVT-P-0003001-T01-IM3-963	P-0003001-T01-IM3		TMPRSS2-SIK1	SIK1	out-of-frame	five_prime	42870635	1	19	True	lost	0.0	False		Trypsin; Scavenger receptor cysteine-rich domain		NA | Protein fusion: out of frame (TMPRSS2-SIK1)	NA
EVT-P-0025823-T01-IM6-964	P-0025823-T01-IM6		TMPRSS2-SIMC1	SIMC1	in-frame	three_prime	42870360	2	19	True	retained	1.0	False	Trypsin; Scavenger receptor cysteine-rich domain			TMPRSS2 (NM_023034) - SIMC1 (NM_001308195) rearrangement: t(5;21)(q35.2;q22.3)(chr5:g.175765852::chr21:g.42870360) | Protein Fusion: in frame  {SIMC1:TMPRSS2}	NA
EVT-P-0022189-T01-IM6-965	P-0022189-T01-IM6		TMPRSS2-SKIL	SKIL	unknown	five_prime	42867710	2	42	True	lost	0.0	False		Trypsin; Scavenger receptor cysteine-rich domain		TMPRSS2 (NM_001135099) - SKIL (NM_001248008) rearrangement: t(3;21)(q26.2;q22.3)(chr3:g.170075134::chr21:g.42867710) | Transcript Fusion {TMPRSS2:SKIL}	NA
EVT-P-0036960-T01-IM6-967	P-0036960-T01-IM6		TMPRSS2-SLC60A1	SLC60A1	in-frame	three_prime	42867222	3	43	True	retained	1.0	False	Trypsin; Scavenger receptor cysteine-rich domain			MFSD4 (NM_181644) - TMPRSS2 (NM_001135099) rearrangement: t(1;21)(q32.1;q22.3)(chr1:g.205560208::chr21:g.42867222) | Protein Fusion: in frame  {MFSD4:TMPRSS2}	NA
EVT-P-0030872-T01-IM6-1125	P-0030872-T01-IM6		TMPRSS2-TSPAN4	TSPAN4	unknown	three_prime	42867997	3	43	True	retained	1.0	False	Trypsin; Scavenger receptor cysteine-rich domain			TPAN4 (NM_001025238) - TMPRSS2 (NM_001135099) rearrangement: t(11;21)(p15.5;q22.3)(chr11:g.:865773::chr21:g.42867997) | Protein Fusion: mid-exon  {TSPAN4:TMPRSS2}	NA
EVT-P-0015026-T01-IM6-1127	P-0015026-T01-IM6		TMPRSS2-U2AF1	U2AF1	out-of-frame	five_prime	42871248	1	19	True	lost	0.0	False		Trypsin; Scavenger receptor cysteine-rich domain		TMPRSS2 (NM_001135099) - U2AF1 (NM_006758) rearrangement: c.56-1132:TMPRSS2_c.44+1088:U2AF1dup | Protein fusion: out of frame (TMPRSS2-U2AF1)	NA
EVT-P-0066629-T01-IM7-1132	P-0066629-T01-IM7		TMPRSS2-ZNF827	ZNF827	out-of-frame	five_prime	42868560	2	42	True	lost	0.0	False		Trypsin; Scavenger receptor cysteine-rich domain		TMPRSS2 (NM_001135099) - ZNF827 (NM_178835) rearrangement: t(4;21)(q31.21;q22.3)(chr4:g.146791927::chr21:g.42868560) | Protein Fusion: out of frame  {TMPRSS2:ZNF827}	NA
